presentationsfile version 1
 47
prsnt_game_credits 1 53 2
-60.000000  21 2133 2 144115188075856399 -1 2133 2 144115188075856400 -1 2133 2 144115188075856401 -1 2133 2 144115188075856402 -1 2133 2 144115188075856403 -1 2133 2 144115188075856404 -1 2133 2 144115188075856405 -1 2133 2 144115188075856406 -1 2133 2 144115188075856407 -1 2133 2 144115188075856408 -1 2133 2 144115188075856409 -1 2133 2 144115188075856410 -1 2133 2 144115188075856411 0 2133 2 144115188075856412 0 2133 2 144115188075856413 0 2133 2 144115188075856414 0 2133 2 144115188075856415 0 2133 2 144115188075856416 0 2133 2 144115188075856417 0 2133 2 144115188075856418 0 2133 2 144115188075856419 0 
-61.000000  228 2071 1 1224979098644774912 2124 1 1000 902 1 1000000 4 0 1073741895 1 57 1073741895 1 28 1073741895 1 1 1073741895 1 14 1073741895 1 224 1073741895 1 225 1073741895 1 252 71 1 253 902 1 0 3 0 4 0 2147483678 2 144115188075856399 0 2320 2 1 216172782113785445 910 3 144115188075856399 1 6160 921 2 144115188075856399 0 922 2 144115188075856399 0 729 2 1 1500 730 2 1 1500 925 2 144115188075856399 1 729 2 1 500 730 2 1 375 926 2 144115188075856399 1 933 3 144115188075856399 1000 255 5 0 32 2 1224979098644774912 2000 31 2 144115188075856411 0 2133 2 144115188075856411 1 933 3 144115188075856399 1000 0 5 0 32 2 1224979098644774912 3500 2147483678 2 144115188075856400 0 2320 2 1 216172782113785446 910 3 144115188075856400 1 6160 921 2 144115188075856400 0 922 2 144115188075856400 0 729 2 1 1750 730 2 1 1750 925 2 144115188075856400 1 729 2 1 500 730 2 1 375 926 2 144115188075856400 1 933 3 144115188075856400 1000 255 5 0 32 2 1224979098644774912 5500 31 2 144115188075856412 0 2133 2 144115188075856412 1 933 3 144115188075856400 1000 0 5 0 32 2 1224979098644774912 7000 2147483678 2 144115188075856401 0 2320 2 1 216172782113785447 910 3 144115188075856401 1 6160 921 2 144115188075856401 0 922 2 144115188075856401 0 729 2 1 1750 730 2 1 1750 925 2 144115188075856401 1 729 2 1 500 730 2 1 375 926 2 144115188075856401 1 933 3 144115188075856401 1000 255 5 0 32 2 1224979098644774912 9000 31 2 144115188075856413 0 2133 2 144115188075856413 1 933 3 144115188075856401 1000 0 5 0 32 2 1224979098644774912 10500 2147483678 2 144115188075856402 0 2320 2 1 216172782113785448 910 3 144115188075856402 1 6160 921 2 144115188075856402 0 922 2 144115188075856402 0 729 2 1 1750 730 2 1 1750 925 2 144115188075856402 1 729 2 1 500 730 2 1 375 926 2 144115188075856402 1 933 3 144115188075856402 1000 255 5 0 32 2 1224979098644774912 12500 31 2 144115188075856414 0 2133 2 144115188075856414 1 933 3 144115188075856402 1000 0 5 0 32 2 1224979098644774912 14000 2147483678 2 144115188075856403 0 2320 2 1 216172782113785449 910 3 144115188075856403 1 6160 921 2 144115188075856403 0 922 2 144115188075856403 0 729 2 1 1750 730 2 1 1750 925 2 144115188075856403 1 729 2 1 500 730 2 1 375 926 2 144115188075856403 1 933 3 144115188075856403 1000 255 5 0 32 2 1224979098644774912 16000 31 2 144115188075856415 0 2133 2 144115188075856415 1 933 3 144115188075856403 1000 0 5 0 32 2 1224979098644774912 17500 2147483678 2 144115188075856404 0 2320 2 1 216172782113785450 910 3 144115188075856404 1 6160 921 2 144115188075856404 0 922 2 144115188075856404 0 729 2 1 1750 730 2 1 1750 925 2 144115188075856404 1 729 2 1 500 730 2 1 375 926 2 144115188075856404 1 933 3 144115188075856404 1000 255 5 0 32 2 1224979098644774912 19500 31 2 144115188075856416 0 2133 2 144115188075856416 1 933 3 144115188075856404 1000 0 5 0 32 2 1224979098644774912 21000 2147483678 2 144115188075856405 0 2320 2 1 216172782113785451 910 3 144115188075856405 1 6160 921 2 144115188075856405 0 922 2 144115188075856405 0 729 2 1 1750 730 2 1 1750 925 2 144115188075856405 1 729 2 1 500 730 2 1 375 926 2 144115188075856405 1 933 3 144115188075856405 1000 255 5 0 32 2 1224979098644774912 23000 31 2 144115188075856417 0 2133 2 144115188075856417 1 933 3 144115188075856405 1000 0 5 0 32 2 1224979098644774912 24500 2147483678 2 144115188075856406 0 2320 2 1 216172782113785452 910 3 144115188075856406 1 6160 921 2 144115188075856406 0 922 2 144115188075856406 0 729 2 1 1750 730 2 1 1750 925 2 144115188075856406 1 729 2 1 500 730 2 1 375 926 2 144115188075856406 1 933 3 144115188075856406 1000 255 5 0 32 2 1224979098644774912 26500 31 2 144115188075856418 0 2133 2 144115188075856418 1 933 3 144115188075856406 1000 0 5 0 32 2 1224979098644774912 28000 2147483678 2 144115188075856407 0 2320 2 1 216172782113785454 910 3 144115188075856407 1 6160 921 2 144115188075856407 0 922 2 144115188075856407 0 729 2 1 750 730 2 1 750 925 2 144115188075856407 1 729 2 1 250 730 2 1 485 926 2 144115188075856407 1 933 3 144115188075856407 1000 255 2320 2 1 216172782113785455 910 3 144115188075856408 1 6160 921 2 144115188075856408 0 922 2 144115188075856408 0 729 2 1 750 730 2 1 750 925 2 144115188075856408 1 729 2 1 750 730 2 1 470 926 2 144115188075856408 1 933 3 144115188075856408 1000 255 2320 2 1 216172782113785456 910 3 144115188075856409 1 6160 921 2 144115188075856409 0 922 2 144115188075856409 0 729 2 1 750 730 2 1 750 925 2 144115188075856409 1 729 2 1 500 730 2 1 105 926 2 144115188075856409 1 933 3 144115188075856409 1000 255 5 0 32 2 1224979098644774912 34000 31 2 144115188075856419 0 2133 2 144115188075856419 1 933 3 144115188075856407 1000 0 933 3 144115188075856408 1000 0 933 3 144115188075856409 1000 0 5 0 32 2 1224979098644774912 35500 2147483678 2 144115188075856410 0 2320 2 1 216172782113785453 910 3 144115188075856410 1 2064 921 2 144115188075856410 0 922 2 144115188075856410 255 729 2 1 1000 730 2 1 1000 925 2 144115188075856410 1 729 2 1 500 730 2 1 -4800 926 2 144115188075856410 1 729 2 1 500 730 2 1 760 937 3 144115188075856410 70000 1 5 0 32 2 1224979098644774912 105500 902 1 0 3 0 


prsnt_game_profile_banner_selection 0 53 2
-60.000000  44 2124 1 1000 2320 2 1 216172782113785611 910 3 72057594037927937 1 16 729 2 1 500 730 2 1 600 926 2 72057594037927937 1 920 2 72057594037927937 1 912 3 144115188075856420 1585267068834415668 16 729 2 1 700 730 2 1 50 926 2 144115188075856420 1 912 3 144115188075856421 216172782113785612 16 729 2 1 300 730 2 1 50 926 2 144115188075856421 1 2133 2 1224979098644774912 150 2133 2 1224979098644774913 575 2122 3 1224979098644774914 16 144115188075856423 2120 3 1224979098644774915 1224979098644774914 16 2120 3 144115188075856422 144115188075856421 1 2133 2 1224979098644774916 0 6 3 1224979098644774917 1441151880758558932 1441151880758559073 2133 2 1224979098644774918 0 6 3 1224979098644774919 432345564227567632 432345564227567639 542 3 1224979098644774919 15 1224979098644774917 2133 2 1224979098644774918 1 3 0 31 2 1224979098644774918 0 2105 2 1224979098644774916 1 32 2 1224979098644774916 1224979098644774914 2147483680 2 1224979098644774916 1224979098644774915 913 3 72057594037927937 1224979098644774917 1224979098644774917 729 2 1 1224979098644774912 730 2 1 1224979098644774913 926 2 72057594037927937 1 729 2 1 100 730 2 1 100 925 2 72057594037927937 1 2105 2 1224979098644774912 100 30 2 1224979098644774912 900 2133 2 1224979098644774912 150 2106 2 1224979098644774913 250 3 0 902 1 999999 
-62.000000  34 2071 1 1224979098644774912 4 0 31 2 1224979098644774912 144115188075856420 2105 2 144115188075856423 1 2109 2 144115188075856423 8 902 1 0 900 1 1513209474796486657 5 0 31 2 1224979098644774912 144115188075856421 351 1 -1 902 1 0 5 0 2121 3 1224979098644774913 1224979098644774912 144115188075856422 2122 3 1224979098644774914 16 144115188075856423 2105 2 1224979098644774913 1224979098644774914 2133 2 1224979098644774915 0 2133 2 1224979098644774916 1441151880758559073 6 3 1224979098644774917 1441151880758558932 1224979098644774916 2133 2 1224979098644774918 0 6 3 1224979098644774919 432345564227567632 432345564227567639 542 3 1224979098644774919 15 1224979098644774917 2133 2 1224979098644774918 1 3 0 31 2 1224979098644774918 0 4 0 31 2 1224979098644774913 1224979098644774915 2121 3 1224979098644774920 1224979098644774917 1441151880758558932 351 1 1224979098644774920 2133 2 1224979098644774916 0 3 0 2105 2 1224979098644774915 1 3 0 902 1 0 3 0 


prsnt_tutorial_show_mouse_movement 3 0 2
-60.000000  38 4 0 1073741855 2 144115188075856929 -1 31 2 144115188075856930 -1 902 1 0 5 0 2124 1 1000 2133 2 144115188075856986 144115188075856929 2133 2 144115188075856987 144115188075856930 2120 3 1224979098644774912 144115188075856929 1441151880758559228 911 2 72057594037927936 1224979098644774912 729 2 1 800 730 2 1 800 925 2 72057594037927936 1 729 2 1 380 730 2 1 500 926 2 72057594037927936 1 4 0 31 2 144115188075856930 0 911 2 72057594037927936 1441151880758559233 5 0 911 2 72057594037927936 1441151880758559234 3 0 729 2 1 800 730 2 1 800 925 2 72057594037927936 1 729 2 1 540 730 2 1 500 926 2 72057594037927936 1 911 2 72057594037927936 1441151880758559232 921 2 72057594037927936 16777215 729 2 1 600 730 2 1 600 925 2 72057594037927936 1 729 2 1 470 730 2 1 510 926 2 72057594037927936 1 902 1 999999 3 0 
-61.000000  10 4 0 3221225503 2 144115188075856986 144115188075856929 2147483679 2 144115188075856987 144115188075856930 902 1 0 4 0 30 2 144115188075856929 0 30 2 144115188075856930 0 900 1 1513209474796486658 3 0 3 0 


prsnt_name_kingdom 0 53 2
-60.000000  54 2124 1 1000 4 0 2147483681 3 144115188075856480 1 5 2133 2 144115188075856480 1 3 0 2120 3 1224979098644774912 216172782113787336 144115188075856480 2320 2 1 1224979098644774912 910 3 72057594037927937 216172782113787336 16 729 2 1 500 730 2 1 500 926 2 72057594037927937 1 919 1 144115188075856574 729 2 1 400 730 2 1 400 926 2 144115188075856574 1 2133 2 144115188075856577 -1 4 0 31 2 144115188075856480 1 4 0 2117 3 1224979098644774913 144115188075856576 1 1073741855 2 1224979098644774913 1 31 2 144115188075856617 1513209474796486659 2335 2 7 432345564227567631 5 0 33 3 144115188075856285 648518346341351448 648518346341351479 2330 2 7 144115188075856285 2320 2 7 1585267068834415674 5 0 2322 2 0 360287970189639680 2320 2 7 216172782113786712 3 0 31 2 144115188075856480 1 912 3 144115188075856577 216172782113783862 16 729 2 1 500 730 2 1 300 926 2 144115188075856577 1 1277 2 1224979098644774914 144115188075856287 921 2 144115188075856577 1224979098644774914 5 0 31 2 144115188075856480 2 2330 2 7 144115188075856285 5 0 31 2 144115188075856480 3 2330 2 7 144115188075856273 5 0 31 2 144115188075856480 4 2323 2 7 144115188075856169 3 0 920 2 144115188075856574 7 912 3 144115188075856575 216172782113787321 16 729 2 1 500 730 2 1 150 926 2 144115188075856575 1 902 1 999999 
-62.000000  54 2071 1 1224979098644774912 4 0 31 2 1224979098644774912 144115188075856574 2320 2 7 0 5 0 31 2 1224979098644774912 144115188075856575 4 0 31 2 144115188075856480 1 4 0 2117 3 1224979098644774913 144115188075856576 1 31 2 1224979098644774913 0 520 3 1224979098644774914 144115188075856169 13 32 2 1224979098644774914 0 2106 2 1224979098644774914 1080863910568919282 520 3 1224979098644774915 360287970189640699 1224979098644774914 32 2 1224979098644774915 0 1276 2 432345564227567631 1224979098644774915 3 0 1275 2 432345564227567631 7 2114 2 144115188075856576 1 5 0 31 2 144115188075856480 3 1669 2 144115188075856273 7 5 0 31 2 144115188075856480 2 4 0 1507 1 144115188075856021 2170 3 1224979098644774916 1369094286720630791 144115188075856021 2121 3 1224979098644774916 15 1224979098644774916 1 3 936748722493063375 144115188075856285 1224979098644774916 3 0 1669 2 144115188075856285 7 2114 2 144115188075856576 2 5 0 31 2 144115188075856480 4 1501 2 144115188075856169 7 1502 2 144115188075856169 7 4 0 540 3 144115188075856169 2 2 2173 2 1224979098644774917 144115188075856169 1 3 936748722493063332 144115188075856169 1224979098644774917 3 0 3 0 2133 2 144115188075856617 -1 902 1 0 5 0 31 2 144115188075856480 1 31 2 1224979098644774912 144115188075856577 2133 2 144115188075856480 0 2133 2 144115188075856007 9 2133 2 144115188075856617 1513209474796486659 1275 2 432345564227567631 7 900 1 1513209474796486660 3 0 


prsnt_change_color 0 53 2
-60.000000  186 902 1 999999 2124 1 1000 916 1 144115188075857119 729 2 1 500 730 2 1 680 926 2 144115188075857119 1 4 0 31 2 144115188075856480 0 2133 2 1224979098644774912 0 6 3 1224979098644774913 432345564227567617 432345564227567620 500 3 360287970189640691 1224979098644774912 1224979098644774913 2335 2 0 1224979098644774913 931 2 144115188075857119 0 2105 2 1224979098644774912 1 3 0 7 3 1224979098644774913 432345564227567631 432345564227567639 500 3 360287970189640691 1224979098644774912 1224979098644774913 2335 2 0 1224979098644774913 931 2 144115188075857119 0 2105 2 1224979098644774912 1 3 0 500 3 360287970189640692 0 11184810 500 3 360287970189640692 1 8947848 500 3 360287970189640692 2 16777215 500 3 360287970189640692 3 5860031 500 3 360287970189640692 4 3398963 500 3 360287970189640692 5 13417369 500 3 360287970189640692 6 13408767 500 3 360287970189640692 7 14540083 500 3 360287970189640692 8 3399133 500 3 360287970189640692 9 16729139 520 3 1224979098644774913 360287970189640691 144115188075856007 2335 2 0 1224979098644774913 1277 2 1224979098644774914 1224979098644774913 927 2 144115188075857119 144115188075856007 4 0 522 3 1224979098644774915 1224979098644774913 11 30 2 1224979098644774915 0 939 4 72057594037927936 -1 1729382256910270464 1224979098644774915 729 2 1 75 730 2 1 300 926 2 72057594037927936 1 939 4 72057594037927936 -1 1729382256910270503 1224979098644774913 729 2 1 700 730 2 1 350 926 2 72057594037927936 1 729 2 1 1250 730 2 1 1250 925 2 72057594037927936 1 3 0 5 0 31 2 144115188075856480 2 931 2 144115188075857119 216172782113785619 931 2 144115188075857119 216172782113785620 7 3 1224979098644774916 0 9 520 3 1224979098644774914 360287970189639714 1224979098644774916 500 3 360287970189640692 1224979098644774916 1224979098644774914 2346 2 0 1224979098644774916 931 2 144115188075857119 0 3 0 520 3 1224979098644774916 360287970189640691 144115188075856007 2346 2 0 1224979098644774916 5 0 31 2 144115188075856480 1 947 2 144115188075857119 0 520 3 1224979098644774917 144115188075856169 13 2106 2 1224979098644774917 1080863910568919282 520 3 1224979098644774914 360287970189640699 1224979098644774917 2133 2 144115188075856007 1224979098644774917 500 3 360287970189640692 144115188075856007 1224979098644774914 2105 2 1224979098644774917 1441151880758558932 911 2 72057594037927936 1224979098644774917 729 2 1 800 730 2 1 600 926 2 72057594037927936 1 729 2 1 150 730 2 1 150 925 2 72057594037927936 1 3 0 2120 3 1224979098644774918 144115188075856480 216172782113787398 2320 2 0 1224979098644774918 910 3 72057594037927937 1224979098644774918 16 729 2 1 500 730 2 1 600 926 2 72057594037927937 1 911 2 144115188075857120 1441151880758558776 729 2 1 450 730 2 1 480 926 2 144115188075857120 1 729 2 1 5000 730 2 1 5000 925 2 144115188075857120 1 921 2 144115188075857120 1224979098644774914 729 2 1 500 914 3 144115188075857121 0 255 730 2 1 400 926 2 144115188075857121 1 914 3 144115188075857122 0 255 730 2 1 350 926 2 144115188075857122 1 914 3 144115188075857131 0 255 730 2 1 300 926 2 144115188075857131 1 2119 3 1224979098644774919 1224979098644774914 256 2108 2 1224979098644774914 256 2119 3 1224979098644774920 1224979098644774914 256 2108 2 1224979098644774914 256 2119 3 1224979098644774921 1224979098644774914 256 927 2 144115188075857121 1224979098644774921 927 2 144115188075857122 1224979098644774920 927 2 144115188075857131 1224979098644774919 729 2 1 650 942 3 144115188075857132 0 256 730 2 1 400 926 2 144115188075857132 1 942 3 144115188075857133 0 256 730 2 1 350 926 2 144115188075857133 1 942 3 144115188075857134 0 256 730 2 1 300 926 2 144115188075857134 1 927 2 144115188075857132 1224979098644774921 927 2 144115188075857133 1224979098644774920 927 2 144115188075857134 1224979098644774919 2133 2 72057594037927938 1224979098644774921 2133 2 72057594037927939 1224979098644774920 2133 2 72057594037927940 1224979098644774919 729 2 1 330 910 3 72057594037927937 1585267068834415675 16 730 2 1 400 926 2 72057594037927937 1 910 3 72057594037927937 1585267068834415676 16 730 2 1 350 926 2 72057594037927937 1 910 3 72057594037927937 1585267068834415677 16 730 2 1 300 926 2 72057594037927937 1 2320 2 0 216172782113786978 910 3 144115188075857135 216172782113787396 16 729 2 1 500 730 2 1 450 926 2 144115188075857135 1 1 4 936748722493063821 72057594037927938 72057594037927939 72057594037927940 920 2 144115188075857135 216172782113787396 940 2 144115188075857123 216172782113785559 729 2 1 420 730 2 1 230 926 2 144115188075857123 1 940 2 144115188075857128 216172782113783834 729 2 1 580 730 2 1 230 926 2 144115188075857128 1 911 2 72057594037927937 1441151880758558776 729 2 1 138 730 2 1 78 926 2 72057594037927937 1 729 2 1 36100 730 2 1 6100 925 2 72057594037927937 1 921 2 72057594037927937 0 2133 2 1224979098644774922 140 2133 2 1224979098644774923 80 6 3 1224979098644774924 0 216 913 3 72057594037927937 1441151880758558776 1441151880758558776 729 2 1 1224979098644774922 730 2 1 1224979098644774923 926 2 72057594037927937 1 729 2 1 900 730 2 1 900 925 2 72057594037927937 1 2133 2 1224979098644774925 1224979098644774924 1 2 936748722493063822 1224979098644774925 2133 2 1224979098644774926 72057594037927936 921 2 72057594037927937 1224979098644774926 2105 2 1224979098644774922 20 4 0 31 2 1224979098644774922 860 2133 2 1224979098644774922 140 2105 2 1224979098644774923 20 3 0 500 3 360287970189640693 1224979098644774924 72057594037927937 3 0 940 2 144115188075857118 216172782113785560 729 2 1 900 730 2 1 25 926 2 144115188075857118 1 
-62.000000  106 2071 1 1224979098644774912 2072 1 1224979098644774913 4 0 31 2 1224979098644774912 144115188075857119 2133 2 144115188075856007 1224979098644774913 900 1 1513209474796486660 5 0 1073741855 2 1224979098644774912 144115188075857121 31 2 1224979098644774912 144115188075857132 927 2 144115188075857121 1224979098644774913 927 2 144115188075857132 1224979098644774913 2133 2 72057594037927938 1224979098644774913 1 1 936748722493063823 5 0 1073741855 2 1224979098644774912 144115188075857122 31 2 1224979098644774912 144115188075857133 927 2 144115188075857122 1224979098644774913 927 2 144115188075857133 1224979098644774913 2133 2 72057594037927939 1224979098644774913 1 1 936748722493063823 5 0 1073741855 2 1224979098644774912 144115188075857131 31 2 1224979098644774912 144115188075857134 927 2 144115188075857131 1224979098644774913 927 2 144115188075857134 1224979098644774913 2133 2 72057594037927940 1224979098644774913 1 1 936748722493063823 5 0 31 2 1224979098644774912 144115188075857123 520 3 1224979098644774914 360287970189640691 144115188075856007 520 3 1224979098644774915 360287970189640692 144115188075856007 4 0 31 2 144115188075856480 0 1276 2 1224979098644774914 1224979098644774915 5 0 31 2 144115188075856480 2 500 3 360287970189639714 144115188075856007 1224979098644774915 5 0 31 2 144115188075856480 1 500 3 360287970189640699 144115188075856007 1224979098644774915 3 0 921 2 144115188075857120 1224979098644774915 2119 3 1224979098644774916 1224979098644774915 256 2108 2 1224979098644774915 256 2119 3 1224979098644774917 1224979098644774915 256 2108 2 1224979098644774915 256 2119 3 1224979098644774918 1224979098644774915 256 927 2 144115188075857121 1224979098644774918 927 2 144115188075857122 1224979098644774917 927 2 144115188075857131 1224979098644774916 927 2 144115188075857132 1224979098644774918 927 2 144115188075857133 1224979098644774917 927 2 144115188075857134 1224979098644774916 2133 2 72057594037927938 1224979098644774918 2133 2 72057594037927939 1224979098644774917 2133 2 72057594037927940 1224979098644774916 1 4 936748722493063821 72057594037927938 72057594037927939 72057594037927940 920 2 144115188075857135 216172782113787396 5 0 31 2 1224979098644774912 144115188075857128 2136 3 72057594037927938 0 256 2136 3 72057594037927939 0 256 2136 3 72057594037927940 0 256 927 2 144115188075857121 72057594037927938 927 2 144115188075857122 72057594037927939 927 2 144115188075857131 72057594037927940 927 2 144115188075857132 72057594037927938 927 2 144115188075857133 72057594037927939 927 2 144115188075857134 72057594037927940 1 1 936748722493063823 5 0 31 2 1224979098644774912 144115188075857118 4 0 32 2 144115188075856617 0 4 0 31 2 144115188075856617 1513209474796486659 31 2 144115188075856480 0 2133 2 144115188075856480 1 3 0 900 1 144115188075856617 5 0 902 1 0 3 0 5 0 6 3 1224979098644774919 0 216 540 3 360287970189640693 1224979098644774919 1224979098644774912 2133 2 1224979098644774920 1224979098644774919 1 2 936748722493063822 1224979098644774920 2133 2 1224979098644774921 72057594037927936 2119 3 1224979098644774916 1224979098644774921 256 2108 2 1224979098644774921 256 2119 3 1224979098644774917 1224979098644774921 256 2108 2 1224979098644774921 256 2119 3 1224979098644774918 1224979098644774921 256 927 2 144115188075857121 1224979098644774918 927 2 144115188075857122 1224979098644774917 927 2 144115188075857131 1224979098644774916 927 2 144115188075857132 1224979098644774918 927 2 144115188075857133 1224979098644774917 927 2 144115188075857134 1224979098644774916 2133 2 72057594037927938 1224979098644774918 2133 2 72057594037927939 1224979098644774917 2133 2 72057594037927940 1224979098644774916 1 1 936748722493063823 3 0 3 0 


prsnt_banner_selection 0 53 3
-60.000000  47 2124 1 1000 2320 2 1 216172782113784215 910 3 72057594037927937 1 16 729 2 1 500 730 2 1 670 926 2 72057594037927937 1 920 2 72057594037927937 1 2319 1 0 910 3 72057594037927937 0 8192 729 2 1 50 730 2 1 50 926 2 72057594037927937 1 729 2 1 850 730 2 1 585 929 2 72057594037927937 1 945 1 72057594037927937 2133 2 1224979098644774912 1441151880758559073 2121 3 1224979098644774913 432345564227567639 432345564227567632 2105 2 1224979098644774913 10 2106 2 1224979098644774912 1224979098644774913 2121 3 1224979098644774914 1224979098644774912 1441151880758558932 2123 3 1224979098644774915 1224979098644774914 12 2119 3 1224979098644774916 1224979098644774914 12 2110 2 1224979098644774916 1 2105 2 1224979098644774915 1224979098644774916 2122 3 1224979098644774917 1224979098644774915 150 2106 2 1224979098644774917 15 2133 2 1224979098644774918 40 2133 2 144115188075856577 0 6 3 1224979098644774919 1441151880758558932 1224979098644774912 913 3 72057594037927937 1224979098644774919 1224979098644774919 729 2 1 1224979098644774918 730 2 1 1224979098644774917 926 2 72057594037927937 1 729 2 1 60 730 2 1 60 925 2 72057594037927937 1 500 3 360287970189640691 144115188075856577 72057594037927937 500 3 360287970189640692 144115188075856577 1224979098644774919 2105 2 144115188075856577 1 2105 2 1224979098644774918 70 30 2 1224979098644774918 880 2133 2 1224979098644774918 40 2106 2 1224979098644774917 150 3 0 945 1 -1 902 1 999999 
-62.000000  72 2071 1 1224979098644774912 520 3 1224979098644774913 360287970189639680 13 2121 3 1224979098644774914 1224979098644774913 1080863910568919282 2105 2 1224979098644774914 1297036692682702894 6 3 1224979098644774915 0 144115188075856577 540 3 360287970189640691 1224979098644774915 1224979098644774912 520 3 1224979098644774916 360287970189640692 1224979098644774915 2121 3 1224979098644774917 1224979098644774916 1441151880758558932 2120 3 1224979098644774918 1224979098644774917 1297036692682702894 4 0 31 2 144115188075856169 360287970189639680 1677 2 648518346341351424 1224979098644774918 5 0 520 3 1224979098644774919 144115188075856169 10 32 2 1224979098644774919 0 132 1 1224979098644774919 1677 2 1224979098644774919 1224979098644774918 3 0 2120 3 1224979098644774920 1224979098644774917 1080863910568919282 500 3 144115188075856169 13 1224979098644774920 4 0 32 2 144115188075856617 0 900 1 144115188075856617 5 0 902 1 0 3 0 4 0 2147483681 3 144115188075856169 360287970189639895 360287970189639911 2133 2 1224979098644774921 0 2133 2 1224979098644774922 0 2133 2 1224979098644774923 360287970189640064 6 3 1224979098644774924 360287970189639895 1224979098644774923 4 0 540 3 1224979098644774924 13 1224979098644774920 2133 2 1224979098644774921 1224979098644774924 500 3 1224979098644774924 13 1080863910568919423 520 3 1224979098644774925 1224979098644774924 10 4 0 32 2 1224979098644774925 0 1677 2 1224979098644774925 1297036692682703035 3 0 5 0 540 3 1224979098644774924 13 1080863910568919423 2133 2 1224979098644774922 1224979098644774924 500 3 1224979098644774924 13 1224979098644774913 520 3 1224979098644774925 1224979098644774924 10 4 0 32 2 1224979098644774925 0 1677 2 1224979098644774925 1224979098644774914 3 0 3 0 4 0 32 2 1224979098644774921 0 1073741856 2 1224979098644774922 0 2147483678 2 1224979098644774913 1080863910568919282 2133 2 1224979098644774923 0 3 0 3 0 6 3 1224979098644774926 648518346341351448 648518346341351532 541 3 1224979098644774926 7 144115188075856169 1677 2 1224979098644774926 1224979098644774918 5 0 32 2 1224979098644774921 0 541 3 1224979098644774926 7 1224979098644774921 1677 2 1224979098644774926 1297036692682703035 5 0 32 2 1224979098644774922 0 541 3 1224979098644774926 7 1224979098644774922 1677 2 1224979098644774926 1224979098644774914 3 0 3 0 3 0 
-61.000000  14 4 0 1073741895 1 57 1073741895 1 28 1073741895 1 1 1073741895 1 14 1073741895 1 252 71 1 253 4 0 32 2 144115188075856617 0 900 1 144115188075856617 5 0 902 1 0 3 0 3 0 


prsnt_custom_banner 0 53 2
-60.000000  280 2124 1 1000 520 3 1224979098644774912 360287970189639680 96 2111 2 1224979098644774912 0 2105 2 1224979098644774912 1441151880758558834 520 3 1224979098644774913 360287970189639680 99 2111 2 1224979098644774913 0 2105 2 1224979098644774913 1441151880758558831 520 3 1224979098644774914 360287970189639680 85 520 3 1224979098644774915 360287970189639680 86 910 3 72057594037927937 216172782113783859 0 729 2 1 40 730 2 1 550 926 2 72057594037927937 1 910 3 72057594037927937 216172782113783860 0 729 2 1 40 730 2 1 500 926 2 72057594037927937 1 938 4 144115188075856578 1441151880758558830 1729382256910270505 1224979098644774914 938 4 144115188075856579 1441151880758558830 1729382256910270505 1224979098644774915 729 2 1 200 730 2 1 565 926 2 144115188075856578 1 730 2 1 515 926 2 144115188075856579 1 729 2 1 250 730 2 1 250 925 2 144115188075856578 1 925 2 144115188075856579 1 912 3 144115188075856580 216172782113783858 16 912 3 144115188075856581 216172782113783858 16 912 3 144115188075856582 216172782113783831 16 912 3 144115188075856583 216172782113783858 16 912 3 144115188075856584 216172782113783858 16 912 3 144115188075856585 216172782113783853 16 520 3 1224979098644774916 360287970189639680 97 912 3 144115188075856586 216172782113783834 16 938 4 144115188075856587 1224979098644774912 1729382256910270507 360287970189639680 4 0 31 2 1224979098644774913 1441151880758558831 938 4 144115188075856588 1224979098644774913 1729382256910270509 360287970189639680 5 0 31 2 1224979098644774913 1441151880758558832 938 4 144115188075856588 1224979098644774913 1729382256910270510 360287970189639680 5 0 938 4 144115188075856588 1224979098644774913 1729382256910270508 360287970189639680 3 0 938 4 144115188075856589 -1 1729382256910270506 360287970189639680 910 3 72057594037927937 216172782113783835 16 729 2 1 825 730 2 1 650 926 2 72057594037927937 1 910 3 72057594037927937 216172782113783836 16 730 2 1 500 926 2 72057594037927937 1 729 2 1 800 730 2 1 640 926 2 144115188075856587 1 729 2 1 780 730 2 1 315 926 2 144115188075856588 1 729 2 1 50 730 2 1 50 925 2 144115188075856587 1 729 2 1 50 730 2 1 50 925 2 144115188075856588 1 910 3 72057594037927937 216172782113783837 0 729 2 1 40 730 2 1 350 926 2 72057594037927937 1 2133 2 72057594037927937 1224979098644774916 910 3 72057594037927938 216172782113783817 16 729 2 1 350 730 2 1 350 926 2 72057594037927938 1 4 0 2147483678 2 1224979098644774916 4 912 3 144115188075856590 216172782113786820 16 729 2 1 385 730 2 1 350 926 2 144115188075856590 1 5 0 2133 2 144115188075856590 -1 3 0 4 0 32 2 1224979098644774916 0 912 3 144115188075856591 216172782113786821 16 729 2 1 370 730 2 1 350 926 2 144115188075856591 1 5 0 2133 2 144115188075856591 -1 3 0 4 0 30 2 1224979098644774916 1 910 3 72057594037927937 216172782113783861 16 729 2 1 300 730 2 1 300 926 2 72057594037927937 1 910 3 72057594037927937 216172782113783862 16 729 2 1 550 730 2 1 300 926 2 72057594037927937 1 912 3 144115188075856592 216172782113783846 16 730 2 1 350 729 2 1 550 926 2 144115188075856592 1 910 3 72057594037927937 216172782113783854 0 729 2 1 40 730 2 1 240 926 2 72057594037927937 1 912 3 144115188075856593 216172782113783858 0 729 2 1 310 926 2 144115188075856593 1 912 3 144115188075856594 216172782113783858 0 729 2 1 560 926 2 144115188075856594 1 520 3 1224979098644774917 360287970189639680 92 2109 2 1224979098644774917 256 2105 2 1224979098644774917 1441151880758558860 913 3 144115188075856595 1224979098644774917 1224979098644774917 729 2 1 260 730 2 1 255 926 2 144115188075856595 1 729 2 1 50 730 2 1 50 925 2 144115188075856595 1 520 3 1224979098644774918 360287970189639680 87 938 4 144115188075856596 1441151880758558830 1729382256910270505 1224979098644774918 729 2 1 530 730 2 1 255 926 2 144115188075856596 1 729 2 1 250 730 2 1 250 925 2 144115188075856596 1 912 3 144115188075856597 216172782113783863 0 729 2 1 700 730 2 1 240 926 2 144115188075856597 1 912 3 144115188075856598 216172782113783864 0 729 2 1 800 926 2 144115188075856598 1 3 0 4 0 30 2 1224979098644774916 2 910 3 72057594037927937 216172782113783855 0 729 2 1 40 730 2 1 180 926 2 72057594037927937 1 912 3 144115188075856599 216172782113783858 0 729 2 1 310 926 2 144115188075856599 1 912 3 144115188075856600 216172782113783858 0 729 2 1 560 926 2 144115188075856600 1 520 3 1224979098644774917 360287970189639680 93 2109 2 1224979098644774917 256 2105 2 1224979098644774917 1441151880758558860 913 3 144115188075856601 1224979098644774917 1224979098644774917 729 2 1 260 730 2 1 195 926 2 144115188075856601 1 729 2 1 50 730 2 1 50 925 2 144115188075856601 1 520 3 1224979098644774918 360287970189639680 88 938 4 144115188075856602 1441151880758558830 1729382256910270505 1224979098644774918 729 2 1 530 730 2 1 195 926 2 144115188075856602 1 729 2 1 250 730 2 1 250 925 2 144115188075856602 1 912 3 144115188075856603 216172782113783863 0 729 2 1 700 730 2 1 180 926 2 144115188075856603 1 912 3 144115188075856604 216172782113783864 0 729 2 1 800 926 2 144115188075856604 1 3 0 4 0 30 2 1224979098644774916 3 910 3 72057594037927937 216172782113783856 0 729 2 1 40 730 2 1 120 926 2 72057594037927937 1 912 3 144115188075856605 216172782113783858 0 729 2 1 310 926 2 144115188075856605 1 912 3 144115188075856606 216172782113783858 0 729 2 1 560 926 2 144115188075856606 1 520 3 1224979098644774917 360287970189639680 94 2109 2 1224979098644774917 256 2105 2 1224979098644774917 1441151880758558860 913 3 144115188075856607 1224979098644774917 1224979098644774917 729 2 1 260 730 2 1 135 926 2 144115188075856607 1 729 2 1 50 730 2 1 50 925 2 144115188075856607 1 520 3 1224979098644774918 360287970189639680 89 938 4 144115188075856608 1441151880758558830 1729382256910270505 1224979098644774918 729 2 1 530 730 2 1 135 926 2 144115188075856608 1 729 2 1 250 730 2 1 250 925 2 144115188075856608 1 912 3 144115188075856609 216172782113783863 0 729 2 1 700 730 2 1 120 926 2 144115188075856609 1 912 3 144115188075856610 216172782113783864 0 729 2 1 800 926 2 144115188075856610 1 3 0 4 0 30 2 1224979098644774916 4 910 3 72057594037927937 216172782113783857 0 729 2 1 40 730 2 1 60 926 2 72057594037927937 1 912 3 144115188075856611 216172782113783858 0 729 2 1 310 926 2 144115188075856611 1 912 3 144115188075856612 216172782113783858 0 729 2 1 560 926 2 144115188075856612 1 520 3 1224979098644774917 360287970189639680 95 2109 2 1224979098644774917 256 2105 2 1224979098644774917 1441151880758558860 913 3 144115188075856613 1224979098644774917 1224979098644774917 729 2 1 260 730 2 1 75 926 2 144115188075856613 1 729 2 1 50 730 2 1 50 925 2 144115188075856613 1 520 3 1224979098644774918 360287970189639680 90 938 4 144115188075856614 1441151880758558830 1729382256910270505 1224979098644774918 729 2 1 530 730 2 1 75 926 2 144115188075856614 1 729 2 1 250 730 2 1 250 925 2 144115188075856614 1 912 3 144115188075856615 216172782113783863 0 729 2 1 700 730 2 1 60 926 2 144115188075856615 1 912 3 144115188075856616 216172782113783864 0 729 2 1 800 926 2 144115188075856616 1 3 0 729 2 1 350 730 2 1 400 926 2 144115188075856589 1 729 2 1 275 730 2 1 550 926 2 144115188075856580 1 730 2 1 500 926 2 144115188075856581 1 729 2 1 175 730 2 1 600 926 2 144115188075856582 1 729 2 1 880 730 2 1 575 926 2 144115188075856583 1 730 2 1 400 926 2 144115188075856584 1 730 2 1 650 729 2 1 175 926 2 144115188075856586 1 730 2 1 150 729 2 1 850 926 2 144115188075856585 1 902 1 999999 
-62.000000  228 2071 1 1224979098644774912 520 3 1224979098644774913 360287970189639680 97 4 0 1073741855 2 1224979098644774912 144115188075856580 31 2 1224979098644774912 144115188075856578 2133 2 144115188075856617 1513209474796486662 2133 2 144115188075856618 85 900 1 1513209474796486668 5 0 1073741855 2 1224979098644774912 144115188075856581 31 2 1224979098644774912 144115188075856579 2133 2 144115188075856617 1513209474796486662 2133 2 144115188075856618 86 900 1 1513209474796486668 5 0 1073741855 2 1224979098644774912 144115188075856582 31 2 1224979098644774912 144115188075856589 2133 2 144115188075856617 1513209474796486662 900 1 1513209474796486665 5 0 31 2 1224979098644774912 144115188075856583 2133 2 144115188075856617 1513209474796486662 900 1 1513209474796486666 5 0 30 2 1224979098644774913 1 1073741855 2 1224979098644774912 144115188075856593 31 2 1224979098644774912 144115188075856595 2133 2 144115188075856617 1513209474796486662 2133 2 144115188075856618 92 900 1 1513209474796486664 5 0 30 2 1224979098644774913 1 1073741855 2 1224979098644774912 144115188075856594 31 2 1224979098644774912 144115188075856596 2133 2 144115188075856617 1513209474796486662 2133 2 144115188075856618 87 900 1 1513209474796486668 5 0 30 2 1224979098644774913 2 1073741855 2 1224979098644774912 144115188075856599 31 2 1224979098644774912 144115188075856601 2133 2 144115188075856617 1513209474796486662 2133 2 144115188075856618 93 900 1 1513209474796486664 5 0 30 2 1224979098644774913 2 1073741855 2 1224979098644774912 144115188075856600 31 2 1224979098644774912 144115188075856602 2133 2 144115188075856617 1513209474796486662 2133 2 144115188075856618 88 900 1 1513209474796486668 5 0 30 2 1224979098644774913 3 1073741855 2 1224979098644774912 144115188075856605 31 2 1224979098644774912 144115188075856607 2133 2 144115188075856617 1513209474796486662 2133 2 144115188075856618 94 900 1 1513209474796486664 5 0 30 2 1224979098644774913 3 1073741855 2 1224979098644774912 144115188075856606 31 2 1224979098644774912 144115188075856608 2133 2 144115188075856617 1513209474796486662 2133 2 144115188075856618 89 900 1 1513209474796486668 5 0 30 2 1224979098644774913 4 1073741855 2 1224979098644774912 144115188075856611 31 2 1224979098644774912 144115188075856613 2133 2 144115188075856617 1513209474796486662 2133 2 144115188075856618 95 900 1 1513209474796486664 5 0 30 2 1224979098644774913 4 1073741855 2 1224979098644774912 144115188075856612 31 2 1224979098644774912 144115188075856614 2133 2 144115188075856617 1513209474796486662 2133 2 144115188075856618 90 900 1 1513209474796486668 5 0 30 2 1224979098644774913 1 31 2 1224979098644774912 144115188075856592 2133 2 144115188075856617 1513209474796486662 900 1 1513209474796486663 5 0 31 2 1224979098644774912 144115188075856590 520 3 1224979098644774913 360287970189639680 97 2105 2 1224979098644774913 1 2112 3 1224979098644774913 0 5 500 3 360287970189639680 97 1224979098644774913 900 1 1513209474796486662 5 0 31 2 1224979098644774912 144115188075856591 520 3 1224979098644774913 360287970189639680 97 2106 2 1224979098644774913 1 2112 3 1224979098644774913 0 5 500 3 360287970189639680 97 1224979098644774913 900 1 1513209474796486662 5 0 31 2 1224979098644774912 144115188075856586 1 2 936748722493063572 360287970189639680 900 1 1513209474796486662 5 0 31 2 1224979098644774912 144115188075856587 2133 2 144115188075856617 1513209474796486662 900 1 1513209474796486666 5 0 31 2 1224979098644774912 144115188075856588 2133 2 144115188075856617 1513209474796486662 900 1 1513209474796486667 5 0 31 2 1224979098644774912 144115188075856584 2133 2 144115188075856617 1513209474796486662 900 1 1513209474796486667 5 0 31 2 1224979098644774912 144115188075856597 520 3 1224979098644774914 360287970189639680 92 2119 3 1224979098644774915 1224979098644774914 256 2108 2 1224979098644774914 256 2119 3 1224979098644774916 1224979098644774914 2 2108 2 1224979098644774914 2 2105 2 1224979098644774916 1 2109 2 1224979098644774916 2 2107 2 1224979098644774914 2 2105 2 1224979098644774914 1224979098644774916 2107 2 1224979098644774914 256 2105 2 1224979098644774914 1224979098644774915 500 3 360287970189639680 92 1224979098644774914 900 1 1513209474796486662 5 0 31 2 1224979098644774912 144115188075856603 520 3 1224979098644774914 360287970189639680 93 2119 3 1224979098644774915 1224979098644774914 256 2108 2 1224979098644774914 256 2119 3 1224979098644774916 1224979098644774914 2 2108 2 1224979098644774914 2 2105 2 1224979098644774916 1 2109 2 1224979098644774916 2 2107 2 1224979098644774914 2 2105 2 1224979098644774914 1224979098644774916 2107 2 1224979098644774914 256 2105 2 1224979098644774914 1224979098644774915 500 3 360287970189639680 93 1224979098644774914 900 1 1513209474796486662 5 0 31 2 1224979098644774912 144115188075856609 520 3 1224979098644774914 360287970189639680 94 2119 3 1224979098644774915 1224979098644774914 256 2108 2 1224979098644774914 256 2119 3 1224979098644774916 1224979098644774914 2 2108 2 1224979098644774914 2 2105 2 1224979098644774916 1 2109 2 1224979098644774916 2 2107 2 1224979098644774914 2 2105 2 1224979098644774914 1224979098644774916 2107 2 1224979098644774914 256 2105 2 1224979098644774914 1224979098644774915 500 3 360287970189639680 94 1224979098644774914 900 1 1513209474796486662 5 0 31 2 1224979098644774912 144115188075856615 520 3 1224979098644774914 360287970189639680 95 2119 3 1224979098644774915 1224979098644774914 256 2108 2 1224979098644774914 256 2119 3 1224979098644774916 1224979098644774914 2 2108 2 1224979098644774914 2 2105 2 1224979098644774916 1 2109 2 1224979098644774916 2 2107 2 1224979098644774914 2 2105 2 1224979098644774914 1224979098644774916 2107 2 1224979098644774914 256 2105 2 1224979098644774914 1224979098644774915 500 3 360287970189639680 95 1224979098644774914 900 1 1513209474796486662 5 0 31 2 1224979098644774912 144115188075856598 520 3 1224979098644774914 360287970189639680 92 2123 3 1224979098644774916 1224979098644774914 512 2105 2 1224979098644774916 1 2109 2 1224979098644774916 2 2107 2 1224979098644774916 512 2109 2 1224979098644774914 512 2105 2 1224979098644774914 1224979098644774916 500 3 360287970189639680 92 1224979098644774914 900 1 1513209474796486662 5 0 31 2 1224979098644774912 144115188075856604 520 3 1224979098644774914 360287970189639680 93 2123 3 1224979098644774916 1224979098644774914 512 2105 2 1224979098644774916 1 2109 2 1224979098644774916 2 2107 2 1224979098644774916 512 2109 2 1224979098644774914 512 2105 2 1224979098644774914 1224979098644774916 500 3 360287970189639680 93 1224979098644774914 900 1 1513209474796486662 5 0 31 2 1224979098644774912 144115188075856610 520 3 1224979098644774914 360287970189639680 94 2123 3 1224979098644774916 1224979098644774914 512 2105 2 1224979098644774916 1 2109 2 1224979098644774916 2 2107 2 1224979098644774916 512 2109 2 1224979098644774914 512 2105 2 1224979098644774914 1224979098644774916 500 3 360287970189639680 94 1224979098644774914 900 1 1513209474796486662 5 0 31 2 1224979098644774912 144115188075856616 520 3 1224979098644774914 360287970189639680 95 2123 3 1224979098644774916 1224979098644774914 512 2105 2 1224979098644774916 1 2109 2 1224979098644774916 2 2107 2 1224979098644774916 512 2109 2 1224979098644774914 512 2105 2 1224979098644774914 1224979098644774916 500 3 360287970189639680 95 1224979098644774914 900 1 1513209474796486662 5 0 31 2 1224979098644774912 144115188075856585 520 3 1224979098644774917 360287970189639680 99 4 0 30 2 1224979098644774917 0 2105 2 1224979098644774917 1297036692682702891 1677 2 648518346341351424 1224979098644774917 3 0 902 1 0 3 0 


prsnt_banner_charge_positioning 0 53 2
-60.000000  22 2124 1 1000 910 3 72057594037927937 216172782113783847 16 729 2 1 500 730 2 1 600 926 2 72057594037927937 1 2133 2 1224979098644774912 125 2133 2 1224979098644774913 400 1 2 936748722493063570 360287970189639680 2133 2 1224979098644774914 72057594037927936 2122 3 1224979098644774915 1224979098644774914 125 2106 2 1224979098644774915 25 2123 3 1224979098644774912 1224979098644774915 2 2121 3 1224979098644774912 500 1224979098644774912 6 3 1224979098644774916 0 1224979098644774914 938 4 72057594037927937 -1 1729382256910270512 1224979098644774916 729 2 1 1224979098644774912 730 2 1 1224979098644774913 2105 2 1224979098644774912 125 926 2 72057594037927937 1 500 3 360287970189640691 1224979098644774916 72057594037927937 3 0 902 1 999999 
-62.000000  14 2071 1 1224979098644774912 1 2 936748722493063570 360287970189639680 2133 2 1224979098644774913 72057594037927936 6 3 1224979098644774914 0 1224979098644774913 540 3 360287970189640691 1224979098644774914 1224979098644774912 500 3 360287970189639680 98 1224979098644774914 2133 2 1224979098644774913 0 3 0 4 0 32 2 144115188075856617 0 900 1 144115188075856617 5 0 902 1 0 3 0 


prsnt_banner_charge_selection 0 53 2
-60.000000  25 2124 1 1000 910 3 72057594037927937 216172782113783848 16 729 2 1 500 730 2 1 650 926 2 72057594037927937 1 2133 2 1224979098644774912 100 2133 2 1224979098644774913 600 6 3 1224979098644774914 1441151880758558860 1441151880758558906 913 3 72057594037927937 1224979098644774914 1224979098644774914 729 2 1 1224979098644774912 730 2 1 1224979098644774913 2105 2 1224979098644774912 100 4 0 32 2 1224979098644774912 900 2133 2 1224979098644774912 100 2106 2 1224979098644774913 100 3 0 926 2 72057594037927937 1 729 2 1 80 730 2 1 80 925 2 72057594037927937 1 2121 3 1224979098644774915 1224979098644774914 1441151880758558860 500 3 360287970189640691 1224979098644774915 72057594037927937 3 0 902 1 999999 
-62.000000  14 2071 1 1224979098644774912 2133 2 1224979098644774913 1441151880758558906 2106 2 1224979098644774913 1441151880758558860 6 3 1224979098644774914 0 1224979098644774913 540 3 360287970189640691 1224979098644774914 1224979098644774912 500 3 360287970189639680 144115188075856618 1224979098644774914 2133 2 1224979098644774913 0 3 0 4 0 32 2 144115188075856617 0 900 1 144115188075856617 5 0 902 1 0 3 0 


prsnt_banner_background_selection 0 53 2
-60.000000  22 2124 1 1000 910 3 72057594037927937 216172782113783849 16 729 2 1 500 730 2 1 600 926 2 72057594037927937 1 2133 2 1224979098644774912 75 2133 2 1224979098644774913 450 6 3 1224979098644774914 1441151880758558836 1441151880758558860 2121 3 1224979098644774915 1224979098644774914 1441151880758558836 938 4 72057594037927937 -1 1729382256910270511 1224979098644774915 729 2 1 1224979098644774912 730 2 1 1224979098644774913 2105 2 1224979098644774912 125 4 0 32 2 1224979098644774912 900 2133 2 1224979098644774912 75 2106 2 1224979098644774913 125 3 0 926 2 72057594037927937 1 500 3 360287970189640691 1224979098644774915 72057594037927937 3 0 902 1 999999 
-62.000000  14 2071 1 1224979098644774912 2133 2 1224979098644774913 1441151880758558860 2106 2 1224979098644774913 1441151880758558836 6 3 1224979098644774914 0 1224979098644774913 540 3 360287970189640691 1224979098644774914 1224979098644774912 500 3 360287970189639680 91 1224979098644774914 2133 2 1224979098644774913 0 3 0 4 0 32 2 144115188075856617 0 900 1 144115188075856617 5 0 902 1 0 3 0 


prsnt_banner_flag_type_selection 0 53 2
-60.000000  21 2124 1 1000 910 3 72057594037927937 216172782113783850 16 729 2 1 500 730 2 1 600 926 2 72057594037927937 1 2133 2 1224979098644774912 435 2133 2 1224979098644774913 450 6 3 1224979098644774914 1441151880758558834 1441151880758558836 2121 3 1224979098644774915 1224979098644774914 1441151880758558834 500 3 360287970189639680 96 1224979098644774915 938 4 72057594037927937 1224979098644774914 1729382256910270507 360287970189639680 729 2 1 1224979098644774912 730 2 1 1224979098644774913 2105 2 1224979098644774912 130 926 2 72057594037927937 1 729 2 1 100 730 2 1 100 925 2 72057594037927937 1 500 3 360287970189640691 1224979098644774915 72057594037927937 3 0 902 1 999999 
-62.000000  14 2071 1 1224979098644774912 2133 2 1224979098644774913 1441151880758558836 2106 2 1224979098644774913 1441151880758558834 6 3 1224979098644774914 0 1224979098644774913 540 3 360287970189640691 1224979098644774914 1224979098644774912 500 3 360287970189639680 96 1224979098644774914 2133 2 1224979098644774913 0 3 0 4 0 32 2 144115188075856617 0 900 1 144115188075856617 5 0 902 1 0 3 0 


prsnt_banner_flag_map_type_selection 0 53 2
-60.000000  31 2124 1 1000 910 3 72057594037927937 216172782113783851 16 729 2 1 500 730 2 1 600 926 2 72057594037927937 1 520 3 1224979098644774912 360287970189639680 91 2105 2 1224979098644774912 1441151880758558836 2133 2 1224979098644774913 250 2133 2 1224979098644774914 150 6 3 1224979098644774915 1441151880758558831 1441151880758558834 2121 3 1224979098644774916 1224979098644774915 1441151880758558831 500 3 360287970189639680 99 1224979098644774916 4 0 31 2 1224979098644774915 1441151880758558831 938 4 72057594037927937 1224979098644774915 1729382256910270509 360287970189639680 5 0 31 2 1224979098644774915 1441151880758558832 938 4 72057594037927937 1224979098644774915 1729382256910270510 360287970189639680 5 0 938 4 72057594037927937 1224979098644774915 1729382256910270508 360287970189639680 3 0 729 2 1 1224979098644774913 730 2 1 1224979098644774914 2105 2 1224979098644774913 200 926 2 72057594037927937 1 729 2 1 100 730 2 1 100 925 2 72057594037927937 1 500 3 360287970189640691 1224979098644774916 72057594037927937 3 0 902 1 999999 
-62.000000  14 2071 1 1224979098644774912 2133 2 1224979098644774913 1441151880758558834 2106 2 1224979098644774913 1441151880758558831 6 3 1224979098644774914 0 1224979098644774913 540 3 360287970189640691 1224979098644774914 1224979098644774912 500 3 360287970189639680 99 1224979098644774914 2133 2 1224979098644774913 0 3 0 4 0 32 2 144115188075856617 0 900 1 144115188075856617 5 0 902 1 0 3 0 


prsnt_color_selection 0 53 2
-60.000000  30 2124 1 1000 910 3 72057594037927937 216172782113783852 16 729 2 1 500 730 2 1 600 926 2 72057594037927937 1 2133 2 1224979098644774912 125 2133 2 1224979098644774913 450 6 3 1224979098644774914 0 42 1 2 936748722493063573 1224979098644774914 2133 2 1224979098644774915 72057594037927936 938 4 72057594037927937 1441151880758558830 1729382256910270505 1224979098644774915 729 2 1 1224979098644774912 730 2 1 1224979098644774913 2105 2 1224979098644774912 50 4 0 2119 3 1224979098644774916 1224979098644774914 7 31 2 1224979098644774916 6 2133 2 1224979098644774912 125 2106 2 1224979098644774913 50 3 0 926 2 72057594037927937 1 729 2 1 500 730 2 1 500 925 2 72057594037927937 1 2122 3 1224979098644774917 1224979098644774914 2 2120 3 1224979098644774918 1224979098644774917 1 500 3 360287970189640691 1224979098644774917 72057594037927937 500 3 360287970189640691 1224979098644774918 1224979098644774915 3 0 902 1 999999 
-62.000000  16 2071 1 1224979098644774912 2133 2 1224979098644774913 64 6 3 1224979098644774914 0 1224979098644774913 2122 3 1224979098644774915 1224979098644774914 2 540 3 360287970189640691 1224979098644774915 1224979098644774912 2120 3 1224979098644774916 1224979098644774915 1 520 3 1224979098644774917 360287970189640691 1224979098644774916 500 3 360287970189639680 144115188075856618 1224979098644774917 2133 2 1224979098644774913 0 3 0 4 0 32 2 144115188075856617 0 900 1 144115188075856617 5 0 902 1 0 3 0 


prsnt_marshall_selection 0 53 2
-60.000000  153 2133 2 144115188075856619 -1 2133 2 144115188075856620 -1 2133 2 144115188075856621 -1 2124 1 1000 2133 2 144115188075856617 -1 2120 3 1224979098644774912 144115188075856281 144115188075856279 522 3 1224979098644774913 144115188075856287 11 2322 2 1 144115188075856282 910 3 72057594037927937 1585267068834415678 16 729 2 1 200 730 2 1 600 926 2 72057594037927937 1 2322 2 1 144115188075856280 910 3 72057594037927937 1585267068834415679 16 729 2 1 800 730 2 1 600 926 2 72057594037927937 1 939 4 72057594037927937 -1 1729382256910270499 144115188075856282 729 2 1 500 730 2 1 500 925 2 72057594037927937 1 729 2 1 100 730 2 1 300 926 2 72057594037927937 1 939 4 72057594037927937 -1 1729382256910270499 144115188075856280 729 2 1 500 730 2 1 500 925 2 72057594037927937 1 729 2 1 700 730 2 1 300 926 2 72057594037927937 1 2133 2 1224979098644774914 144115188075856622 2105 2 144115188075856622 1 4 0 2147483678 2 1224979098644774914 0 2322 2 1 144115188075856282 2322 2 2 144115188075856280 2322 2 3 1224979098644774913 2335 2 4 144115188075856287 910 3 72057594037927937 1585267068834415680 16 729 2 1 500 730 2 1 200 926 2 72057594037927937 1 912 3 144115188075856619 216172782113787321 16 729 2 1 500 730 2 1 100 926 2 144115188075856619 1 2133 2 144115188075856617 1513209474796486669 5 0 2133 2 1224979098644774915 1224979098644774914 7 3 1224979098644774916 360287970189639894 360287970189640064 30 2 1224979098644774915 0 2133 2 1224979098644774917 1224979098644774916 2133 2 1224979098644774918 0 4 0 31 2 1224979098644774916 360287970189639894 2133 2 1224979098644774917 360287970189639680 4 0 31 2 144115188075856283 0 2133 2 1224979098644774918 1 3 0 5 0 2173 2 1224979098644774919 1224979098644774917 31 2 144115188075856287 1224979098644774919 2147484208 3 1224979098644774917 8 0 560 3 1224979098644774917 10 1 540 3 1224979098644774917 2 2 2147484190 3 1224979098644774919 11 1224979098644774917 2133 2 1224979098644774918 1 3 0 31 2 1224979098644774918 1 2147483679 2 144115188075856282 1224979098644774917 2147483679 2 144115188075856280 1224979098644774917 2106 2 1224979098644774915 1 2147483678 2 1224979098644774915 0 2133 2 144115188075856617 1513209474796486669 939 4 72057594037927937 -1 1729382256910270499 1224979098644774917 729 2 1 300 730 2 1 300 925 2 72057594037927937 1 729 2 1 440 730 2 1 400 926 2 72057594037927937 1 4 0 31 2 1224979098644774917 360287970189639680 910 3 72057594037927937 1585267068834415681 16 729 2 1 500 730 2 1 200 926 2 72057594037927937 1 2322 2 1 144115188075856282 912 3 144115188075856620 1585267068834415682 16 729 2 1 300 730 2 1 100 926 2 144115188075856620 1 2322 2 1 144115188075856280 912 3 144115188075856621 1585267068834415682 16 729 2 1 700 730 2 1 100 926 2 144115188075856621 1 5 0 2322 2 1 1224979098644774917 2136 3 1224979098644774920 0 1224979098644774912 2106 2 1224979098644774920 144115188075856281 4 0 2147483678 2 1224979098644774920 0 2105 2 144115188075856623 1 2322 2 2 144115188075856282 5 0 2105 2 144115188075856624 1 2322 2 2 144115188075856280 3 0 910 3 72057594037927937 1585267068834415683 16 729 2 1 500 730 2 1 200 926 2 72057594037927937 1 912 3 144115188075856619 216172782113787321 16 729 2 1 500 730 2 1 100 926 2 144115188075856619 1 3 0 3 0 3 0 2133 2 72057594037927936 144115188075856623 910 3 72057594037927937 1585267068834415684 16 729 2 1 200 730 2 1 550 926 2 72057594037927937 1 2133 2 72057594037927936 144115188075856624 910 3 72057594037927937 1585267068834415684 16 729 2 1 800 730 2 1 550 926 2 72057594037927937 1 4 0 2147483678 2 144115188075856617 0 4 0 32 2 144115188075856624 144115188075856623 2133 2 1224979098644774921 144115188075856282 2133 2 144115188075856282 144115188075856280 2133 2 144115188075856280 1224979098644774921 3 0 2322 2 1 144115188075856282 2322 2 2 1224979098644774913 2335 2 3 144115188075856287 910 3 72057594037927937 1585267068834415685 16 729 2 1 500 730 2 1 200 926 2 72057594037927937 1 912 3 144115188075856619 216172782113787321 16 729 2 1 500 730 2 1 100 926 2 144115188075856619 1 3 0 902 1 999999 
-62.000000  40 2071 1 1224979098644774912 4 0 31 2 1224979098644774912 144115188075856620 2105 2 144115188075856623 1 1 3 936748722493063374 144115188075856282 2 1 3 936748722493063374 144115188075856280 -2 5 0 31 2 1224979098644774912 144115188075856621 2105 2 144115188075856624 1 1 3 936748722493063374 144115188075856282 -2 1 3 936748722493063374 144115188075856280 2 3 0 4 0 1073741855 2 1224979098644774912 144115188075856619 1073741855 2 1224979098644774912 144115188075856620 31 2 1224979098644774912 144115188075856621 4 0 30 2 144115188075856617 0 900 1 144115188075856617 5 0 4 0 2147484190 3 144115188075856287 8 144115188075856282 1 2 936748722493063371 144115188075856287 3 0 522 3 1224979098644774913 144115188075856287 8 4 0 30 2 1224979098644774913 0 132 1 1224979098644774913 1604 2 1224979098644774913 0 3 0 502 3 144115188075856287 8 144115188075856282 4 0 31 2 144115188075856282 360287970189639680 1 3 936748722493063374 144115188075856280 -3 3 0 2133 2 144115188075856069 1 2133 2 144115188075856625 1 902 1 0 3 0 3 0 


prsnt_battle 0 0 4
-60.000000  591 2124 1 1000 2133 2 144115188075856626 0 2133 2 144115188075856627 0 2133 2 144115188075856628 0 2133 2 144115188075856629 0 2133 2 144115188075856630 0 2133 2 144115188075856631 0 2133 2 144115188075856632 0 2133 2 144115188075856633 0 2133 2 144115188075856634 0 2133 2 144115188075856645 -1 2133 2 144115188075856651 -1 2133 2 144115188075856657 -1 2133 2 144115188075856663 -1 2133 2 144115188075856669 -1 2133 2 144115188075856675 -1 2133 2 144115188075856681 -1 2133 2 144115188075856687 -1 2133 2 144115188075856693 -1 2319 1 7 730 2 1 700 910 3 72057594037927937 1585267068834415686 98320 921 2 72057594037927937 4289374890 729 2 1 270 926 2 72057594037927937 1 910 3 72057594037927937 1585267068834415161 98320 921 2 72057594037927937 4289374890 729 2 1 410 926 2 72057594037927937 1 910 3 72057594037927937 1585267068834415687 98320 921 2 72057594037927937 4289374890 729 2 1 550 926 2 72057594037927937 1 2133 2 144115188075856635 0 2133 2 144115188075856636 0 2133 2 144115188075856637 0 2133 2 144115188075856638 0 2133 2 144115188075856639 0 2133 2 144115188075856640 0 2133 2 144115188075856641 0 2133 2 144115188075856642 0 2133 2 144115188075856643 0 2133 2 144115188075856644 0 12 1 1224979098644774912 505 3 1224979098644774912 10 0 1702 1 1224979098644774912 1704 1 1224979098644774912 1707 1 1224979098644774912 1706 1 1224979098644774912 1716 2 1224979098644774913 1224979098644774912 1073741855 2 1224979098644774913 -1 31 2 1224979098644774913 648518346341351424 1773 2 1224979098644774914 1224979098644774912 4 0 31 2 1224979098644774914 0 4 0 2147483679 2 144115188075856635 1 2105 2 144115188075856644 1 3 0 2133 2 144115188075856635 1 5 0 31 2 1224979098644774914 1 4 0 2147483679 2 144115188075856636 1 2105 2 144115188075856644 1 3 0 2133 2 144115188075856636 1 5 0 31 2 1224979098644774914 2 4 0 2147483679 2 144115188075856637 1 2105 2 144115188075856644 1 3 0 2133 2 144115188075856637 1 5 0 31 2 1224979098644774914 3 4 0 2147483679 2 144115188075856638 1 2105 2 144115188075856644 1 3 0 2133 2 144115188075856638 1 5 0 31 2 1224979098644774914 4 4 0 2147483679 2 144115188075856639 1 2105 2 144115188075856644 1 3 0 2133 2 144115188075856639 1 5 0 31 2 1224979098644774914 5 4 0 2147483679 2 144115188075856640 1 2105 2 144115188075856644 1 3 0 2133 2 144115188075856640 1 5 0 31 2 1224979098644774914 6 4 0 2147483679 2 144115188075856641 1 2105 2 144115188075856644 1 3 0 2133 2 144115188075856641 1 5 0 31 2 1224979098644774914 7 4 0 2147483679 2 144115188075856642 1 2105 2 144115188075856644 1 3 0 2133 2 144115188075856642 1 5 0 31 2 1224979098644774914 8 4 0 2147483679 2 144115188075856643 1 2105 2 144115188075856644 1 3 0 2133 2 144115188075856643 1 3 0 3 0 2133 2 1224979098644774915 0 2133 2 1224979098644774916 653 2133 2 1224979098644774917 20 2133 2 1224979098644774918 662 2133 2 1224979098644774919 50 2133 2 1224979098644774920 660 4 0 31 2 144115188075856635 1 913 3 144115188075856645 1441151880758558776 1441151880758558776 729 2 1 1224979098644774915 730 2 1 1224979098644774916 926 2 144115188075856645 1 2105 2 1224979098644774916 -40 729 2 1 32500 730 2 1 2000 925 2 144115188075856645 1 922 2 144115188075856645 0 921 2 144115188075856645 16776960 918 3 144115188075856646 1441151880758558774 1441151880758558775 729 2 2 1224979098644774917 730 2 2 1224979098644774918 926 2 144115188075856646 2 2105 2 1224979098644774918 -40 910 3 144115188075856647 7 0 729 2 3 1224979098644774919 730 2 3 1224979098644774920 926 2 144115188075856647 3 2105 2 1224979098644774920 -40 910 3 144115188075856648 7 16 910 3 144115188075856649 7 16 910 3 144115188075856650 7 16 3 0 4 0 31 2 144115188075856636 1 913 3 144115188075856651 1441151880758558776 1441151880758558776 729 2 1 1224979098644774915 730 2 1 1224979098644774916 926 2 144115188075856651 1 2105 2 1224979098644774916 -40 729 2 1 32500 730 2 1 2000 925 2 144115188075856651 1 922 2 144115188075856651 0 921 2 144115188075856651 16776960 918 3 144115188075856652 1441151880758558774 1441151880758558775 729 2 2 1224979098644774917 730 2 2 1224979098644774918 926 2 144115188075856652 2 2105 2 1224979098644774918 -40 910 3 144115188075856653 7 0 729 2 3 1224979098644774919 730 2 3 1224979098644774920 926 2 144115188075856653 3 2105 2 1224979098644774920 -40 910 3 144115188075856654 7 16 910 3 144115188075856655 7 16 910 3 144115188075856656 7 16 3 0 4 0 31 2 144115188075856637 1 913 3 144115188075856657 1441151880758558776 1441151880758558776 729 2 1 1224979098644774915 730 2 1 1224979098644774916 926 2 144115188075856657 1 2105 2 1224979098644774916 -40 729 2 1 32500 730 2 1 2000 925 2 144115188075856657 1 922 2 144115188075856657 0 921 2 144115188075856657 16776960 918 3 144115188075856658 1441151880758558774 1441151880758558775 729 2 2 1224979098644774917 730 2 2 1224979098644774918 926 2 144115188075856658 2 2105 2 1224979098644774918 -40 910 3 144115188075856659 7 0 729 2 3 1224979098644774919 730 2 3 1224979098644774920 926 2 144115188075856659 3 2105 2 1224979098644774920 -40 910 3 144115188075856660 7 16 910 3 144115188075856661 7 16 910 3 144115188075856662 7 16 3 0 4 0 31 2 144115188075856638 1 913 3 144115188075856663 1441151880758558776 1441151880758558776 729 2 1 1224979098644774915 730 2 1 1224979098644774916 926 2 144115188075856663 1 2105 2 1224979098644774916 -40 729 2 1 32500 730 2 1 2000 925 2 144115188075856663 1 922 2 144115188075856663 0 921 2 144115188075856663 16776960 918 3 144115188075856664 1441151880758558774 1441151880758558775 729 2 2 1224979098644774917 730 2 2 1224979098644774918 926 2 144115188075856664 2 2105 2 1224979098644774918 -40 910 3 144115188075856665 7 0 729 2 3 1224979098644774919 730 2 3 1224979098644774920 926 2 144115188075856665 3 2105 2 1224979098644774920 -40 910 3 144115188075856666 7 16 910 3 144115188075856667 7 16 910 3 144115188075856668 7 16 3 0 4 0 31 2 144115188075856639 1 913 3 144115188075856669 1441151880758558776 1441151880758558776 729 2 1 1224979098644774915 730 2 1 1224979098644774916 926 2 144115188075856669 1 2105 2 1224979098644774916 -40 729 2 1 32500 730 2 1 2000 925 2 144115188075856669 1 922 2 144115188075856669 0 921 2 144115188075856669 16776960 918 3 144115188075856670 1441151880758558774 1441151880758558775 729 2 2 1224979098644774917 730 2 2 1224979098644774918 926 2 144115188075856670 2 2105 2 1224979098644774918 -40 910 3 144115188075856671 7 0 729 2 3 1224979098644774919 730 2 3 1224979098644774920 926 2 144115188075856671 3 2105 2 1224979098644774920 -40 910 3 144115188075856672 7 16 910 3 144115188075856673 7 16 910 3 144115188075856674 7 16 3 0 4 0 31 2 144115188075856640 1 913 3 144115188075856675 1441151880758558776 1441151880758558776 729 2 1 1224979098644774915 730 2 1 1224979098644774916 926 2 144115188075856675 1 2105 2 1224979098644774916 -40 729 2 1 32500 730 2 1 2000 925 2 144115188075856675 1 922 2 144115188075856675 0 921 2 144115188075856675 16776960 918 3 144115188075856676 1441151880758558774 1441151880758558775 729 2 2 1224979098644774917 730 2 2 1224979098644774918 926 2 144115188075856676 2 2105 2 1224979098644774918 -40 910 3 144115188075856677 7 0 729 2 3 1224979098644774919 730 2 3 1224979098644774920 926 2 144115188075856677 3 2105 2 1224979098644774920 -40 910 3 144115188075856678 7 16 910 3 144115188075856679 7 16 910 3 144115188075856680 7 16 3 0 4 0 31 2 144115188075856641 1 913 3 144115188075856681 1441151880758558776 1441151880758558776 729 2 1 1224979098644774915 730 2 1 1224979098644774916 926 2 144115188075856681 1 2105 2 1224979098644774916 -40 729 2 1 32500 730 2 1 2000 925 2 144115188075856681 1 922 2 144115188075856681 0 921 2 144115188075856681 16776960 918 3 144115188075856682 1441151880758558774 1441151880758558775 729 2 2 1224979098644774917 730 2 2 1224979098644774918 926 2 144115188075856682 2 2105 2 1224979098644774918 -40 910 3 144115188075856683 7 0 729 2 3 1224979098644774919 730 2 3 1224979098644774920 926 2 144115188075856683 3 2105 2 1224979098644774920 -40 910 3 144115188075856684 7 16 910 3 144115188075856685 7 16 910 3 144115188075856686 7 16 3 0 4 0 31 2 144115188075856642 1 913 3 144115188075856687 1441151880758558776 1441151880758558776 729 2 1 1224979098644774915 730 2 1 1224979098644774916 926 2 144115188075856687 1 2105 2 1224979098644774916 -40 729 2 1 32500 730 2 1 2000 925 2 144115188075856687 1 922 2 144115188075856687 0 921 2 144115188075856687 16776960 918 3 144115188075856688 1441151880758558774 1441151880758558775 729 2 2 1224979098644774917 730 2 2 1224979098644774918 926 2 144115188075856688 2 2105 2 1224979098644774918 -40 910 3 144115188075856689 7 0 729 2 3 1224979098644774919 730 2 3 1224979098644774920 926 2 144115188075856689 3 2105 2 1224979098644774920 -40 910 3 144115188075856690 7 16 910 3 144115188075856691 7 16 910 3 144115188075856692 7 16 3 0 4 0 31 2 144115188075856643 1 913 3 144115188075856693 1441151880758558776 1441151880758558776 729 2 1 1224979098644774915 730 2 1 1224979098644774916 926 2 144115188075856693 1 2105 2 1224979098644774916 -40 729 2 1 32500 730 2 1 2000 925 2 144115188075856693 1 922 2 144115188075856693 0 921 2 144115188075856693 16776960 918 3 144115188075856694 1441151880758558774 1441151880758558775 729 2 2 1224979098644774917 730 2 2 1224979098644774918 926 2 144115188075856694 2 2105 2 1224979098644774918 -40 910 3 144115188075856695 7 0 729 2 3 1224979098644774919 730 2 3 1224979098644774920 926 2 144115188075856695 3 2105 2 1224979098644774920 -40 910 3 144115188075856696 7 16 910 3 144115188075856697 7 16 910 3 144115188075856698 7 16 3 0 1700 1 1224979098644774921 1770 2 1224979098644774922 1224979098644774921 1 2 936748722493063468 1224979098644774922 2133 2 1224979098644774923 640 2133 2 1224979098644774924 144115188075856644 2107 2 1224979098644774924 -40 2105 2 1224979098644774923 1224979098644774924 943 3 144115188075856699 216172782113785617 0 943 3 144115188075856700 216172782113785617 0 943 3 144115188075856701 216172782113785617 0 943 3 144115188075856702 216172782113785617 0 931 2 144115188075856699 1585267068834415515 931 2 144115188075856699 1585267068834415514 931 2 144115188075856699 1585267068834415513 931 2 144115188075856699 1585267068834415688 912 3 144115188075856703 1585267068834415519 98320 921 2 144115188075856703 4294967295 912 3 144115188075856704 1585267068834415518 98320 921 2 144115188075856704 4294967295 912 3 144115188075856705 1585267068834415689 98320 921 2 144115188075856705 4294967295 912 3 144115188075856706 1585267068834415690 98320 921 2 144115188075856706 4294967295 729 2 1 600 730 2 1 600 925 2 144115188075856699 1 2105 2 1224979098644774923 -35 729 2 1 205 730 2 1 1224979098644774923 2105 2 1224979098644774923 35 926 2 144115188075856699 1 922 2 144115188075856699 96 927 2 144115188075856699 144115188075856293 2105 2 1224979098644774923 -40 729 2 1 130 730 2 1 1224979098644774923 2105 2 1224979098644774923 40 926 2 144115188075856703 1 2105 2 1224979098644774923 -20 729 2 1 130 730 2 1 1224979098644774923 2105 2 1224979098644774923 20 926 2 144115188075856704 1 2105 2 1224979098644774923 0 729 2 1 130 730 2 1 1224979098644774923 2105 2 1224979098644774923 0 926 2 144115188075856705 1 2105 2 1224979098644774923 20 729 2 1 130 730 2 1 1224979098644774923 2105 2 1224979098644774923 -20 926 2 144115188075856706 1 931 2 144115188075856700 1585267068834415162 931 2 144115188075856700 1585267068834415161 729 2 1 600 730 2 1 600 925 2 144115188075856700 1 729 2 1 350 730 2 1 1224979098644774923 926 2 144115188075856700 1 922 2 144115188075856700 96 927 2 144115188075856700 144115188075856294 931 2 144115188075856701 1585267068834415691 931 2 144115188075856701 1585267068834415692 729 2 1 600 730 2 1 600 925 2 144115188075856701 1 729 2 1 495 730 2 1 1224979098644774923 926 2 144115188075856701 1 922 2 144115188075856701 96 927 2 144115188075856701 144115188075856295 931 2 144115188075856702 1585267068834415537 931 2 144115188075856702 1585267068834415536 729 2 1 600 730 2 1 600 925 2 144115188075856702 1 2105 2 1224979098644774923 -35 729 2 1 495 730 2 1 1224979098644774923 2105 2 1224979098644774923 35 926 2 144115188075856702 1 922 2 144115188075856702 96 927 2 144115188075856702 144115188075856296 910 3 144115188075856707 216172782113785618 0 910 3 144115188075856708 216172782113785619 0 910 3 144115188075856709 216172782113785620 0 910 3 144115188075856710 1585267068834415693 16 910 3 144115188075856711 1585267068834415694 16 910 3 144115188075856712 216172782113785621 16 910 3 144115188075856713 1585267068834415695 16 910 3 144115188075856714 7 16 910 3 144115188075856715 7 16 910 3 144115188075856716 7 16 910 3 144115188075856717 7 16 910 3 144115188075856718 7 16 910 3 144115188075856719 7 16 910 3 144115188075856720 7 16 910 3 144115188075856721 7 16 910 3 144115188075856722 7 16 910 3 144115188075856723 7 16 910 3 144115188075856724 7 16 910 3 144115188075856725 7 16 913 3 144115188075856726 1441151880758558776 1441151880758558776 921 2 144115188075856726 0 729 2 1 15500 730 2 1 6000 925 2 144115188075856726 1 729 2 1 672 730 2 1 275 926 2 144115188075856726 1 922 2 144115188075856726 68 921 2 144115188075856726 1140411 729 2 1 750 730 2 1 750 925 2 144115188075856703 1 925 2 144115188075856704 1 925 2 144115188075856705 1 925 2 144115188075856706 1 925 2 144115188075856707 1 925 2 144115188075856708 1 925 2 144115188075856709 1 925 2 144115188075856710 1 925 2 144115188075856711 1 925 2 144115188075856713 1 925 2 144115188075856712 1 925 2 144115188075856714 1 925 2 144115188075856715 1 925 2 144115188075856716 1 925 2 144115188075856717 1 925 2 144115188075856718 1 925 2 144115188075856719 1 925 2 144115188075856720 1 925 2 144115188075856721 1 925 2 144115188075856722 1 925 2 144115188075856723 1 925 2 144115188075856724 1 925 2 144115188075856725 1 2133 2 1224979098644774915 675 2133 2 1224979098644774916 280 2105 2 1224979098644774915 70 2105 2 1224979098644774916 90 729 2 1 1224979098644774915 730 2 1 1224979098644774916 926 2 144115188075856710 1 2105 2 1224979098644774915 70 729 2 1 1224979098644774915 926 2 144115188075856711 1 2105 2 1224979098644774915 70 729 2 1 1224979098644774915 926 2 144115188075856712 1 2105 2 1224979098644774915 70 729 2 1 1224979098644774915 926 2 144115188075856713 1 2105 2 1224979098644774915 -280 2105 2 1224979098644774916 -30 729 2 1 1224979098644774915 730 2 1 1224979098644774916 926 2 144115188075856707 1 2105 2 1224979098644774916 -30 730 2 1 1224979098644774916 926 2 144115188075856708 1 2105 2 1224979098644774916 -30 730 2 1 1224979098644774916 926 2 144115188075856709 1 1799 2 2 3 717 3 4 2 3 2124 1 1000 726 2 1224979098644774925 4 727 2 1224979098644774926 4 2124 1 1000 2123 3 1224979098644774927 1224979098644774926 100 2123 3 1224979098644774927 1224979098644774925 1224979098644774927 4 0 32 2 1224979098644774927 100 2133 2 144115188075856727 300 2123 3 144115188075856728 1224979098644774925 144115188075856727 2123 3 144115188075856729 1224979098644774926 144115188075856728 5 0 2133 2 144115188075856729 300 2123 3 144115188075856728 1224979098644774926 144115188075856729 2123 3 144115188075856727 1224979098644774925 144115188075856728 3 0 913 3 144115188075856730 1441151880758558776 1441151880758558776 921 2 144115188075856730 0 2120 3 1224979098644774928 144115188075856727 20 2120 3 1224979098644774929 144115188075856729 20 2122 3 1224979098644774930 1224979098644774928 50 2122 3 1224979098644774931 1224979098644774929 50 729 2 1 1224979098644774930 730 2 1 1224979098644774931 925 2 144115188075856730 1 2121 3 1224979098644774932 990 1224979098644774928 2121 3 1224979098644774933 740 1224979098644774929 729 2 1 1224979098644774932 730 2 1 1224979098644774933 926 2 144115188075856730 1 922 2 144115188075856730 68 911 2 144115188075856731 1441151880758558779 911 2 144115188075856732 1441151880758558780 911 2 144115188075856733 1441151880758558781 922 2 144115188075856731 0 922 2 144115188075856732 0 922 2 144115188075856733 0 911 2 72057594037927936 1441151880758559297 922 2 72057594037927936 0 911 2 72057594037927936 1441151880758559298 922 2 72057594037927936 0 911 2 72057594037927936 1441151880758559299 922 2 72057594037927936 0 911 2 72057594037927936 1441151880758559300 922 2 72057594037927936 0 911 2 72057594037927936 1441151880758559301 922 2 72057594037927936 0 911 2 72057594037927936 1441151880758559302 922 2 72057594037927936 0 1 1 936748722493063472 1 1 936748722493063473 902 1 999999 940 3 144115188075856410 1585267068834415669 0 729 2 1 900 730 2 1 10 926 2 144115188075856410 1 918 3 72057594037927936 1441151880758558774 1441151880758558775 729 2 1 680 730 2 1 20 926 2 72057594037927936 1 927 2 72057594037927936 144115188075856419 910 2 72057594037927936 1585267068834415670 729 2 1 705 730 2 1 10 926 2 72057594037927936 1 
-62.000000  890 2071 1 1224979098644774912 2072 1 1224979098644774913 1700 1 1224979098644774914 1770 2 1224979098644774915 1224979098644774914 2133 2 1224979098644774916 0 4 0 31 2 144115188075856635 1 31 2 1224979098644774912 144115188075856646 2133 2 1224979098644774916 1 2133 2 144115188075856626 1224979098644774913 4 0 31 2 1224979098644774913 1 933 3 144115188075856645 250 68 5 0 933 3 144115188075856645 250 0 3 0 5 0 31 2 144115188075856636 1 31 2 1224979098644774912 144115188075856652 2133 2 1224979098644774916 1 2133 2 144115188075856627 1224979098644774913 4 0 31 2 1224979098644774913 1 933 3 144115188075856651 250 68 5 0 933 3 144115188075856651 250 0 3 0 5 0 31 2 144115188075856637 1 31 2 1224979098644774912 144115188075856658 2133 2 1224979098644774916 1 2133 2 144115188075856628 1224979098644774913 4 0 31 2 1224979098644774913 1 933 3 144115188075856657 250 68 5 0 933 3 144115188075856657 250 0 3 0 5 0 31 2 144115188075856638 1 31 2 1224979098644774912 144115188075856664 2133 2 1224979098644774916 1 2133 2 144115188075856629 1224979098644774913 4 0 31 2 1224979098644774913 1 933 3 144115188075856663 250 68 5 0 933 3 144115188075856663 250 0 3 0 5 0 31 2 144115188075856639 1 31 2 1224979098644774912 144115188075856670 2133 2 1224979098644774916 1 2133 2 144115188075856630 1224979098644774913 4 0 31 2 1224979098644774913 1 933 3 144115188075856669 250 68 5 0 933 3 144115188075856669 250 0 3 0 5 0 31 2 144115188075856640 1 31 2 1224979098644774912 144115188075856676 2133 2 1224979098644774916 1 2133 2 144115188075856631 1224979098644774913 4 0 31 2 1224979098644774913 1 933 3 144115188075856675 250 68 5 0 933 3 144115188075856675 250 0 3 0 5 0 31 2 144115188075856641 1 31 2 1224979098644774912 144115188075856682 2133 2 1224979098644774916 1 2133 2 144115188075856632 1224979098644774913 4 0 31 2 1224979098644774913 1 933 3 144115188075856681 250 68 5 0 933 3 144115188075856681 250 0 3 0 5 0 31 2 144115188075856642 1 31 2 1224979098644774912 144115188075856688 2133 2 1224979098644774916 1 2133 2 144115188075856633 1224979098644774913 4 0 31 2 1224979098644774913 1 933 3 144115188075856687 250 68 5 0 933 3 144115188075856687 250 0 3 0 5 0 31 2 144115188075856643 1 31 2 1224979098644774912 144115188075856694 2133 2 1224979098644774916 1 2133 2 144115188075856634 1224979098644774913 4 0 31 2 1224979098644774913 1 933 3 144115188075856693 250 68 5 0 933 3 144115188075856693 250 0 3 0 5 0 31 2 1224979098644774912 144115188075856645 2133 2 1224979098644774916 1 2133 2 144115188075856626 1 933 3 144115188075856645 250 68 927 2 144115188075856646 1 4 0 31 2 144115188075856636 1 2133 2 144115188075856627 0 927 2 144115188075856652 0 933 3 144115188075856651 250 0 3 0 4 0 31 2 144115188075856637 1 2133 2 144115188075856628 0 927 2 144115188075856658 0 933 3 144115188075856657 250 0 3 0 4 0 31 2 144115188075856638 1 2133 2 144115188075856629 0 927 2 144115188075856664 0 933 3 144115188075856663 250 0 3 0 4 0 31 2 144115188075856639 1 2133 2 144115188075856630 0 927 2 144115188075856670 0 933 3 144115188075856669 250 0 3 0 4 0 31 2 144115188075856640 1 2133 2 144115188075856631 0 927 2 144115188075856676 0 933 3 144115188075856675 250 0 3 0 4 0 31 2 144115188075856641 1 2133 2 144115188075856632 0 927 2 144115188075856682 0 933 3 144115188075856681 250 0 3 0 4 0 31 2 144115188075856642 1 2133 2 144115188075856633 0 927 2 144115188075856688 0 933 3 144115188075856687 250 0 3 0 4 0 31 2 144115188075856643 1 2133 2 144115188075856634 0 927 2 144115188075856694 0 933 3 144115188075856693 250 0 3 0 5 0 31 2 1224979098644774912 144115188075856651 2133 2 1224979098644774916 1 2133 2 144115188075856627 1 933 3 144115188075856651 250 68 927 2 144115188075856652 1 4 0 31 2 144115188075856635 1 2133 2 144115188075856626 0 927 2 144115188075856646 0 933 3 144115188075856645 250 0 3 0 4 0 31 2 144115188075856637 1 2133 2 144115188075856628 0 927 2 144115188075856658 0 933 3 144115188075856657 250 0 3 0 4 0 31 2 144115188075856638 1 2133 2 144115188075856629 0 927 2 144115188075856664 0 933 3 144115188075856663 250 0 3 0 4 0 31 2 144115188075856639 1 2133 2 144115188075856630 0 927 2 144115188075856670 0 933 3 144115188075856669 250 0 3 0 4 0 31 2 144115188075856640 1 2133 2 144115188075856631 0 927 2 144115188075856676 0 933 3 144115188075856675 250 0 3 0 4 0 31 2 144115188075856641 1 2133 2 144115188075856632 0 927 2 144115188075856682 0 933 3 144115188075856681 250 0 3 0 4 0 31 2 144115188075856642 1 2133 2 144115188075856633 0 927 2 144115188075856688 0 933 3 144115188075856687 250 0 3 0 4 0 31 2 144115188075856643 1 2133 2 144115188075856634 0 927 2 144115188075856694 0 933 3 144115188075856693 250 0 3 0 5 0 31 2 1224979098644774912 144115188075856657 2133 2 1224979098644774916 1 2133 2 144115188075856628 1 933 3 144115188075856657 250 68 927 2 144115188075856658 1 4 0 31 2 144115188075856635 1 2133 2 144115188075856626 0 927 2 144115188075856646 0 933 3 144115188075856645 250 0 3 0 4 0 31 2 144115188075856636 1 2133 2 144115188075856627 0 927 2 144115188075856652 0 933 3 144115188075856651 250 0 3 0 4 0 31 2 144115188075856638 1 2133 2 144115188075856629 0 927 2 144115188075856664 0 933 3 144115188075856663 250 0 3 0 4 0 31 2 144115188075856639 1 2133 2 144115188075856630 0 927 2 144115188075856670 0 933 3 144115188075856669 250 0 3 0 4 0 31 2 144115188075856640 1 2133 2 144115188075856631 0 927 2 144115188075856676 0 933 3 144115188075856675 250 0 3 0 4 0 31 2 144115188075856641 1 2133 2 144115188075856632 0 927 2 144115188075856682 0 933 3 144115188075856681 250 0 3 0 4 0 31 2 144115188075856642 1 2133 2 144115188075856633 0 927 2 144115188075856688 0 933 3 144115188075856687 250 0 3 0 4 0 31 2 144115188075856643 1 2133 2 144115188075856634 0 927 2 144115188075856694 0 933 3 144115188075856693 250 0 3 0 5 0 31 2 1224979098644774912 144115188075856663 2133 2 1224979098644774916 1 2133 2 144115188075856629 1 933 3 144115188075856663 250 68 927 2 144115188075856664 1 4 0 31 2 144115188075856635 1 2133 2 144115188075856626 0 927 2 144115188075856646 0 933 3 144115188075856645 250 0 3 0 4 0 31 2 144115188075856636 1 2133 2 144115188075856627 0 927 2 144115188075856652 0 933 3 144115188075856651 250 0 3 0 4 0 31 2 144115188075856637 1 2133 2 144115188075856628 0 927 2 144115188075856658 0 933 3 144115188075856657 250 0 3 0 4 0 31 2 144115188075856639 1 2133 2 144115188075856630 0 927 2 144115188075856670 0 933 3 144115188075856669 250 0 3 0 4 0 31 2 144115188075856640 1 2133 2 144115188075856631 0 927 2 144115188075856676 0 933 3 144115188075856675 250 0 3 0 4 0 31 2 144115188075856641 1 2133 2 144115188075856632 0 927 2 144115188075856682 0 933 3 144115188075856681 250 0 3 0 4 0 31 2 144115188075856642 1 2133 2 144115188075856633 0 927 2 144115188075856688 0 933 3 144115188075856687 250 0 3 0 4 0 31 2 144115188075856643 1 2133 2 144115188075856634 0 927 2 144115188075856694 0 933 3 144115188075856693 250 0 3 0 5 0 31 2 1224979098644774912 144115188075856669 2133 2 1224979098644774916 1 2133 2 144115188075856630 1 933 3 144115188075856669 250 68 927 2 144115188075856670 1 4 0 31 2 144115188075856635 1 2133 2 144115188075856626 0 927 2 144115188075856646 0 933 3 144115188075856645 250 0 3 0 4 0 31 2 144115188075856636 1 2133 2 144115188075856627 0 927 2 144115188075856652 0 933 3 144115188075856651 250 0 3 0 4 0 31 2 144115188075856637 1 2133 2 144115188075856628 0 927 2 144115188075856658 0 933 3 144115188075856657 250 0 3 0 4 0 31 2 144115188075856638 1 2133 2 144115188075856629 0 927 2 144115188075856664 0 933 3 144115188075856663 250 0 3 0 4 0 31 2 144115188075856640 1 2133 2 144115188075856631 0 927 2 144115188075856676 0 933 3 144115188075856675 250 0 3 0 4 0 31 2 144115188075856641 1 2133 2 144115188075856632 0 927 2 144115188075856682 0 933 3 144115188075856681 250 0 3 0 4 0 31 2 144115188075856642 1 2133 2 144115188075856633 0 927 2 144115188075856688 0 933 3 144115188075856687 250 0 3 0 4 0 31 2 144115188075856643 1 2133 2 144115188075856634 0 927 2 144115188075856694 0 933 3 144115188075856693 250 0 3 0 5 0 31 2 1224979098644774912 144115188075856675 2133 2 1224979098644774916 1 2133 2 144115188075856631 1 933 3 144115188075856675 250 68 927 2 144115188075856676 1 4 0 31 2 144115188075856635 1 2133 2 144115188075856626 0 927 2 144115188075856646 0 933 3 144115188075856645 250 0 3 0 4 0 31 2 144115188075856636 1 2133 2 144115188075856627 0 927 2 144115188075856652 0 933 3 144115188075856651 250 0 3 0 4 0 31 2 144115188075856637 1 2133 2 144115188075856628 0 927 2 144115188075856658 0 933 3 144115188075856657 250 0 3 0 4 0 31 2 144115188075856638 1 2133 2 144115188075856629 0 927 2 144115188075856664 0 933 3 144115188075856663 250 0 3 0 4 0 31 2 144115188075856639 1 2133 2 144115188075856630 0 927 2 144115188075856670 0 933 3 144115188075856669 250 0 3 0 4 0 31 2 144115188075856641 1 2133 2 144115188075856632 0 927 2 144115188075856682 0 933 3 144115188075856681 250 0 3 0 4 0 31 2 144115188075856642 1 2133 2 144115188075856633 0 927 2 144115188075856688 0 933 3 144115188075856687 250 0 3 0 4 0 31 2 144115188075856643 1 2133 2 144115188075856634 0 927 2 144115188075856694 0 933 3 144115188075856693 250 0 3 0 5 0 31 2 1224979098644774912 144115188075856681 2133 2 1224979098644774916 1 2133 2 144115188075856632 1 933 3 144115188075856681 250 68 927 2 144115188075856682 1 4 0 31 2 144115188075856635 1 2133 2 144115188075856626 0 927 2 144115188075856646 0 933 3 144115188075856645 250 0 3 0 4 0 31 2 144115188075856636 1 2133 2 144115188075856627 0 927 2 144115188075856652 0 933 3 144115188075856651 250 0 3 0 4 0 31 2 144115188075856637 1 2133 2 144115188075856628 0 927 2 144115188075856658 0 933 3 144115188075856657 250 0 3 0 4 0 31 2 144115188075856638 1 2133 2 144115188075856629 0 927 2 144115188075856664 0 933 3 144115188075856663 250 0 3 0 4 0 31 2 144115188075856639 1 2133 2 144115188075856630 0 927 2 144115188075856670 0 933 3 144115188075856669 250 0 3 0 4 0 31 2 144115188075856640 1 2133 2 144115188075856631 0 927 2 144115188075856676 0 933 3 144115188075856675 250 0 3 0 4 0 31 2 144115188075856642 1 2133 2 144115188075856633 0 927 2 144115188075856688 0 933 3 144115188075856687 250 0 3 0 4 0 31 2 144115188075856643 1 2133 2 144115188075856634 0 927 2 144115188075856694 0 933 3 144115188075856693 250 0 3 0 5 0 31 2 1224979098644774912 144115188075856687 2133 2 1224979098644774916 1 2133 2 144115188075856633 1 933 3 144115188075856687 250 68 927 2 144115188075856688 1 4 0 31 2 144115188075856635 1 2133 2 144115188075856626 0 927 2 144115188075856646 0 933 3 144115188075856645 250 0 3 0 4 0 31 2 144115188075856636 1 2133 2 144115188075856627 0 927 2 144115188075856652 0 933 3 144115188075856651 250 0 3 0 4 0 31 2 144115188075856637 1 2133 2 144115188075856628 0 927 2 144115188075856658 0 933 3 144115188075856657 250 0 3 0 4 0 31 2 144115188075856638 1 2133 2 144115188075856629 0 927 2 144115188075856664 0 933 3 144115188075856663 250 0 3 0 4 0 31 2 144115188075856639 1 2133 2 144115188075856630 0 927 2 144115188075856670 0 933 3 144115188075856669 250 0 3 0 4 0 31 2 144115188075856640 1 2133 2 144115188075856631 0 927 2 144115188075856676 0 933 3 144115188075856675 250 0 3 0 4 0 31 2 144115188075856641 1 2133 2 144115188075856632 0 927 2 144115188075856682 0 933 3 144115188075856681 250 0 3 0 4 0 31 2 144115188075856643 1 2133 2 144115188075856634 0 927 2 144115188075856694 0 933 3 144115188075856693 250 0 3 0 5 0 31 2 1224979098644774912 144115188075856693 2133 2 1224979098644774916 1 2133 2 144115188075856634 1 933 3 144115188075856693 250 68 927 2 144115188075856694 1 4 0 31 2 144115188075856635 1 2133 2 144115188075856626 0 927 2 144115188075856646 0 933 3 144115188075856645 250 0 3 0 4 0 31 2 144115188075856636 1 2133 2 144115188075856627 0 927 2 144115188075856652 0 933 3 144115188075856651 250 0 3 0 4 0 31 2 144115188075856637 1 2133 2 144115188075856628 0 927 2 144115188075856658 0 933 3 144115188075856657 250 0 3 0 4 0 31 2 144115188075856638 1 2133 2 144115188075856629 0 927 2 144115188075856664 0 933 3 144115188075856663 250 0 3 0 4 0 31 2 144115188075856639 1 2133 2 144115188075856630 0 927 2 144115188075856670 0 933 3 144115188075856669 250 0 3 0 4 0 31 2 144115188075856640 1 2133 2 144115188075856631 0 927 2 144115188075856676 0 933 3 144115188075856675 250 0 3 0 4 0 31 2 144115188075856641 1 2133 2 144115188075856632 0 927 2 144115188075856682 0 933 3 144115188075856681 250 0 3 0 4 0 31 2 144115188075856642 1 2133 2 144115188075856633 0 927 2 144115188075856688 0 933 3 144115188075856687 250 0 3 0 5 0 31 2 1224979098644774912 144115188075856703 1 3 936748722493063467 1224979098644774914 8 5 0 31 2 1224979098644774912 144115188075856704 1 3 936748722493063467 1224979098644774914 7 5 0 31 2 1224979098644774912 144115188075856705 1 3 936748722493063467 1224979098644774914 6 5 0 31 2 1224979098644774912 144115188075856706 1 3 936748722493063467 1224979098644774914 5 5 0 31 2 1224979098644774912 144115188075856699 4 0 31 2 1224979098644774913 3 1 3 936748722493063467 1224979098644774914 0 1 2 936748722493063468 1224979098644774915 2133 2 144115188075856293 3 5 0 31 2 1224979098644774913 2 1 3 936748722493063467 1224979098644774914 1 1 2 936748722493063468 1224979098644774915 2133 2 144115188075856293 2 5 0 31 2 1224979098644774913 1 1 3 936748722493063467 1224979098644774914 2 1 2 936748722493063468 1224979098644774915 2133 2 144115188075856293 1 5 0 31 2 1224979098644774913 0 1 3 936748722493063467 1224979098644774914 11 1 2 936748722493063468 1224979098644774915 2133 2 144115188075856293 0 3 0 5 0 31 2 1224979098644774912 144115188075856700 4 0 31 2 1224979098644774913 1 1 3 936748722493063467 1224979098644774914 3 1 2 936748722493063468 1224979098644774915 2133 2 144115188075856294 1 5 0 31 2 1224979098644774913 0 1 3 936748722493063467 1224979098644774914 4 1 2 936748722493063468 1224979098644774915 2133 2 144115188075856294 0 3 0 5 0 31 2 1224979098644774912 144115188075856701 4 0 31 2 1224979098644774913 1 1 3 936748722493063467 1224979098644774914 12 1 2 936748722493063468 1224979098644774915 2133 2 144115188075856295 1 5 0 31 2 1224979098644774913 0 1 3 936748722493063467 1224979098644774914 13 1 2 936748722493063468 1224979098644774915 2133 2 144115188075856295 0 3 0 5 0 31 2 1224979098644774912 144115188075856702 4 0 31 2 1224979098644774913 1 1 3 936748722493063467 1224979098644774914 10 1 2 936748722493063468 1224979098644774915 2133 2 144115188075856296 1 5 0 31 2 1224979098644774913 0 1 3 936748722493063467 1224979098644774914 9 1 2 936748722493063468 1224979098644774915 2133 2 144115188075856296 0 3 0 5 0 31 2 1224979098644774912 144115188075856730 1799 2 2 3 75 1 1 2124 1 1000 726 2 1224979098644774917 1 727 2 1224979098644774918 1 2121 3 1224979098644774919 980 144115188075856727 2121 3 1224979098644774920 730 144115188075856729 2106 2 1224979098644774917 1224979098644774919 2106 2 1224979098644774918 1224979098644774920 2112 3 1224979098644774917 0 144115188075856727 2112 3 1224979098644774918 0 144115188075856729 2107 2 1224979098644774917 144115188075856728 2107 2 1224979098644774918 144115188075856728 2124 1 1000 729 2 1 1224979098644774917 730 2 1 1224979098644774918 716 3 3 2 1 4 0 31 2 144115188075856626 1 1790 3 1224979098644774915 0 0 1791 3 1224979098644774915 0 3 3 0 4 0 31 2 144115188075856627 1 1790 3 1224979098644774915 1 0 1791 3 1224979098644774915 1 3 3 0 4 0 31 2 144115188075856628 1 1790 3 1224979098644774915 2 0 1791 3 1224979098644774915 2 3 3 0 4 0 31 2 144115188075856629 1 1790 3 1224979098644774915 3 0 1791 3 1224979098644774915 3 3 3 0 4 0 31 2 144115188075856630 1 1790 3 1224979098644774915 4 0 1791 3 1224979098644774915 4 3 3 0 4 0 31 2 144115188075856631 1 1790 3 1224979098644774915 5 0 1791 3 1224979098644774915 5 3 3 0 4 0 31 2 144115188075856632 1 1790 3 1224979098644774915 6 0 1791 3 1224979098644774915 6 3 3 0 4 0 31 2 144115188075856633 1 1790 3 1224979098644774915 7 0 1791 3 1224979098644774915 7 3 3 0 4 0 31 2 144115188075856634 1 1790 3 1224979098644774915 8 0 1791 3 1224979098644774915 8 3 3 0 2133 2 1224979098644774921 1 2130 1 1224979098644774921 2124 1 100 1 4 936748722493063973 24 144115188075857169 9 6 3 1224979098644774922 0 9 2133 2 1224979098644774923 0 4 0 31 2 1224979098644774922 0 31 2 144115188075856626 1 2133 2 1224979098644774923 1 5 0 31 2 1224979098644774922 1 31 2 144115188075856627 1 2133 2 1224979098644774923 1 5 0 31 2 1224979098644774922 2 31 2 144115188075856628 1 2133 2 1224979098644774923 1 5 0 31 2 1224979098644774922 3 31 2 144115188075856629 1 2133 2 1224979098644774923 1 5 0 31 2 1224979098644774922 4 31 2 144115188075856630 1 2133 2 1224979098644774923 1 5 0 31 2 1224979098644774922 5 31 2 144115188075856631 1 2133 2 1224979098644774923 1 5 0 31 2 1224979098644774922 6 31 2 144115188075856632 1 2133 2 1224979098644774923 1 5 0 31 2 1224979098644774922 7 31 2 144115188075856633 1 2133 2 1224979098644774923 1 5 0 31 2 1224979098644774922 8 31 2 144115188075856634 1 2133 2 1224979098644774923 1 3 0 31 2 1224979098644774923 1 2120 3 1224979098644774924 185 1224979098644774922 529 3 1224979098644774925 144115188075857169 1224979098644774924 2147483679 2 1224979098644774925 0 700 2 1 3 1 3 936748722493063965 1 24 1 4 936748722493063958 144115188075857169 1224979098644774922 1 2120 3 1224979098644774924 14 1224979098644774922 529 3 1224979098644774926 144115188075857169 1224979098644774924 2120 3 1224979098644774924 194 1224979098644774922 529 3 1224979098644774927 144115188075857169 1224979098644774924 2120 3 1224979098644774924 176 1224979098644774922 4 0 549 3 144115188075857169 1224979098644774924 1 1 4 936748722493063954 1 1224979098644774926 1224979098644774927 2107 2 72057594037927936 -1 2133 2 1224979098644774928 936748722493063948 5 0 1073742373 3 144115188075857169 1224979098644774924 2 549 3 144115188075857169 1224979098644774924 5 1 4 936748722493063954 1224979098644774925 1224979098644774926 1224979098644774927 2133 2 1224979098644774928 936748722493063947 5 0 1 4 936748722493063954 1224979098644774925 1224979098644774926 1224979098644774927 2133 2 1224979098644774928 936748722493063949 3 0 720 2 1 72057594037927936 1 6 1224979098644774928 144115188075857169 1224979098644774922 144115188075857168 1224979098644774927 1224979098644774925 2120 3 1224979098644774924 203 1224979098644774922 509 3 144115188075857169 1224979098644774924 0 3 0 2124 1 1224979098644774921 1 1 936748722493063471 1 1 936748722493063471 1 2 936748722493063468 1224979098644774915 3 0 4 0 31 2 1224979098644774916 1 1795 2 1224979098644774915 -1 4 0 1073741855 2 144115188075856626 1 31 2 144115188075856635 0 1073741855 2 144115188075856627 1 31 2 144115188075856636 0 1073741855 2 144115188075856628 1 31 2 144115188075856637 0 1073741855 2 144115188075856629 1 31 2 144115188075856638 0 1073741855 2 144115188075856630 1 31 2 144115188075856639 0 1073741855 2 144115188075856631 1 31 2 144115188075856640 0 1073741855 2 144115188075856632 1 31 2 144115188075856641 0 1073741855 2 144115188075856633 1 31 2 144115188075856642 0 1073741855 2 144115188075856634 1 31 2 144115188075856643 0 1795 2 1224979098644774915 9 5 0 31 2 144115188075856626 1 1795 3 1224979098644774915 0 1 5 0 31 2 144115188075856627 1 1795 3 1224979098644774915 1 1 5 0 31 2 144115188075856628 1 1795 3 1224979098644774915 2 1 5 0 31 2 144115188075856629 1 1795 3 1224979098644774915 3 1 5 0 31 2 144115188075856630 1 1795 3 1224979098644774915 4 1 5 0 31 2 144115188075856631 1 1795 3 1224979098644774915 5 1 5 0 31 2 144115188075856632 1 1795 3 1224979098644774915 6 1 5 0 31 2 144115188075856633 1 1795 3 1224979098644774915 7 1 5 0 31 2 144115188075856634 1 1795 3 1224979098644774915 8 1 3 0 5 0 31 2 1224979098644774912 144115188075856410 2133 2 144115188075857037 1 902 1 0 900 1 1513209474796486692 5 0 2120 3 1224979098644774929 144115188075856410 1 31 2 1224979098644774912 1224979098644774929 2133 2 144115188075856419 1224979098644774913 4 0 31 2 1224979098644774913 1 501 3 648518346341351424 78 1 501 3 648518346341351424 79 1 501 3 648518346341351424 80 1 501 3 648518346341351424 81 1 501 3 648518346341351424 83 1 501 3 648518346341351424 84 1 501 3 648518346341351424 85 1 501 3 648518346341351424 76 0 501 3 648518346341351424 77 0 501 3 648518346341351424 82 1 501 3 648518346341351424 89 1 501 3 648518346341351424 90 1 501 3 648518346341351424 91 1 501 3 648518346341351424 92 1 501 3 648518346341351424 86 1 501 3 648518346341351424 87 1 501 3 648518346341351424 88 0 5 0 1 1 936748722493063892 3 0 3 0 
-63.000000  129 2071 1 1224979098644774912 2072 1 1224979098644774913 4 0 31 2 1224979098644774912 144115188075856645 4 0 31 2 1224979098644774913 0 932 3 144115188075856648 250 16777215 932 3 144115188075856649 250 16777215 932 3 144115188075856650 250 16777215 932 3 144115188075856647 250 16777215 5 0 932 3 144115188075856648 250 0 932 3 144115188075856649 250 0 932 3 144115188075856650 250 0 932 3 144115188075856647 250 0 3 0 5 0 31 2 1224979098644774912 144115188075856651 4 0 31 2 1224979098644774913 0 932 3 144115188075856654 250 16777215 932 3 144115188075856655 250 16777215 932 3 144115188075856656 250 16777215 932 3 144115188075856653 250 16777215 5 0 932 3 144115188075856654 250 0 932 3 144115188075856655 250 0 932 3 144115188075856656 250 0 932 3 144115188075856653 250 0 3 0 5 0 31 2 1224979098644774912 144115188075856657 4 0 31 2 1224979098644774913 0 932 3 144115188075856660 250 16777215 932 3 144115188075856661 250 16777215 932 3 144115188075856662 250 16777215 932 3 144115188075856659 250 16777215 5 0 932 3 144115188075856660 250 0 932 3 144115188075856661 250 0 932 3 144115188075856662 250 0 932 3 144115188075856659 250 0 3 0 5 0 31 2 1224979098644774912 144115188075856663 4 0 31 2 1224979098644774913 0 932 3 144115188075856666 250 16777215 932 3 144115188075856667 250 16777215 932 3 144115188075856668 250 16777215 932 3 144115188075856665 250 16777215 5 0 932 3 144115188075856666 250 0 932 3 144115188075856667 250 0 932 3 144115188075856668 250 0 932 3 144115188075856665 250 0 3 0 5 0 31 2 1224979098644774912 144115188075856669 4 0 31 2 1224979098644774913 0 932 3 144115188075856672 250 16777215 932 3 144115188075856673 250 16777215 932 3 144115188075856674 250 16777215 932 3 144115188075856671 250 16777215 5 0 932 3 144115188075856672 250 0 932 3 144115188075856673 250 0 932 3 144115188075856674 250 0 932 3 144115188075856671 250 0 3 0 5 0 31 2 1224979098644774912 144115188075856675 4 0 31 2 1224979098644774913 0 932 3 144115188075856678 250 16777215 932 3 144115188075856679 250 16777215 932 3 144115188075856680 250 16777215 932 3 144115188075856677 250 16777215 5 0 932 3 144115188075856678 250 0 932 3 144115188075856679 250 0 932 3 144115188075856680 250 0 932 3 144115188075856677 250 0 3 0 5 0 31 2 1224979098644774912 144115188075856681 4 0 31 2 1224979098644774913 0 932 3 144115188075856684 250 16777215 932 3 144115188075856685 250 16777215 932 3 144115188075856686 250 16777215 932 3 144115188075856683 250 16777215 5 0 932 3 144115188075856684 250 0 932 3 144115188075856685 250 0 932 3 144115188075856686 250 0 932 3 144115188075856683 250 0 3 0 5 0 31 2 1224979098644774912 144115188075856687 4 0 31 2 1224979098644774913 0 932 3 144115188075856690 250 16777215 932 3 144115188075856691 250 16777215 932 3 144115188075856692 250 16777215 932 3 144115188075856689 250 16777215 5 0 932 3 144115188075856690 250 0 932 3 144115188075856691 250 0 932 3 144115188075856692 250 0 932 3 144115188075856689 250 0 3 0 5 0 31 2 1224979098644774912 144115188075856693 4 0 31 2 1224979098644774913 0 932 3 144115188075856696 250 16777215 932 3 144115188075856697 250 16777215 932 3 144115188075856698 250 16777215 932 3 144115188075856695 250 16777215 5 0 932 3 144115188075856696 250 0 932 3 144115188075856697 250 0 932 3 144115188075856698 250 0 932 3 144115188075856695 250 0 3 0 3 0 
-61.000000  34 2071 1 1224979098644774912 4 0 1073741897 1 30 1073741897 1 31 1073741897 1 32 1073741897 1 33 1073741897 1 34 1073741897 1 35 1073741897 1 36 1073741897 1 37 1073741897 1 38 1073741897 1 29 73 1 39 1 1 936748722493063472 3 0 4 0 1073741897 1 23 1073741897 1 24 1073741897 1 25 1073741897 1 26 1073741897 1 27 73 1 28 1700 1 1224979098644774913 1770 2 1224979098644774914 1224979098644774913 1 2 936748722493063468 1224979098644774914 3 0 4 0 32 2 1224979098644774912 200 73 1 22 12 1 1224979098644774915 505 3 1224979098644774915 10 0 3 0 902 1 0 3 0 


prsnt_sliders 0 0 3
-60.000000  39 2124 1 1000 914 3 144115188075856734 0 100 914 3 144115188075856735 0 100 914 3 144115188075856736 0 100 914 3 144115188075856737 0 100 2133 2 72057594037927937 25 2320 2 1 216172782113783817 910 2 144115188075856738 1 910 2 144115188075856739 1 910 2 144115188075856740 1 910 2 144115188075856741 1 2133 2 144115188075856742 25 927 2 144115188075856734 25 2133 2 144115188075856743 25 927 2 144115188075856735 25 2133 2 144115188075856744 25 927 2 144115188075856736 25 2133 2 144115188075856745 25 927 2 144115188075856737 25 729 2 1 600 730 2 1 200 926 2 144115188075856734 1 730 2 1 300 926 2 144115188075856735 1 730 2 1 400 926 2 144115188075856736 1 730 2 1 500 926 2 144115188075856737 1 729 2 1 800 730 2 1 200 926 2 144115188075856738 1 730 2 1 300 926 2 144115188075856739 1 730 2 1 400 926 2 144115188075856740 1 730 2 1 500 926 2 144115188075856741 1 729 2 1 500 925 2 144115188075856736 1 
-61.000000  0 
-62.000000  107 2071 1 1224979098644774912 2072 1 1224979098644774913 2133 2 1224979098644774914 0 4 0 31 2 1224979098644774912 144115188075856734 4 0 2147483679 2 144115188075856742 1224979098644774913 2133 2 144115188075856742 1224979098644774913 2133 2 1224979098644774914 1 3 0 5 0 31 2 1224979098644774912 144115188075856735 4 0 2147483679 2 144115188075856743 1224979098644774913 2133 2 144115188075856743 1224979098644774913 2133 2 1224979098644774914 1 3 0 5 0 31 2 1224979098644774912 144115188075856736 4 0 2147483679 2 144115188075856744 1224979098644774913 2133 2 144115188075856744 1224979098644774913 2133 2 1224979098644774914 1 3 0 5 0 31 2 1224979098644774912 144115188075856737 4 0 2147483679 2 144115188075856745 1224979098644774913 2133 2 144115188075856745 1224979098644774913 2133 2 1224979098644774914 1 3 0 3 0 4 0 31 2 1224979098644774914 1 2133 2 1224979098644774915 0 2105 2 1224979098644774915 144115188075856742 2105 2 1224979098644774915 144115188075856743 2105 2 1224979098644774915 144115188075856744 2105 2 1224979098644774915 144115188075856745 2121 3 1224979098644774916 100 1224979098644774915 2133 2 1224979098644774917 144115188075856742 2133 2 1224979098644774918 144115188075856743 2133 2 1224979098644774919 144115188075856744 2133 2 1224979098644774920 144115188075856745 2133 2 1224979098644774921 1 2133 2 1224979098644774922 0 2133 2 1224979098644774923 100 4 0 2147483678 2 1224979098644774916 0 2107 2 1224979098644774916 -1 2133 2 1224979098644774921 -1 2133 2 1224979098644774922 1 2133 2 1224979098644774923 101 3 0 2121 3 1224979098644774924 1224979098644774915 1224979098644774913 2105 2 1224979098644774924 30 6 3 1224979098644774925 0 1224979098644774916 2136 3 1224979098644774926 0 1224979098644774924 4 0 2147483679 2 1224979098644774912 144115188075856734 2106 2 1224979098644774926 144115188075856742 2106 2 1224979098644774926 10 2147483678 2 1224979098644774926 0 33 3 1224979098644774917 1224979098644774922 1224979098644774923 2105 2 1224979098644774917 1224979098644774921 5 0 2147483679 2 1224979098644774912 144115188075856735 2106 2 1224979098644774926 144115188075856743 2106 2 1224979098644774926 10 2147483678 2 1224979098644774926 0 33 3 1224979098644774918 1224979098644774922 1224979098644774923 2105 2 1224979098644774918 1224979098644774921 5 0 2147483679 2 1224979098644774912 144115188075856736 2106 2 1224979098644774926 144115188075856744 2106 2 1224979098644774926 10 2147483678 2 1224979098644774926 0 33 3 1224979098644774919 1224979098644774922 1224979098644774923 2105 2 1224979098644774919 1224979098644774921 5 0 33 3 1224979098644774920 1224979098644774922 1224979098644774923 2105 2 1224979098644774920 1224979098644774921 5 0 2105 2 1224979098644774916 1 3 0 3 0 2133 2 144115188075856742 1224979098644774917 2133 2 144115188075856743 1224979098644774918 2133 2 144115188075856744 1224979098644774919 2133 2 144115188075856745 1224979098644774920 3 0 927 2 144115188075856734 144115188075856742 927 2 144115188075856735 144115188075856743 927 2 144115188075856736 144115188075856744 927 2 144115188075856737 144115188075856745 2133 2 72057594037927937 144115188075856742 2320 2 1 216172782113783817 920 2 144115188075856738 1 2133 2 72057594037927937 144115188075856743 2320 2 1 216172782113783817 920 2 144115188075856739 1 2133 2 72057594037927937 144115188075856744 2320 2 1 216172782113783817 920 2 144115188075856740 1 2133 2 72057594037927937 144115188075856745 2320 2 1 216172782113783817 920 2 144115188075856741 1 


prsnt_arena_training 3 0 2
-60.000000  17 902 1 999999 2124 1 1000 1700 1 1224979098644774912 1723 3 72057594037927937 1224979098644774912 1 2320 2 1 1585267068834415696 910 2 144115188075856746 1 921 2 144115188075856746 16777215 729 2 1 10 730 2 1 700 926 2 144115188075856746 1 2133 2 72057594037927937 0 2320 2 1 1585267068834415697 910 2 144115188075856747 1 921 2 144115188075856747 16777215 729 2 1 10 730 2 1 670 926 2 144115188075856747 1 
-61.000000  14 1700 1 1224979098644774912 1723 3 72057594037927937 1224979098644774912 1 2320 2 1 1585267068834415698 920 2 144115188075856746 1 2133 2 1224979098644774913 144115188075856313 12 1 1224979098644774914 1704 1 1224979098644774914 2147485350 1 1224979098644774914 2147483679 2 1224979098644774914 1224979098644774912 2106 2 1224979098644774913 1 3 0 2133 2 72057594037927937 1224979098644774913 2320 2 1 1585267068834415699 920 2 144115188075856747 1 


prsnt_retirement 0 53 2
-60.000000  639 902 1 999999 2124 1 1000 912 3 144115188075856748 1585267068834415700 16 912 3 144115188075856749 1585267068834415701 16 729 2 1 500 730 2 1 80 926 2 144115188075856748 1 730 2 1 40 926 2 144115188075856749 1 2133 2 1224979098644774912 0 2149 2 1224979098644774913 360287970189639680 2123 3 1224979098644774914 1224979098644774913 200 2105 2 1224979098644774912 1224979098644774914 2133 2 1224979098644774915 0 2133 2 1224979098644774916 0 2133 2 1224979098644774917 0 2133 2 1224979098644774918 0 2133 2 1224979098644774919 0 2133 2 1224979098644774920 0 2133 2 1224979098644774921 0 6 3 1224979098644774922 648518346341351448 648518346341351726 521 3 1224979098644774923 1224979098644774922 0 4 0 541 3 1224979098644774922 7 360287970189639680 4 0 31 2 1224979098644774923 3 2105 2 1224979098644774915 1 5 0 31 2 1224979098644774923 2 2105 2 1224979098644774916 1 5 0 2105 2 1224979098644774917 1 3 0 3 0 521 3 1224979098644774924 1224979098644774922 26 4 0 30 2 1224979098644774924 40 4 0 31 2 1224979098644774923 3 2105 2 1224979098644774918 1 5 0 31 2 1224979098644774923 4 2105 2 1224979098644774919 1 3 0 5 0 2147483680 2 1224979098644774924 -40 4 0 31 2 1224979098644774923 3 2105 2 1224979098644774920 1 5 0 31 2 1224979098644774923 4 2105 2 1224979098644774921 1 3 0 3 0 3 0 2122 3 1224979098644774925 1224979098644774915 100 2122 3 1224979098644774926 1224979098644774916 50 2122 3 1224979098644774927 1224979098644774917 20 2120 3 1224979098644774928 1224979098644774915 1224979098644774916 2105 2 1224979098644774928 1224979098644774917 2120 3 1224979098644774929 1224979098644774925 1224979098644774926 2105 2 1224979098644774929 1224979098644774927 2105 2 1224979098644774912 1224979098644774929 2122 3 1224979098644774930 1224979098644774918 20 2122 3 1224979098644774931 1224979098644774919 4 2120 3 1224979098644774932 1224979098644774918 1224979098644774919 2120 3 1224979098644774933 1224979098644774930 1224979098644774931 2105 2 1224979098644774912 1224979098644774933 2122 3 1224979098644774934 1224979098644774920 -40 2122 3 1224979098644774935 1224979098644774921 -8 2120 3 1224979098644774936 1224979098644774920 1224979098644774921 2120 3 1224979098644774937 1224979098644774934 1224979098644774935 2105 2 1224979098644774912 1224979098644774937 2133 2 1224979098644774938 0 1540 2 1224979098644774939 360287970189639680 6 3 1224979098644774940 0 1224979098644774939 1541 3 1224979098644774941 360287970189639680 1224979098644774940 30 2 1224979098644774941 0 2230 2 1224979098644774942 1224979098644774941 2105 2 1224979098644774938 1224979098644774942 3 0 2123 3 1224979098644774943 1224979098644774938 200 2105 2 1224979098644774912 1224979098644774943 520 3 1224979098644774944 360287970189639680 7 2123 3 1224979098644774945 1224979098644774944 1 2105 2 1224979098644774912 1224979098644774945 2133 2 1224979098644774946 0 2133 2 1224979098644774947 0 6 3 1224979098644774948 360287970189639895 360287970189640205 1073742364 3 1224979098644774948 2 2 540 3 1224979098644774948 2 6 1 2 936748722493063372 1224979098644774948 2133 2 1224979098644774924 72057594037927936 4 0 30 2 1224979098644774924 40 2105 2 1224979098644774947 1 5 0 2147483680 2 1224979098644774924 -40 2105 2 1224979098644774946 1 3 0 3 0 2122 3 1224979098644774949 1224979098644774947 10 2105 2 1224979098644774912 1224979098644774949 2122 3 1224979098644774950 1224979098644774946 -10 2105 2 1224979098644774912 1224979098644774950 2272 1 1224979098644774951 2123 3 1224979098644774952 1224979098644774951 -1 2105 2 1224979098644774912 1224979098644774952 2122 3 1224979098644774953 144115188075856207 2 2105 2 1224979098644774912 1224979098644774953 2122 3 1224979098644774954 144115188075856209 -3 2105 2 1224979098644774912 1224979098644774954 2122 3 1224979098644774955 144115188075856855 4 2105 2 1224979098644774912 1224979098644774955 1515 2 1224979098644774956 360287970189639680 2123 3 1224979098644774957 1224979098644774956 5000 2105 2 1224979098644774912 1224979098644774957 2133 2 1224979098644774958 0 2133 2 1224979098644774959 0 6 3 1224979098644774948 360287970189639895 360287970189639911 4 0 540 3 1224979098644774948 2 5 2105 2 1224979098644774958 1 5 0 560 3 1224979098644774948 82 1 2105 2 1224979098644774959 1 3 0 3 0 2123 3 1224979098644774960 1224979098644774958 2 2105 2 1224979098644774912 1224979098644774960 2123 3 1224979098644774961 1224979098644774959 -4 2105 2 1224979098644774912 1224979098644774961 990 1 1224979098644774962 2133 2 1224979098644774963 1224979098644774912 2107 2 1224979098644774912 1224979098644774962 2108 2 1224979098644774912 75 2107 2 1224979098644774912 1224979098644774962 2108 2 1224979098644774912 75 2121 3 1224979098644774963 1224979098644774912 1224979098644774963 2133 2 72057594037927941 1224979098644774951 2171 2 72057594037927940 360287970189639680 910 3 72057594037927937 1585267068834415702 16 729 2 1 700 730 2 1 700 926 2 72057594037927937 1 729 2 1 950 730 2 1 950 925 2 72057594037927937 1 910 3 72057594037927938 1585267068834415703 16 729 2 1 750 730 2 1 750 925 2 72057594037927938 1 729 2 1 850 730 2 1 670 926 2 72057594037927938 1 2133 2 72057594037927936 1224979098644774928 910 3 72057594037927937 1585267068834415704 0 729 2 1 750 730 2 1 750 925 2 72057594037927937 1 729 2 1 600 730 2 1 650 926 2 72057594037927937 1 2133 2 72057594037927936 1224979098644774929 910 3 72057594037927937 1585267068834415705 16 729 2 1 750 730 2 1 750 925 2 72057594037927937 1 729 2 1 850 730 2 1 650 926 2 72057594037927937 1 4 0 32 2 72057594037927936 0 921 2 72057594037927937 43520 3 0 2133 2 72057594037927936 1224979098644774932 910 3 72057594037927937 1585267068834415706 0 729 2 1 750 730 2 1 750 925 2 72057594037927937 1 729 2 1 600 730 2 1 630 926 2 72057594037927937 1 2133 2 72057594037927936 1224979098644774933 910 3 72057594037927937 1585267068834415705 16 729 2 1 750 730 2 1 750 925 2 72057594037927937 1 729 2 1 850 730 2 1 630 926 2 72057594037927937 1 4 0 32 2 72057594037927936 0 921 2 72057594037927937 43520 3 0 2133 2 72057594037927936 1224979098644774936 910 3 72057594037927937 1585267068834415707 0 729 2 1 750 730 2 1 750 925 2 72057594037927937 1 729 2 1 600 730 2 1 610 926 2 72057594037927937 1 2133 2 72057594037927936 1224979098644774937 910 3 72057594037927937 216172782113785522 16 729 2 1 750 730 2 1 750 925 2 72057594037927937 1 729 2 1 850 730 2 1 610 926 2 72057594037927937 1 4 0 2147483678 2 72057594037927936 0 921 2 72057594037927937 16711680 3 0 2133 2 72057594037927936 1224979098644774947 910 3 72057594037927937 1585267068834415708 0 729 2 1 750 730 2 1 750 925 2 72057594037927937 1 729 2 1 600 730 2 1 590 926 2 72057594037927937 1 2133 2 72057594037927936 1224979098644774949 910 3 72057594037927937 1585267068834415705 16 729 2 1 750 730 2 1 750 925 2 72057594037927937 1 729 2 1 850 730 2 1 590 926 2 72057594037927937 1 4 0 32 2 72057594037927936 0 921 2 72057594037927937 43520 3 0 2133 2 72057594037927936 1224979098644774946 910 3 72057594037927937 1585267068834415709 0 729 2 1 750 730 2 1 750 925 2 72057594037927937 1 729 2 1 600 730 2 1 570 926 2 72057594037927937 1 2133 2 72057594037927936 1224979098644774950 910 3 72057594037927937 216172782113785522 16 729 2 1 750 730 2 1 750 925 2 72057594037927937 1 729 2 1 850 730 2 1 570 926 2 72057594037927937 1 4 0 2147483678 2 72057594037927936 0 921 2 72057594037927937 16711680 3 0 2133 2 72057594037927936 144115188075856207 910 3 72057594037927937 1585267068834415710 0 729 2 1 750 730 2 1 750 925 2 72057594037927937 1 729 2 1 600 730 2 1 550 926 2 72057594037927937 1 2133 2 72057594037927936 1224979098644774953 910 3 72057594037927937 1585267068834415705 16 729 2 1 750 730 2 1 750 925 2 72057594037927937 1 729 2 1 850 730 2 1 550 926 2 72057594037927937 1 4 0 32 2 72057594037927936 0 921 2 72057594037927937 43520 3 0 2133 2 72057594037927936 144115188075856209 910 3 72057594037927937 1585267068834415711 0 729 2 1 750 730 2 1 750 925 2 72057594037927937 1 729 2 1 600 730 2 1 530 926 2 72057594037927937 1 2133 2 72057594037927936 1224979098644774954 910 3 72057594037927937 216172782113785522 16 729 2 1 750 730 2 1 750 925 2 72057594037927937 1 729 2 1 850 730 2 1 530 926 2 72057594037927937 1 4 0 2147483678 2 72057594037927936 0 921 2 72057594037927937 16711680 3 0 2133 2 72057594037927936 144115188075856855 910 3 72057594037927937 1585267068834415712 0 729 2 1 750 730 2 1 750 925 2 72057594037927937 1 729 2 1 600 730 2 1 510 926 2 72057594037927937 1 2133 2 72057594037927936 1224979098644774955 910 3 72057594037927937 1585267068834415705 16 729 2 1 750 730 2 1 750 925 2 72057594037927937 1 729 2 1 850 730 2 1 510 926 2 72057594037927937 1 4 0 32 2 72057594037927936 0 921 2 72057594037927937 43520 3 0 2133 2 72057594037927936 1224979098644774958 910 3 72057594037927937 1585267068834415713 0 729 2 1 750 730 2 1 750 925 2 72057594037927937 1 729 2 1 600 730 2 1 490 926 2 72057594037927937 1 2133 2 72057594037927936 1224979098644774960 910 3 72057594037927937 1585267068834415705 16 729 2 1 750 730 2 1 750 925 2 72057594037927937 1 729 2 1 850 730 2 1 490 926 2 72057594037927937 1 4 0 32 2 72057594037927936 0 921 2 72057594037927937 43520 3 0 2133 2 72057594037927936 1224979098644774959 910 3 72057594037927937 1585267068834415714 0 729 2 1 750 730 2 1 750 925 2 72057594037927937 1 729 2 1 600 730 2 1 470 926 2 72057594037927937 1 2133 2 72057594037927936 1224979098644774961 910 3 72057594037927937 216172782113785522 16 729 2 1 750 730 2 1 750 925 2 72057594037927937 1 729 2 1 850 730 2 1 470 926 2 72057594037927937 1 4 0 2147483678 2 72057594037927936 0 921 2 72057594037927937 16711680 3 0 2133 2 72057594037927936 1224979098644774913 910 3 72057594037927937 1585267068834415715 0 729 2 1 750 730 2 1 750 925 2 72057594037927937 1 729 2 1 600 730 2 1 450 926 2 72057594037927937 1 2133 2 72057594037927936 1224979098644774914 910 3 72057594037927937 1585267068834415705 16 729 2 1 750 730 2 1 750 925 2 72057594037927937 1 729 2 1 850 730 2 1 450 926 2 72057594037927937 1 4 0 32 2 72057594037927936 0 921 2 72057594037927937 43520 3 0 2133 2 72057594037927936 1224979098644774938 910 3 72057594037927937 1585267068834415716 0 729 2 1 750 730 2 1 750 925 2 72057594037927937 1 729 2 1 600 730 2 1 430 926 2 72057594037927937 1 2133 2 72057594037927936 1224979098644774943 910 3 72057594037927937 1585267068834415705 16 729 2 1 750 730 2 1 750 925 2 72057594037927937 1 729 2 1 850 730 2 1 430 926 2 72057594037927937 1 4 0 32 2 72057594037927936 0 921 2 72057594037927937 43520 3 0 2133 2 72057594037927936 1224979098644774944 910 3 72057594037927937 1585267068834415717 0 729 2 1 750 730 2 1 750 925 2 72057594037927937 1 729 2 1 600 730 2 1 410 926 2 72057594037927937 1 2133 2 72057594037927936 1224979098644774945 910 3 72057594037927937 1585267068834415705 16 729 2 1 750 730 2 1 750 925 2 72057594037927937 1 729 2 1 850 730 2 1 410 926 2 72057594037927937 1 4 0 32 2 72057594037927936 0 921 2 72057594037927937 43520 3 0 2133 2 72057594037927936 1224979098644774956 910 3 72057594037927937 1585267068834415718 0 729 2 1 750 730 2 1 750 925 2 72057594037927937 1 729 2 1 600 730 2 1 390 926 2 72057594037927937 1 2133 2 72057594037927936 1224979098644774957 910 3 72057594037927937 1585267068834415705 16 729 2 1 750 730 2 1 750 925 2 72057594037927937 1 729 2 1 850 730 2 1 390 926 2 72057594037927937 1 4 0 32 2 72057594037927936 0 921 2 72057594037927937 43520 3 0 2133 2 72057594037927936 1224979098644774951 910 3 72057594037927937 1585267068834415719 0 729 2 1 750 730 2 1 750 925 2 72057594037927937 1 729 2 1 600 730 2 1 370 926 2 72057594037927937 1 2133 2 72057594037927936 1224979098644774952 910 3 72057594037927937 216172782113785522 16 729 2 1 750 730 2 1 750 925 2 72057594037927937 1 729 2 1 850 730 2 1 370 926 2 72057594037927937 1 4 0 2147483678 2 72057594037927936 0 921 2 72057594037927937 16711680 3 0 2133 2 72057594037927936 1224979098644774962 910 3 72057594037927937 1585267068834415720 0 729 2 1 750 730 2 1 750 925 2 72057594037927937 1 729 2 1 600 730 2 1 350 926 2 72057594037927937 1 2133 2 72057594037927936 1224979098644774963 2133 2 72057594037927939 72057594037927936 2111 2 72057594037927939 0 910 3 72057594037927937 1585267068834415721 16 729 2 1 750 730 2 1 750 925 2 72057594037927937 1 729 2 1 850 730 2 1 350 926 2 72057594037927937 1 4 0 32 2 72057594037927936 0 921 2 72057594037927937 43520 5 0 2147483678 2 72057594037927936 0 921 2 72057594037927937 16711680 3 0 2133 2 72057594037927936 1224979098644774912 910 3 72057594037927937 1585267068834415722 16 729 2 1 750 730 2 1 320 926 2 72057594037927937 1 2133 2 1224979098644774964 0 2133 2 1224979098644774965 0 2133 2 1224979098644774966 0 2133 2 1224979098644774967 0 2133 2 1224979098644774968 0 2133 2 1224979098644774969 0 6 3 1224979098644774970 648518346341351448 648518346341351726 4 0 541 3 1224979098644774970 7 360287970189639680 4 0 541 3 1224979098644774970 0 3 2105 2 1224979098644774966 1 5 0 541 3 1224979098644774970 0 2 2105 2 1224979098644774965 1 5 0 2105 2 1224979098644774964 1 3 0 5 0 521 3 1224979098644774971 1224979098644774970 26 32 2 1224979098644774971 0 4 0 541 3 1224979098644774970 0 3 2105 2 1224979098644774969 1224979098644774971 5 0 541 3 1224979098644774970 0 2 2105 2 1224979098644774968 1224979098644774971 5 0 2105 2 1224979098644774967 1224979098644774971 3 0 3 0 3 0 4 0 32 2 1224979098644774966 0 2136 3 1224979098644774972 0 1224979098644774966 6 3 1224979098644774970 648518346341351448 648518346341351479 541 3 1224979098644774970 7 360287970189639680 2106 2 1224979098644774972 1 2147483678 2 1224979098644774972 0 2330 2 9 1224979098644774970 3 0 5 0 32 2 1224979098644774969 0 2136 3 1224979098644774973 0 1224979098644774969 6 3 1224979098644774970 648518346341351448 648518346341351479 521 3 1224979098644774971 1224979098644774970 26 32 2 1224979098644774971 0 2106 2 1224979098644774973 1224979098644774971 2147483678 2 1224979098644774973 0 2330 2 9 1224979098644774970 3 0 5 0 2136 3 1224979098644774972 648518346341351448 648518346341351479 2330 2 9 1224979098644774972 3 0 4 0 32 2 1224979098644774965 0 2136 3 1224979098644774974 0 1224979098644774965 6 3 1224979098644774970 648518346341351479 648518346341351532 541 3 1224979098644774970 7 360287970189639680 2106 2 1224979098644774974 1 2147483678 2 1224979098644774974 0 2330 2 8 1224979098644774970 3 0 5 0 32 2 1224979098644774968 0 2136 3 1224979098644774975 0 1224979098644774968 6 3 1224979098644774970 648518346341351479 648518346341351532 521 3 1224979098644774971 1224979098644774970 26 32 2 1224979098644774971 0 2106 2 1224979098644774975 1224979098644774971 2147483678 2 1224979098644774975 0 2330 2 8 1224979098644774970 3 0 5 0 2136 3 1224979098644774974 648518346341351479 648518346341351532 2330 2 8 1224979098644774974 3 0 4 0 32 2 1224979098644774964 0 2136 3 1224979098644774976 0 1224979098644774964 6 3 1224979098644774970 648518346341351532 648518346341351726 541 3 1224979098644774970 7 360287970189639680 2106 2 1224979098644774976 1 2147483678 2 1224979098644774976 0 2330 2 7 1224979098644774970 3 0 5 0 32 2 1224979098644774967 0 2136 3 1224979098644774977 0 1224979098644774967 6 3 1224979098644774970 648518346341351532 648518346341351726 521 3 1224979098644774971 1224979098644774970 26 32 2 1224979098644774971 0 2106 2 1224979098644774977 1224979098644774971 2147483678 2 1224979098644774977 0 2330 2 7 1224979098644774970 3 0 5 0 2136 3 1224979098644774976 648518346341351532 648518346341351726 2330 2 7 1224979098644774976 3 0 4 0 2147483678 2 1224979098644774912 100 939 4 72057594037927937 -1 1729382256910270515 0 2320 2 0 216172782113784216 5 0 2147483678 2 1224979098644774912 200 939 4 72057594037927937 -1 1729382256910270515 1 2320 2 0 216172782113784217 5 0 2147483678 2 1224979098644774912 400 939 4 72057594037927937 -1 1729382256910270515 2 2320 2 0 216172782113784218 5 0 2147483678 2 1224979098644774912 700 939 4 72057594037927937 -1 1729382256910270515 3 2320 2 0 216172782113784219 5 0 2147483678 2 1224979098644774912 1200 939 4 72057594037927937 -1 1729382256910270515 4 2320 2 0 216172782113784220 5 0 2147483678 2 1224979098644774912 1850 939 4 72057594037927937 -1 1729382256910270515 5 2320 2 0 216172782113784221 5 0 2147483678 2 1224979098644774912 2500 939 4 72057594037927937 -1 1729382256910270515 6 2320 2 0 216172782113784222 5 0 2147483678 2 1224979098644774912 3500 939 4 72057594037927937 -1 1729382256910270515 7 2320 2 0 216172782113784223 5 0 2147483678 2 1224979098644774912 5000 939 4 72057594037927937 -1 1729382256910270515 8 2320 2 0 216172782113784224 5 0 939 4 72057594037927937 -1 1729382256910270515 9 2320 2 0 216172782113784225 3 0 729 2 1 0 730 2 1 120 926 2 72057594037927937 1 910 3 72057594037927937 0 10240 729 2 1 600 730 2 1 120 926 2 72057594037927937 1 729 2 1 360 730 2 1 190 929 2 72057594037927937 1 729 2 1 800 730 2 1 800 925 2 72057594037927937 1 
-62.000000  10 2071 1 1224979098644774912 4 0 31 2 1224979098644774912 144115188075856748 2060 1 864691128455135265 900 1 1513209474796486656 5 0 31 2 1224979098644774912 144115188075856749 902 1 0 2040 0 3 0 


prsnt_budget_report 0 53 2
-60.000000  711 902 1 999999 2124 1 1000 911 2 72057594037927937 1441151880758558729 729 2 1 800 730 2 1 800 925 2 72057594037927937 1 729 2 1 170 730 2 1 0 926 2 72057594037927937 1 910 3 72057594037927937 216172782113785622 16 729 2 1 1500 730 2 1 1500 925 2 72057594037927937 1 729 2 1 260 730 2 1 650 926 2 72057594037927937 1 2319 1 0 910 3 144115188075857051 0 131072 729 2 1 0 730 2 1 100 926 2 144115188075857051 1 729 2 1 505 730 2 1 500 929 2 144115188075857051 1 945 1 144115188075857051 2133 2 1224979098644774912 432345564227567631 4 0 33 3 144115188075856287 432345564227567632 432345564227567639 1 3 936748722493063748 360287970189639680 144115188075856287 30 2 72057594037927936 50 2133 2 1224979098644774912 144115188075856287 3 0 2133 2 1224979098644774913 0 2133 2 1224979098644774914 0 2133 2 1224979098644774915 0 2133 2 1224979098644774916 0 6 3 1224979098644774917 648518346341351448 648518346341351726 4 0 561 3 1224979098644774917 137 1 2105 2 1224979098644774913 1 3 0 541 3 1224979098644774917 7 360287970189639680 2105 2 1224979098644774913 1 2105 2 1224979098644774914 1 4 0 33 3 1224979098644774917 648518346341351448 648518346341351479 2105 2 1224979098644774913 1 2105 2 1224979098644774914 1 3 0 3 0 4 0 32 2 144115188075856287 0 2147483679 2 144115188075856287 432345564227567631 2147483679 2 144115188075856287 432345564227567630 31 2 144115188075856066 0 2105 2 1224979098644774913 1 3 0 4 0 32 2 1224979098644774914 2 2105 2 1224979098644774913 1 3 0 11 1 1224979098644774918 2133 2 1224979098644774919 0 4 0 1073742365 3 1224979098644774918 0 3 541 3 1224979098644774918 0 2 541 3 1224979098644774918 7 360287970189639680 2133 2 1224979098644774919 1 5 0 1073742365 3 1224979098644774918 0 3 541 3 1224979098644774918 0 2 2147484209 3 1224979098644774918 7 1 2204 2 1224979098644774920 1224979098644774918 1073741855 2 1224979098644774912 1224979098644774920 31 2 1224979098644774920 432345564227567631 1073741857 3 1224979098644774912 432345564227567632 432345564227567639 542 3 432345564227567631 11 360287970189639680 2133 2 1224979098644774919 1 3 0 1073741855 2 1224979098644774918 648518346341351424 2133 2 1224979098644774921 0 4 0 541 3 1224979098644774918 0 7 541 3 1224979098644774918 300 360287970189639680 2133 2 1224979098644774921 1 3 0 1073741855 2 1224979098644774921 1 31 2 1224979098644774919 1 2105 2 1224979098644774913 1 3 0 4 0 32 2 144115188075856754 0 2105 2 1224979098644774913 2 3 0 4 0 1073741856 2 144115188075856021 0 1073742384 3 360287970189639680 30 0 1073741856 2 144115188075857091 0 32 2 144115188075857089 0 2105 2 1224979098644774913 1 3 0 4 0 32 2 144115188075857091 0 2105 2 1224979098644774913 2 3 0 2105 2 1224979098644774913 3 2122 3 1224979098644774922 27 1224979098644774913 2133 2 1224979098644774923 0 6 3 1224979098644774917 648518346341351448 648518346341351726 4 0 521 3 1224979098644774924 1224979098644774917 137 32 2 1224979098644774924 1 2147484209 3 1224979098644774917 139 1 2330 2 0 1224979098644774917 1 3 936748722493063651 1224979098644774924 1224979098644774917 2133 2 1224979098644774925 72057594037927936 2133 2 1224979098644774926 72057594037927940 2133 2 1224979098644774927 72057594037927941 2133 2 1224979098644774928 72057594037927946 2121 3 1224979098644774929 1224979098644774917 648518346341351448 2120 3 1224979098644774930 1224979098644774929 360287970189640653 527 3 1224979098644774931 1224979098644774924 55 2133 2 1224979098644774932 0 4 0 541 3 1224979098644774917 138 1 2133 2 1224979098644774933 0 1540 2 1224979098644774934 1224979098644774930 6 3 1224979098644774935 0 1224979098644774934 1541 3 1224979098644774936 1224979098644774930 1224979098644774935 2147483678 2 1224979098644774936 1 2105 2 1224979098644774933 1 3 0 2133 2 1224979098644774932 1224979098644774931 2110 2 1224979098644774932 1224979098644774933 32 2 1224979098644774932 0 2122 3 1224979098644774937 1224979098644774926 1224979098644774932 2106 2 1224979098644774925 1224979098644774937 2106 2 1224979098644774931 1224979098644774932 3 0 4 0 31 2 144115188075856167 1 1535 3 1224979098644774930 1224979098644774924 1224979098644774932 2121 3 1224979098644774938 1224979098644774924 288230376151711835 2105 2 1224979098644774938 250 521 3 1224979098644774939 1224979098644774917 1224979098644774938 2122 3 1224979098644774940 1224979098644774931 15 2106 2 1224979098644774939 1224979098644774940 501 3 1224979098644774917 1224979098644774938 1224979098644774939 32 2 144115188075856163 0 2322 2 3 1224979098644774930 2133 2 72057594037927939 1224979098644774932 1106 1 1585267068834415723 3 0 527 3 1224979098644774941 1224979098644774924 52 4 0 567 3 1224979098644774924 57 1 2133 2 1224979098644774942 1224979098644774941 5 0 2133 2 1224979098644774942 0 3 0 2133 2 1224979098644774943 0 2133 2 1224979098644774944 0 4 0 1540 2 1224979098644774934 1224979098644774930 6 3 1224979098644774935 0 1224979098644774934 1541 3 1224979098644774945 1224979098644774930 1224979098644774935 2147483678 2 1224979098644774943 1224979098644774941 547 3 1224979098644774924 50 1224979098644774945 2105 2 1224979098644774943 1 5 0 2147483678 2 1224979098644774944 1224979098644774942 547 3 1224979098644774924 57 1224979098644774945 2105 2 1224979098644774944 1 3 0 4 0 32 2 1224979098644774943 0 2106 2 1224979098644774941 1224979098644774943 2122 3 1224979098644774946 1224979098644774927 1224979098644774943 2105 2 1224979098644774925 1224979098644774946 3 0 4 0 32 2 1224979098644774944 0 2106 2 1224979098644774942 1224979098644774944 2133 2 1224979098644774946 1224979098644774928 2105 2 1224979098644774925 1224979098644774946 3 0 3 0 4 0 31 2 144115188075856167 1 527 3 1224979098644774947 1224979098644774924 50 1536 3 1224979098644774930 1224979098644774947 1224979098644774943 527 3 1224979098644774948 1224979098644774924 57 1536 3 1224979098644774930 1224979098644774948 1224979098644774944 2121 3 1224979098644774938 1224979098644774947 288230376151711835 2105 2 1224979098644774938 250 521 3 1224979098644774939 1224979098644774917 1224979098644774938 2122 3 1224979098644774940 1224979098644774931 15 2105 2 1224979098644774939 1224979098644774940 501 3 1224979098644774917 1224979098644774938 1224979098644774939 4 0 32 2 1224979098644774942 0 2121 3 1224979098644774938 1224979098644774948 288230376151711835 2105 2 1224979098644774938 250 521 3 1224979098644774939 1224979098644774917 1224979098644774938 2105 2 1224979098644774939 15 501 3 1224979098644774917 1224979098644774938 1224979098644774939 3 0 3 0 1 2 936748722493063251 1224979098644774924 2320 2 5 72057594037927936 910 3 72057594037927937 216172782113786945 0 729 2 1 900 730 2 1 900 925 2 72057594037927937 1 729 2 1 25 730 2 1 1224979098644774922 926 2 72057594037927937 1 2133 2 72057594037927936 1224979098644774925 2133 2 1224979098644774949 16711680 4 0 2204 2 1224979098644774950 1224979098644774917 2190 3 1224979098644774951 1224979098644774950 144115188075856287 521 3 1224979098644774952 1224979098644774917 7 32 2 1224979098644774952 360287970189639680 3221225502 2 1224979098644774951 0 2147484208 3 1224979098644774952 22 -20 2133 2 72057594037927936 0 4 0 31 2 144115188075856167 1 1 3 936748722493063737 1224979098644774925 1224979098644774952 3 0 2133 2 1224979098644774925 0 910 3 72057594037927937 216172782113786955 32776 921 2 72057594037927937 16711680 5 0 30 2 72057594037927936 0 910 3 72057594037927937 216172782113785522 32776 921 2 72057594037927937 43520 5 0 910 3 72057594037927937 216172782113785522 32776 921 2 72057594037927937 16711680 3 0 2105 2 1224979098644774915 1224979098644774925 2105 2 1224979098644774923 1224979098644774925 729 2 1 900 730 2 1 900 925 2 72057594037927937 1 729 2 1 500 730 2 1 1224979098644774922 926 2 72057594037927937 1 2106 2 1224979098644774922 27 3 0 541 3 1224979098644774917 7 360287970189639680 521 3 1224979098644774953 1224979098644774917 47 521 3 1224979098644774954 1224979098644774917 48 2120 3 1224979098644774955 1224979098644774953 1224979098644774954 2105 2 1224979098644774915 1224979098644774955 2105 2 1224979098644774916 1224979098644774955 2105 2 1224979098644774923 1224979098644774955 2330 2 0 1224979098644774917 4 0 2147483681 3 1224979098644774917 648518346341351479 648518346341351532 521 3 1224979098644774956 1224979098644774917 400 2147483679 2 1224979098644774956 0 1 2 936748722493063688 1224979098644774956 2320 2 0 1585267068834415724 3 0 910 3 72057594037927937 216172782113786908 0 2330 2 0 1224979098644774917 729 2 1 900 730 2 1 900 925 2 72057594037927937 1 729 2 1 25 730 2 1 1224979098644774922 926 2 72057594037927937 1 4 0 32 2 1224979098644774953 0 2133 2 72057594037927936 1224979098644774953 910 3 72057594037927937 216172782113785522 32776 921 2 72057594037927937 43520 5 0 910 3 72057594037927937 1585267068834415042 32776 3 0 729 2 1 900 730 2 1 900 925 2 72057594037927937 1 729 2 1 500 730 2 1 1224979098644774922 926 2 72057594037927937 1 2106 2 1224979098644774922 27 4 0 33 3 1224979098644774917 648518346341351448 648518346341351479 910 3 72057594037927937 216172782113786909 0 729 2 1 900 730 2 1 900 925 2 72057594037927937 1 729 2 1 25 730 2 1 1224979098644774922 926 2 72057594037927937 1 4 0 32 2 1224979098644774954 0 2133 2 72057594037927936 1224979098644774954 910 3 72057594037927937 216172782113785522 32776 921 2 72057594037927937 43520 5 0 910 3 72057594037927937 1585267068834415042 32776 3 0 729 2 1 900 730 2 1 900 925 2 72057594037927937 1 729 2 1 500 730 2 1 1224979098644774922 926 2 72057594037927937 1 2106 2 1224979098644774922 27 3 0 3 0 4 0 32 2 144115188075856287 0 2147483679 2 144115188075856287 432345564227567631 2147483679 2 144115188075856287 432345564227567630 31 2 144115188075856066 0 2335 2 0 144115188075856287 910 3 72057594037927937 216172782113785624 0 729 2 1 900 730 2 1 900 925 2 72057594037927937 1 729 2 1 25 730 2 1 1224979098644774922 926 2 72057594037927937 1 1 3 936748722493063254 648518346341351424 0 2133 2 1224979098644774957 72057594037927936 2108 2 1224979098644774957 2 2105 2 1224979098644774957 30 1 2 936748722493063441 1224979098644774957 2105 2 1224979098644774923 72057594037927936 910 3 72057594037927937 216172782113785522 32776 729 2 1 900 730 2 1 900 925 2 72057594037927937 1 1277 2 1224979098644774949 144115188075856287 921 2 72057594037927937 1224979098644774949 729 2 1 500 730 2 1 1224979098644774922 926 2 72057594037927937 1 2106 2 1224979098644774922 27 3 0 4 0 32 2 1224979098644774915 0 1 4 936748722493063836 1224979098644774914 1224979098644774916 1224979098644774912 2133 2 1224979098644774958 72057594037927936 2133 2 1224979098644774959 72057594037927937 32 2 1224979098644774958 0 2106 2 1224979098644774923 1224979098644774958 4 0 32 2 144115188075857091 0 2320 2 55 216172782113785626 2122 3 72057594037927936 1224979098644774959 -1 2320 2 55 1585267068834415725 910 3 72057594037927937 1585267068834415726 0 5 0 910 3 72057594037927937 216172782113785626 0 3 0 729 2 1 25 730 2 1 1224979098644774922 926 2 72057594037927937 1 729 2 1 900 730 2 1 900 925 2 72057594037927937 1 2122 3 72057594037927936 1224979098644774958 -1 910 3 72057594037927937 216172782113785522 32776 729 2 1 900 730 2 1 900 925 2 72057594037927937 1 921 2 72057594037927937 16711680 729 2 1 500 730 2 1 1224979098644774922 926 2 72057594037927937 1 2106 2 1224979098644774922 27 3 0 11 1 1224979098644774918 2133 2 1224979098644774919 0 4 0 1073742365 3 1224979098644774918 0 3 541 3 1224979098644774918 0 2 541 3 1224979098644774918 7 360287970189639680 2147484189 3 1224979098644774918 39 360287970189639834 2133 2 1224979098644774919 1 5 0 1073742365 3 1224979098644774918 0 3 541 3 1224979098644774918 0 2 2147484209 3 1224979098644774918 7 1 2204 2 1224979098644774920 1224979098644774918 1073741855 2 1224979098644774912 1224979098644774920 31 2 1224979098644774920 432345564227567631 1073741857 3 1224979098644774912 432345564227567632 432345564227567639 542 3 432345564227567631 11 360287970189639680 2133 2 1224979098644774919 1 3 0 2133 2 1224979098644774921 0 4 0 541 3 1224979098644774918 0 7 541 3 1224979098644774918 300 360287970189639680 2133 2 1224979098644774921 1 3 0 1073741855 2 1224979098644774921 1 1073741855 2 1224979098644774918 648518346341351424 31 2 1224979098644774919 1 2133 2 1224979098644774960 0 1650 2 1224979098644774961 1224979098644774918 6 3 1224979098644774962 0 1224979098644774961 1652 3 1224979098644774963 1224979098644774918 1224979098644774962 1653 3 1224979098644774964 1224979098644774918 1224979098644774962 1 3 936748722493063188 1224979098644774963 1224979098644774918 2133 2 1224979098644774965 72057594037927936 2107 2 1224979098644774965 1224979098644774964 2105 2 1224979098644774960 1224979098644774965 3 0 4 0 31 2 1224979098644774919 1 2108 2 1224979098644774960 2 5 0 31 2 1224979098644774918 648518346341351424 4 0 31 2 144115188075856283 1 2133 2 1224979098644774960 0 5 0 2121 3 1224979098644774966 14 144115188075856878 2107 2 1224979098644774960 1224979098644774966 2108 2 1224979098644774960 14 3 0 3 0 2107 2 1224979098644774960 -1 2105 2 1224979098644774923 1224979098644774960 2330 2 0 1224979098644774918 4 0 31 2 1224979098644774918 648518346341351424 2320 2 0 216172782113785625 3 0 910 3 72057594037927937 216172782113785627 0 729 2 1 900 730 2 1 900 925 2 72057594037927937 1 729 2 1 25 730 2 1 1224979098644774922 926 2 72057594037927937 1 4 0 2147483678 2 1224979098644774960 0 2133 2 72057594037927936 1224979098644774960 910 3 72057594037927937 216172782113785522 32776 921 2 72057594037927937 16711680 5 0 910 3 72057594037927937 1585267068834415042 32776 3 0 729 2 1 900 730 2 1 900 925 2 72057594037927937 1 729 2 1 500 730 2 1 1224979098644774922 926 2 72057594037927937 1 2106 2 1224979098644774922 27 3 0 4 0 32 2 144115188075856754 0 2106 2 1224979098644774923 144115188075856754 910 3 72057594037927937 216172782113785628 0 729 2 1 900 730 2 1 900 925 2 72057594037927937 1 729 2 1 25 730 2 1 1224979098644774922 926 2 72057594037927937 1 2122 3 72057594037927936 144115188075856754 -1 910 3 72057594037927937 216172782113785522 32776 729 2 1 900 730 2 1 900 925 2 72057594037927937 1 921 2 72057594037927937 16711680 729 2 1 500 730 2 1 1224979098644774922 926 2 72057594037927937 1 2106 2 1224979098644774922 27 3 0 2133 2 1224979098644774967 0 4 0 32 2 144115188075856021 0 2105 2 1224979098644774967 15 3 0 4 0 560 3 360287970189639680 30 0 2105 2 1224979098644774967 10 3 0 4 0 32 2 144115188075857091 0 2105 2 1224979098644774967 15 3 0 4 0 32 2 144115188075857089 0 2105 2 1224979098644774967 15 3 0 4 0 32 2 144115188075857085 0 2105 2 1224979098644774967 20 3 0 4 0 32 2 1224979098644774967 0 2106 2 1224979098644774923 1224979098644774967 910 3 72057594037927937 1585267068834415727 0 729 2 1 900 730 2 1 900 925 2 72057594037927937 1 729 2 1 25 730 2 1 1224979098644774922 926 2 72057594037927937 1 2122 3 72057594037927936 1224979098644774967 -1 910 3 72057594037927937 216172782113785522 32776 729 2 1 900 730 2 1 900 925 2 72057594037927937 1 921 2 72057594037927937 16711680 729 2 1 500 730 2 1 1224979098644774922 926 2 72057594037927937 1 2106 2 1224979098644774922 27 3 0 911 2 72057594037927937 1441151880758558776 921 2 72057594037927937 0 729 2 1 24000 730 2 1 50 925 2 72057594037927937 1 729 2 1 25 2120 3 1224979098644774968 1224979098644774922 25 730 2 1 1224979098644774968 926 2 72057594037927937 1 910 3 72057594037927937 216172782113785629 0 729 2 1 900 730 2 1 900 925 2 72057594037927937 1 729 2 1 25 730 2 1 1224979098644774922 926 2 72057594037927937 1 2133 2 72057594037927936 1224979098644774923 910 3 72057594037927937 216172782113785522 32776 729 2 1 900 730 2 1 900 925 2 72057594037927937 1 4 0 32 2 72057594037927936 0 921 2 72057594037927937 43520 5 0 2147483678 2 72057594037927936 0 921 2 72057594037927937 16711680 3 0 729 2 1 500 730 2 1 1224979098644774922 926 2 72057594037927937 1 2106 2 1224979098644774922 27 910 3 72057594037927937 216172782113785630 0 729 2 1 900 730 2 1 900 925 2 72057594037927937 1 729 2 1 25 730 2 1 1224979098644774922 926 2 72057594037927937 1 4 0 32 2 144115188075857091 0 2149 2 1224979098644774969 360287970189640690 5 0 2149 2 1224979098644774969 360287970189639680 3 0 2133 2 72057594037927936 1224979098644774969 910 3 72057594037927937 216172782113785522 32776 729 2 1 900 730 2 1 900 925 2 72057594037927937 1 729 2 1 500 730 2 1 1224979098644774922 926 2 72057594037927937 1 2106 2 1224979098644774922 27 2107 2 1224979098644774923 -1 2133 2 1224979098644774970 0 4 0 30 2 1224979098644774969 1224979098644774923 2133 2 1224979098644774971 1224979098644774923 2133 2 1224979098644774972 0 5 0 2133 2 1224979098644774971 1224979098644774969 2121 3 1224979098644774972 1224979098644774923 1224979098644774969 4 0 32 2 144115188075857091 0 2149 2 1224979098644774973 360287970189639680 4 0 30 2 1224979098644774973 1224979098644774972 2133 2 1224979098644774970 1224979098644774972 2133 2 1224979098644774972 0 5 0 2133 2 1224979098644774970 1224979098644774973 2106 2 1224979098644774972 1224979098644774973 3 0 4 0 31 2 144115188075856167 1 1529 2 360287970189639680 1224979098644774970 2133 2 72057594037927936 1224979098644774970 1106 2 1585267068834415728 15785267 3 0 3 0 3 0 910 3 72057594037927937 216172782113785631 0 729 2 1 900 730 2 1 900 925 2 72057594037927937 1 729 2 1 25 730 2 1 1224979098644774922 926 2 72057594037927937 1 2121 3 72057594037927936 1224979098644774969 1224979098644774971 910 3 72057594037927937 216172782113785522 32776 729 2 1 900 730 2 1 900 925 2 72057594037927937 1 729 2 1 500 730 2 1 1224979098644774922 926 2 72057594037927937 1 2106 2 1224979098644774922 27 4 0 32 2 144115188075857091 0 32 2 1224979098644774970 0 910 3 72057594037927937 1585267068834415729 0 729 2 1 900 730 2 1 900 925 2 72057594037927937 1 729 2 1 25 730 2 1 1224979098644774922 926 2 72057594037927937 1 2133 2 72057594037927936 1224979098644774973 910 3 72057594037927937 216172782113785522 32776 729 2 1 900 730 2 1 900 925 2 72057594037927937 1 729 2 1 500 730 2 1 1224979098644774922 926 2 72057594037927937 1 2106 2 1224979098644774922 27 910 3 72057594037927937 1585267068834415730 0 729 2 1 900 730 2 1 900 925 2 72057594037927937 1 729 2 1 25 730 2 1 1224979098644774922 926 2 72057594037927937 1 2121 3 72057594037927936 1224979098644774973 1224979098644774970 910 3 72057594037927937 216172782113785522 32776 729 2 1 900 730 2 1 900 925 2 72057594037927937 1 729 2 1 500 730 2 1 1224979098644774922 926 2 72057594037927937 1 2106 2 1224979098644774922 27 3 0 4 0 32 2 1224979098644774972 0 910 3 72057594037927937 216172782113785632 0 729 2 1 900 730 2 1 900 925 2 72057594037927937 1 729 2 1 25 730 2 1 1224979098644774922 926 2 72057594037927937 1 2133 2 72057594037927936 1224979098644774972 910 3 72057594037927937 216172782113785522 32776 729 2 1 900 730 2 1 900 925 2 72057594037927937 1 729 2 1 500 730 2 1 1224979098644774922 926 2 72057594037927937 1 2106 2 1224979098644774922 27 2147483679 2 144115188075856167 0 1 3 936748722493063540 2 216172782113784231 3 0 945 1 -1 912 2 144115188075856752 216172782113787321 729 2 1 225 730 2 1 60 926 2 144115188075856752 1 4 0 31 2 144115188075856167 1 2133 2 144115188075856754 1224979098644774972 4 0 32 2 1224979098644774971 0 4 0 32 2 144115188075857091 0 1 2 936748722493063687 1224979098644774971 5 0 1529 2 360287970189639680 1224979098644774971 3 0 5 0 2107 2 1224979098644774971 -1 4 0 32 2 144115188075857091 0 1 2 936748722493063686 1224979098644774971 5 0 1528 2 360287970189639680 1224979098644774971 3 0 3 0 6 3 1224979098644774917 648518346341351448 648518346341351726 541 3 1224979098644774917 7 360287970189639680 501 3 1224979098644774917 47 0 501 3 1224979098644774917 48 0 3 0 2133 2 144115188075856878 0 3 0 
-62.000000  5 2071 1 1224979098644774912 4 0 31 2 1224979098644774912 144115188075856752 902 1 0 3 0 


prsnt_game_before_quit 0 53 2
-60.000000  13 4 0 250 0 2124 1 1000 911 2 72057594037927936 1441151880758559255 729 2 1 -1 730 2 1 -1 926 2 72057594037927936 1 729 2 1 1002 730 2 1 1002 925 2 72057594037927936 1 2133 2 144115188075857053 0 902 1 999999 3 0 
-61.000000  25 2071 1 1224979098644774912 32 2 1224979098644774912 500 4 0 1073741895 1 57 1073741895 1 28 1073741895 1 1 1073741895 1 14 1073741895 1 224 1073741895 1 225 1073741895 1 252 71 1 253 4 0 31 2 144115188075857053 0 2105 2 144115188075857053 1 911 2 72057594037927936 1441151880758559256 729 2 1 -1 730 2 1 -1 926 2 72057594037927936 1 729 2 1 1002 730 2 1 1002 925 2 72057594037927936 1 5 0 902 1 0 3 0 3 0 


prsnt_dplmc_autoloot_upgrade_management 0 53 3
-60.000000  240 2124 1 1000 902 1 999999 940 2 144115188075857118 216172782113785560 729 2 1 900 730 2 1 25 926 2 144115188075857118 1 939 4 72057594037927936 -1 1729382256910270499 144115188075856007 729 2 1 500 730 2 1 500 925 2 72057594037927936 1 729 2 1 200 730 2 1 560 926 2 72057594037927936 1 2322 2 1 144115188075856007 2171 2 72057594037927938 144115188075856007 2175 3 72057594037927937 144115188075856007 1 1 2 936748722493063684 144115188075856007 2320 2 1 1585267068834415731 910 3 72057594037927937 1585267068834415628 2048 729 2 1 380 730 2 1 560 926 2 72057594037927937 1 910 3 72057594037927937 1585267068834415732 4112 729 2 1 445 730 2 1 530 926 2 72057594037927937 1 2133 2 1224979098644774912 0 7 3 1224979098644774913 0 19 1073741857 3 1224979098644774913 2 11 1073741857 3 1224979098644774913 16 19 31 2 1224979098644774913 0 500 3 360287970189640693 1224979098644774912 1224979098644774913 2105 2 1224979098644774912 1 3 0 1 3 936748722493063772 0 450 2133 2 144115188075857119 72057594037927937 1 3 936748722493063772 1 420 2133 2 144115188075857120 72057594037927937 1 3 936748722493063772 2 390 2133 2 144115188075857121 72057594037927937 1 3 936748722493063772 3 360 2133 2 144115188075857122 72057594037927937 948 1 144115188075856734 931 2 144115188075856734 216172782113786978 729 2 1 600 730 2 1 420 926 2 144115188075856734 1 729 2 1 800 730 2 1 750 925 2 144115188075856734 1 927 2 144115188075856734 0 729 2 1 600 730 2 1 360 948 1 144115188075856735 926 2 144115188075856735 1 729 2 1 800 730 2 1 750 925 2 144115188075856735 1 931 2 144115188075856735 216172782113787156 927 2 144115188075856735 0 2133 2 1224979098644774914 -1 2133 2 1224979098644774915 -1 2133 2 1224979098644774916 -1 4 0 2147483679 2 144115188075856068 -1 520 3 1224979098644774914 144115188075856007 144115188075856068 2123 3 1224979098644774917 1224979098644774914 1000 2119 3 1224979098644774915 1224979098644774914 1000 2109 2 1224979098644774914 100 4 0 1 2 936748722493063776 1224979098644774914 931 2 144115188075856734 1585267068834415733 931 2 144115188075856734 1585267068834415734 931 2 144115188075856734 1585267068834415735 3 0 927 2 144115188075856734 1224979098644774917 910 3 72057594037927937 1585267068834415736 32768 729 2 1 465 730 2 1 450 926 2 72057594037927937 1 5 0 947 2 144115188075856734 0 3 0 729 2 1 465 730 2 1 390 910 3 72057594037927937 1585267068834415737 32768 926 2 72057594037927937 1 4 0 31 2 1224979098644774914 4 931 2 144115188075856735 216172782113787153 931 2 144115188075856735 216172782113787154 931 2 144115188075856735 216172782113787155 4 0 31 2 1224979098644774915 104 927 2 144115188075856735 1 2133 2 1224979098644774916 1441151880758559283 5 0 31 2 1224979098644774915 204 927 2 144115188075856735 2 2133 2 1224979098644774916 1441151880758559284 5 0 31 2 1224979098644774915 304 927 2 144115188075856735 3 2133 2 1224979098644774916 1441151880758559285 3 0 5 0 31 2 1224979098644774914 3 931 2 144115188075856735 216172782113787152 4 0 31 2 1224979098644774915 103 2133 2 1224979098644774916 1441151880758559282 927 2 144115188075856735 1 3 0 5 0 947 2 144115188075856735 0 947 2 72057594037927937 0 3 0 4 0 2147483679 2 1224979098644774916 -1 911 2 144115188075856743 1224979098644774916 729 2 1 560 730 2 1 325 926 2 144115188075856743 1 5 0 911 2 144115188075856743 1441151880758558776 922 2 144115188075856743 0 3 0 701 1 2 701 1 3 2133 2 1224979098644774918 75 730 2 1 200 729 2 2 600 730 2 2 600 729 2 3 750 730 2 3 750 6 3 1224979098644774919 4 9 2133 2 1224979098644774920 1441151880758558786 4 0 31 2 1224979098644774919 8 560 3 144115188075856007 156 1 2133 2 1224979098644774920 1441151880758558788 5 0 560 3 144115188075856007 155 1 4 0 31 2 1224979098644774919 4 2133 2 1224979098644774920 1441151880758558790 5 0 31 2 1224979098644774919 5 2133 2 1224979098644774920 1441151880758558789 5 0 31 2 1224979098644774919 6 2133 2 1224979098644774920 1441151880758558791 5 0 31 2 1224979098644774919 7 2133 2 1224979098644774920 1441151880758558787 3 0 3 0 911 2 72057594037927937 1224979098644774920 729 2 1 1224979098644774918 730 2 1 200 926 2 72057594037927937 1 925 2 72057594037927937 2 922 2 72057594037927937 153 4 0 1541 3 1224979098644774921 144115188075856007 1224979098644774919 32 2 1224979098644774921 0 944 2 72057594037927937 1224979098644774921 2120 3 1224979098644774922 1224979098644774918 37 729 2 1 1224979098644774922 730 2 1 237 926 2 72057594037927937 1 925 2 72057594037927937 3 500 3 360287970189640695 1224979098644774919 72057594037927937 3 0 2105 2 1224979098644774918 75 3 0 729 2 1 1000 730 2 1 800 925 2 144115188075857119 1 925 2 144115188075857120 1 925 2 144115188075857121 1 925 2 144115188075857122 1 729 2 1 128 730 2 1 310 913 3 144115188075857123 1441151880758559266 1441151880758559267 926 2 144115188075857123 1 729 2 1 270 730 2 1 325 910 3 72057594037927937 1585267068834415738 4112 926 2 72057594037927937 1 729 2 1 300 730 2 1 155 910 3 72057594037927937 1585267068834415739 4112 926 2 72057594037927937 1 730 2 1 105 910 3 72057594037927937 1585267068834415740 4112 926 2 72057594037927937 1 729 2 1 180 730 2 1 148 918 3 144115188075857124 1441151880758558774 1441151880758558775 926 2 144115188075857124 1 520 3 1224979098644774923 144115188075856007 155 927 2 144115188075857124 1224979098644774923 730 2 1 98 918 3 144115188075857125 1441151880758558774 1441151880758558775 926 2 144115188075857125 1 520 3 1224979098644774924 144115188075856007 156 927 2 144115188075857125 1224979098644774924 729 2 1 418 730 2 1 140 913 3 144115188075857126 1441151880758559266 1441151880758559267 926 2 144115188075857126 1 730 2 1 90 913 3 144115188075857127 1441151880758559266 1441151880758559267 926 2 144115188075857127 1 729 2 1 560 730 2 1 155 910 3 72057594037927937 1585267068834415738 4112 926 2 72057594037927937 1 730 2 1 105 910 3 72057594037927937 1585267068834415738 4112 926 2 72057594037927937 1 2133 2 1224979098644774925 900 2133 2 1224979098644774926 600 2133 2 1224979098644774927 0 1650 2 1224979098644774928 648518346341351424 6 3 1224979098644774929 1 1224979098644774928 1652 3 1224979098644774930 648518346341351424 1224979098644774929 1 2 936748722493063807 1224979098644774930 2322 2 1 1224979098644774930 729 2 1 1224979098644774925 730 2 1 1224979098644774926 2106 2 1224979098644774926 30 912 3 72057594037927936 1 4112 926 2 72057594037927936 1 2133 2 1224979098644774931 1224979098644774927 500 3 360287970189640691 1224979098644774931 72057594037927936 500 3 360287970189640692 1224979098644774931 1224979098644774930 2105 2 1224979098644774927 1 3 0 
-63.000000  18 2071 1 1224979098644774912 2072 1 1224979098644774913 6 3 1224979098644774914 0 9 540 3 360287970189640695 1224979098644774914 1224979098644774912 4 0 31 2 1224979098644774913 0 1541 3 1224979098644774915 144115188075856007 1224979098644774914 32 2 1224979098644774915 -1 1542 3 1224979098644774916 144115188075856007 1224979098644774914 2124 1 1000 729 2 1 560 730 2 1 310 972 4 1224979098644774915 1224979098644774916 1 100 5 0 31 2 1224979098644774913 1 971 0 3 0 3 0 
-62.000000  89 2071 1 1224979098644774912 2072 1 1224979098644774913 4 0 31 2 1224979098644774912 144115188075857119 1 3 936748722493063773 157 1224979098644774913 5 0 31 2 1224979098644774912 144115188075857120 1 3 936748722493063773 158 1224979098644774913 5 0 31 2 1224979098644774912 144115188075857121 1 3 936748722493063773 159 1224979098644774913 5 0 31 2 1224979098644774912 144115188075857122 1 3 936748722493063773 160 1224979098644774913 5 0 31 2 1224979098644774912 144115188075857118 902 1 0 5 0 31 2 1224979098644774912 144115188075857123 1 3 936748722493063682 144115188075856007 1 5 0 31 2 1224979098644774912 144115188075857124 500 3 144115188075856007 155 1224979098644774913 5 0 31 2 1224979098644774912 144115188075857125 500 3 144115188075856007 156 1224979098644774913 5 0 31 2 1224979098644774912 144115188075857126 1 3 936748722493063682 144115188075856007 3 5 0 31 2 1224979098644774912 144115188075857127 1 3 936748722493063682 144115188075856007 4 5 0 31 2 1224979098644774912 144115188075856734 33 3 144115188075856068 157 161 2122 3 1224979098644774914 1224979098644774913 1000 520 3 1224979098644774915 144115188075856007 144115188075856068 2109 2 1224979098644774915 1000 2105 2 1224979098644774914 1224979098644774915 500 3 144115188075856007 144115188075856068 1224979098644774914 5 0 31 2 1224979098644774912 144115188075856735 33 3 144115188075856068 157 161 2122 3 1224979098644774914 1224979098644774913 100 520 3 1224979098644774915 144115188075856007 144115188075856068 2119 3 1224979098644774916 1224979098644774915 100 1 2 936748722493063776 1224979098644774916 2105 2 1224979098644774914 1224979098644774916 922 2 144115188075856743 0 4 0 31 2 1224979098644774914 103 2133 2 1224979098644774917 1441151880758559282 5 0 1073741855 2 1224979098644774914 104 1073741855 2 1224979098644774914 204 31 2 1224979098644774914 304 2120 3 1224979098644774917 1441151880758559282 1224979098644774913 5 0 2133 2 1224979098644774917 -1 3 0 2108 2 1224979098644774915 1000 2107 2 1224979098644774915 1000 2105 2 1224979098644774914 1224979098644774915 500 3 144115188075856007 144115188075856068 1224979098644774914 4 0 32 2 1224979098644774917 0 2124 1 1000 911 2 72057594037927937 1224979098644774917 729 2 1 560 730 2 1 325 926 2 72057594037927937 1 2133 2 144115188075856743 72057594037927937 3 0 3 0 2133 2 1224979098644774918 0 1650 2 1224979098644774919 648518346341351424 6 3 1224979098644774920 1 1224979098644774919 1652 3 1224979098644774921 648518346341351424 1224979098644774920 1507 1 1224979098644774921 1 2 936748722493063807 1224979098644774921 2133 2 1224979098644774922 1224979098644774918 2105 2 1224979098644774918 1 540 3 360287970189640691 1224979098644774922 1224979098644774912 520 3 1224979098644774923 360287970189640692 1224979098644774922 2133 2 144115188075856023 1224979098644774923 2133 2 144115188075856007 1224979098644774923 47 1 1224979098644774923 900 1 1513209474796486676 3 0 


prsnt_dplmc_policy_management 0 53 2
-60.000000  108 2124 1 1000 902 1 999999 522 3 1224979098644774912 144115188075856018 201 522 3 1224979098644774913 144115188075856018 202 522 3 1224979098644774914 144115188075856018 203 522 3 1224979098644774915 144115188075856018 204 522 3 1224979098644774916 144115188075856018 204 940 2 144115188075857128 216172782113785560 729 2 1 900 730 2 1 25 926 2 144115188075857128 1 940 2 144115188075857123 216172782113783834 729 2 1 900 730 2 1 125 926 2 144115188075857123 1 910 3 72057594037927937 1585267068834415741 4112 729 2 1 445 730 2 1 700 926 2 72057594037927937 1 914 3 144115188075856734 -3 3 914 3 144115188075856735 -3 3 914 3 144115188075856736 -3 3 914 3 144115188075856737 -3 3 914 3 144115188075856738 -3 3 2133 2 72057594037927937 25 2120 3 1224979098644774917 216172782113787073 1224979098644774912 910 2 144115188075856739 1224979098644774917 2120 3 1224979098644774917 216172782113787080 1224979098644774913 910 2 144115188075856740 1224979098644774917 2120 3 1224979098644774917 216172782113787087 1224979098644774914 910 2 144115188075856741 1224979098644774917 2120 3 1224979098644774917 216172782113787094 1224979098644774915 910 2 144115188075857129 1224979098644774917 2120 3 1224979098644774917 216172782113787102 1224979098644774916 910 2 144115188075857130 1224979098644774917 910 2 144115188075857119 1585267068834415742 910 2 144115188075857120 1585267068834415743 910 2 144115188075857121 1585267068834415744 910 2 144115188075857122 1585267068834415745 910 2 144115188075857131 1585267068834415746 910 2 144115188075857132 1585267068834415747 910 2 144115188075857133 1585267068834415748 910 2 144115188075857134 1585267068834415749 910 2 144115188075857135 1585267068834415750 910 2 144115188075857118 1585267068834415751 927 2 144115188075856734 1224979098644774912 927 2 144115188075856735 1224979098644774913 927 2 144115188075856736 1224979098644774914 927 2 144115188075856737 1224979098644774915 927 2 144115188075856738 1224979098644774916 729 2 1 200 730 2 1 575 926 2 144115188075856734 1 730 2 1 450 926 2 144115188075856735 1 730 2 1 325 926 2 144115188075856736 1 730 2 1 200 926 2 144115188075856737 1 730 2 1 75 926 2 144115188075856738 1 729 2 1 100 730 2 1 625 926 2 144115188075857119 1 730 2 1 500 926 2 144115188075857120 1 730 2 1 375 926 2 144115188075857121 1 730 2 1 250 926 2 144115188075857122 1 730 2 1 125 926 2 144115188075857131 1 729 2 1 50 730 2 1 550 926 2 144115188075857132 1 730 2 1 425 926 2 144115188075857133 1 730 2 1 300 926 2 144115188075857134 1 730 2 1 175 926 2 144115188075857135 1 730 2 1 50 926 2 144115188075857118 1 729 2 1 775 730 2 1 775 925 2 144115188075857132 1 925 2 144115188075857133 1 925 2 144115188075857134 1 925 2 144115188075857135 1 925 2 144115188075857118 1 729 2 1 400 730 2 1 575 926 2 144115188075856739 1 730 2 1 450 926 2 144115188075856740 1 730 2 1 325 926 2 144115188075856741 1 730 2 1 200 926 2 144115188075857129 1 730 2 1 75 926 2 144115188075857130 1 729 2 1 925 730 2 1 925 925 2 144115188075856739 1 925 2 144115188075856740 1 925 2 144115188075856741 1 925 2 144115188075857129 1 925 2 144115188075857130 1 
-62.000000  36 2071 1 1224979098644774912 2072 1 1224979098644774913 4 0 31 2 1224979098644774912 144115188075856734 502 3 144115188075856018 201 1224979098644774913 2105 2 1224979098644774913 216172782113787073 920 2 144115188075856739 1224979098644774913 5 0 31 2 1224979098644774912 144115188075856735 502 3 144115188075856018 202 1224979098644774913 2105 2 1224979098644774913 216172782113787080 920 2 144115188075856740 1224979098644774913 5 0 31 2 1224979098644774912 144115188075856736 502 3 144115188075856018 203 1224979098644774913 2105 2 1224979098644774913 216172782113787087 920 2 144115188075856741 1224979098644774913 5 0 31 2 1224979098644774912 144115188075856737 502 3 144115188075856018 204 1224979098644774913 2105 2 1224979098644774913 216172782113787094 920 2 144115188075857129 1224979098644774913 5 0 31 2 1224979098644774912 144115188075856738 502 3 144115188075856018 206 1224979098644774913 2105 2 1224979098644774913 216172782113787102 920 2 144115188075857130 1224979098644774913 5 0 31 2 1224979098644774912 144115188075857128 2133 2 144115188075857136 1 902 1 0 5 0 31 2 1224979098644774912 144115188075857123 1 2 936748722493063709 144115188075856018 900 1 1513209474796486677 3 0 


prsnt_dplmc_peace_terms 0 53 3
-60.000000  51 2124 1 1000 902 1 999999 940 2 144115188075857118 216172782113785560 729 2 1 900 730 2 1 25 926 2 144115188075857118 1 940 2 144115188075857135 1585267068834415752 729 2 1 100 926 2 144115188075857135 1 910 3 72057594037927937 1585267068834415753 4112 729 2 1 445 730 2 1 700 926 2 72057594037927937 1 730 2 1 550 910 2 144115188075857120 1585267068834415754 729 2 1 50 926 2 144115188075857120 1 914 3 144115188075856734 1 10 927 2 144115188075856734 1 729 2 1 300 730 2 1 350 926 2 144115188075856734 1 2133 2 144115188075857137 1000 2133 2 144115188075857082 1 910 2 144115188075856735 1585267068834415755 729 2 1 500 926 2 144115188075856735 1 918 3 144115188075856646 1441151880758558774 1441151880758558775 729 2 1 700 926 2 144115188075856646 1 927 2 144115188075856646 1 2133 2 144115188075857103 0 2133 2 1224979098644774912 0 916 1 144115188075857119 6 3 1224979098644774913 648518346341351479 648518346341351532 541 3 1224979098644774913 0 2 2204 2 1224979098644774914 1224979098644774913 31 2 1224979098644774914 144115188075856876 2330 2 2 1224979098644774913 931 2 144115188075857119 2 2133 2 144115188075857103 1224979098644774913 2105 2 1224979098644774912 1 3 0 2133 2 144115188075857084 0 729 2 1 300 730 2 1 250 926 2 144115188075857119 1 927 2 144115188075857119 1224979098644774912 918 3 144115188075856652 1441151880758558774 1441151880758558775 729 2 1 700 926 2 144115188075856652 1 
-61.000000  0 
-62.000000  333 2071 1 1224979098644774912 2072 1 1224979098644774913 4 0 31 2 1224979098644774912 144115188075857119 2133 2 1224979098644774914 0 6 3 1224979098644774915 648518346341351479 648518346341351532 2204 2 1224979098644774916 1224979098644774915 31 2 1224979098644774916 144115188075856876 4 0 31 2 1224979098644774914 1224979098644774913 2133 2 144115188075857103 1224979098644774915 3 0 2105 2 1224979098644774914 1 3 0 5 0 31 2 1224979098644774912 144115188075856646 2133 2 144115188075857082 1224979098644774913 5 0 31 2 1224979098644774912 144115188075856652 2133 2 144115188075857084 1224979098644774913 5 0 31 2 1224979098644774912 144115188075856734 2122 3 144115188075857137 1224979098644774913 1000 2133 2 72057594037927937 144115188075857137 920 2 144115188075856735 216172782113783924 5 0 31 2 1224979098644774912 144115188075857135 902 1 0 5 0 31 2 1224979098644774912 144115188075857118 902 1 0 4 0 31 2 144115188075857082 0 2133 2 144115188075857137 0 3 0 4 0 31 2 144115188075857084 0 2133 2 144115188075857103 0 3 0 2133 2 1224979098644774917 0 4 0 32 2 144115188075857137 0 2123 3 1224979098644774917 144115188075857137 1000 3 0 2133 2 1224979098644774918 144115188075856876 2133 2 1224979098644774919 432345564227567631 4 0 2147484190 3 1224979098644774919 21 0 33 3 144115188075856287 432345564227567632 432345564227567639 2133 2 1224979098644774919 144115188075856287 3 0 2133 2 1224979098644774920 0 2133 2 1224979098644774921 0 2133 2 1224979098644774922 100 4 0 33 3 144115188075857103 648518346341351479 648518346341351532 4 0 2147484189 3 144115188075857103 403 0 2270 1 1224979098644774923 521 3 72057594037927936 144115188075857103 403 2106 2 1224979098644774923 72057594037927936 4 0 2147483678 2 1224979098644774923 744 2133 2 1224979098644774920 1 5 0 2147484189 3 144115188075857103 61 1224979098644774918 2147483678 2 1224979098644774923 2184 2133 2 1224979098644774920 1 5 0 2133 2 1224979098644774920 0 3 0 5 0 1073742365 3 144115188075857103 61 144115188075856287 1073742365 3 144115188075857103 62 144115188075856287 541 3 144115188075857103 62 432345564227567631 2133 2 1224979098644774920 1 5 0 2147484189 3 144115188075857103 61 1224979098644774918 521 3 1224979098644774924 144115188075857103 61 33 3 1224979098644774924 432345564227567631 432345564227567639 542 3 1224979098644774924 21 0 2190 3 72057594037927936 1224979098644774918 1224979098644774924 2147483678 2 72057594037927936 0 2133 2 1224979098644774920 1 5 0 2147484189 3 144115188075857103 62 1224979098644774918 521 3 1224979098644774924 144115188075857103 62 33 3 1224979098644774924 432345564227567631 432345564227567639 542 3 1224979098644774924 21 0 2190 3 72057594037927936 1224979098644774918 1224979098644774924 2147483678 2 72057594037927936 0 2133 2 1224979098644774920 1 5 0 2147484209 3 144115188075857103 7 0 2133 2 1224979098644774920 1 3 0 561 3 144115188075857103 7 1 521 3 1224979098644774925 144115188075857103 7 2133 2 1224979098644774926 -1 2133 2 1224979098644774921 1 2133 2 1224979098644774927 10000 2133 2 1224979098644774928 10000 6 3 1224979098644774929 648518346341351448 648518346341351726 2147483679 2 1224979098644774929 144115188075857103 4 0 541 3 1224979098644774929 120 144115188075857103 2147484189 3 1224979098644774929 7 1224979098644774925 561 3 1224979098644774929 7 1 521 3 1224979098644774926 1224979098644774929 7 5 0 541 3 1224979098644774929 7 1224979098644774925 2147484189 3 1224979098644774929 120 144115188075857103 2133 2 1224979098644774921 0 3 0 1073742365 3 1224979098644774929 0 3 1073742365 3 1224979098644774929 0 2 2204 2 1224979098644774930 1224979098644774929 2281 3 1224979098644774931 1224979098644774929 144115188075857103 1 3 936748722493063732 1224979098644774930 1224979098644774918 4 0 1073741856 2 72057594037927936 40 31 2 1224979098644774930 1224979098644774918 2110 2 1224979098644774927 1224979098644774931 5 0 2190 3 72057594037927936 1224979098644774930 1224979098644774918 2110 2 1224979098644774928 1224979098644774931 3 0 3 0 2133 2 1224979098644774922 100 4 0 1073741854 2 1224979098644774927 10000 30 2 1224979098644774928 10000 5 0 2147483678 2 1224979098644774927 1224979098644774928 32 2 1224979098644774928 25 2111 2 1224979098644774927 1 2122 3 1224979098644774922 1224979098644774928 100 2108 2 1224979098644774922 1224979098644774927 4 0 2147483680 2 1224979098644774928 50 2110 2 1224979098644774922 200 3 0 5 0 2147483678 2 1224979098644774928 1224979098644774927 32 2 1224979098644774927 25 2111 2 1224979098644774928 1 2122 3 1224979098644774922 1224979098644774927 100 2108 2 1224979098644774922 1224979098644774928 4 0 2147483680 2 1224979098644774927 50 2110 2 1224979098644774922 200 3 0 2107 2 1224979098644774922 -1 3 0 2147483679 2 1224979098644774921 1 30 2 1224979098644774926 1 2133 2 1224979098644774921 1 6 3 1224979098644774929 648518346341351448 648518346341351726 541 3 1224979098644774929 7 1224979098644774926 3221225505 3 1224979098644774929 648518346341351532 648518346341351726 2147484189 3 1224979098644774929 120 144115188075857103 2133 2 1224979098644774921 0 3 0 3 0 2133 2 1224979098644774932 100 2133 2 1224979098644774933 150 4 0 33 3 144115188075857103 648518346341351479 648518346341351532 2133 2 1224979098644774934 0 2133 2 1224979098644774933 0 6 3 1224979098644774929 648518346341351479 648518346341351532 4 0 31 2 144115188075857106 0 1 5 936748722493063734 1224979098644774929 -2 0 1 2133 2 72057594037927936 72057594037927937 5 0 1 4 936748722493063254 1224979098644774929 -2 0 3 0 2111 2 72057594037927936 250 2105 2 1224979098644774934 72057594037927936 2111 2 1224979098644774933 72057594037927936 31 2 1224979098644774929 144115188075857103 2133 2 1224979098644774932 72057594037927936 3 0 4 0 32 2 648518346341351532 648518346341351479 2121 3 72057594037927936 648518346341351532 648518346341351479 2108 2 1224979098644774934 72057594037927936 3 0 2111 2 1224979098644774934 300 2107 2 1224979098644774932 100 2107 2 1224979098644774933 100 2123 3 72057594037927936 1224979098644774934 2 2105 2 1224979098644774932 72057594037927936 2105 2 1224979098644774933 72057594037927936 2108 2 1224979098644774932 1224979098644774934 2108 2 1224979098644774933 1224979098644774934 2133 2 72057594037927936 1224979098644774932 2111 2 72057594037927936 100 2107 2 72057594037927936 12 2105 2 72057594037927936 50 2108 2 72057594037927936 100 2105 2 1224979098644774917 72057594037927936 2106 2 1224979098644774933 100 2108 2 1224979098644774933 2 2105 2 1224979098644774933 100 2112 3 1224979098644774933 110 400 3 0 1 4 936748722493063626 144115188075856876 1224979098644774919 -1 2133 2 1224979098644774935 72057594037927936 2133 2 1224979098644774936 72057594037927936 2107 2 1224979098644774936 2 2136 3 1224979098644774937 0 1224979098644774917 2108 2 1224979098644774917 -2 1 3 936748722493063376 144115188075856876 1224979098644774917 2133 2 1224979098644774938 0 6 3 1224979098644774924 432345564227567631 432345564227567639 542 3 1224979098644774924 21 0 2147483679 2 1224979098644774924 1224979098644774918 2147483679 2 1224979098644774924 432345564227567631 2147483679 2 1224979098644774924 144115188075856287 1 3 936748722493063732 1224979098644774924 1224979098644774918 2147483680 2 72057594037927936 40 1 3 936748722493063732 1224979098644774924 144115188075856287 2147483680 2 72057594037927936 40 2105 2 1224979098644774938 1 3 0 424 1 1224979098644774939 2112 3 1224979098644774939 0 3 4 0 2147483678 2 1224979098644774935 0 1073741857 3 144115188075857103 648518346341351479 648518346341351532 32 2 144115188075857137 0 2060 1 864691128455135466 5 0 33 3 144115188075857103 648518346341351479 648518346341351532 2147483678 2 1224979098644774935 2 1073742365 3 144115188075857103 61 1224979098644774918 1073741855 2 1224979098644774921 1 1073741854 2 1224979098644774932 1224979098644774933 1073741855 2 1224979098644774920 0 31 2 1224979098644774938 0 2060 1 864691128455135466 5 0 33 3 144115188075857103 648518346341351479 648518346341351532 2133 2 72057594037927936 1 2106 2 72057594037927936 1224979098644774920 2111 2 72057594037927936 0 4 0 541 3 144115188075857103 61 1224979098644774918 2105 2 72057594037927936 1 3 0 2111 2 1224979098644774921 0 2105 2 72057594037927936 1224979098644774921 4 0 30 2 1224979098644774932 1224979098644774933 2105 2 72057594037927936 1 3 0 4 0 31 2 1224979098644774938 0 2105 2 72057594037927936 1 3 0 4 0 30 2 1224979098644774922 190 2105 2 72057594037927936 1 3 0 2105 2 1224979098644774937 72057594037927936 30 2 72057594037927936 3 2060 1 864691128455135466 5 0 31 2 1224979098644774938 0 1073741857 3 144115188075857103 648518346341351479 648518346341351532 32 2 144115188075857137 0 33 3 1224979098644774918 432345564227567631 432345564227567639 2133 2 1224979098644774940 2 4 0 31 2 1224979098644774939 0 2120 3 1224979098644774940 1224979098644774935 1 2111 2 1224979098644774940 4 5 0 31 2 1224979098644774939 1 33 3 144115188075857103 648518346341351479 648518346341351532 2120 3 1224979098644774940 1224979098644774935 1 2111 2 1224979098644774940 4 5 0 31 2 1224979098644774939 2 3 0 2147483678 2 1224979098644774935 1224979098644774940 2060 1 864691128455135466 5 0 2147483680 2 1224979098644774937 1224979098644774936 4 0 33 3 144115188075857103 648518346341351479 648518346341351532 4 0 561 3 144115188075857103 7 1 521 3 72057594037927936 1224979098644774929 7 1 3 936748722493063374 72057594037927936 -1 3 0 6 3 1224979098644774929 648518346341351532 648518346341351726 541 3 1224979098644774929 120 144115188075857103 561 3 1224979098644774929 7 1 521 3 72057594037927936 1224979098644774929 7 1 3 936748722493063374 72057594037927936 -1 3 0 1 3 936748722493063329 144115188075857103 1224979098644774919 3 0 4 0 32 2 144115188075857137 0 1 2 936748722493063686 144115188075857137 522 3 1224979098644774941 144115188075856876 11 4 0 30 2 1224979098644774941 1 2147483679 2 144115188075856876 144115188075856287 2147483679 2 144115188075856876 432345564227567631 30 2 144115188075857137 1 2133 2 1224979098644774942 144115188075857137 30 2 1224979098644774942 1 1 3 936748722493063738 1224979098644774942 1224979098644774941 2136 3 72057594037927936 0 1000 2105 2 72057594037927936 1224979098644774942 2108 2 72057594037927936 1000 30 2 72057594037927936 1 2107 2 72057594037927936 -1 1 3 936748722493063374 1224979098644774941 72057594037927936 3 0 3 0 1 4 936748722493063391 144115188075856876 1224979098644774919 1 902 1 0 2040 0 5 0 2060 1 864691128455135466 3 0 3 0 


prsnt_jrider_faction_relations_report 0 548 3
-60.000000  367 902 1 999999 2124 1 1000 911 2 72057594037927937 1441151880758558754 729 2 1 180 730 2 1 180 925 2 72057594037927937 1 729 2 1 795 730 2 1 600 926 2 72057594037927937 1 911 2 72057594037927937 1441151880758558742 729 2 1 170 730 2 1 170 925 2 72057594037927937 1 729 2 1 -15 730 2 1 600 926 2 72057594037927937 1 910 3 72057594037927937 1585267068834415756 16 729 2 1 500 730 2 1 670 926 2 72057594037927937 1 729 2 1 1500 730 2 1 1500 925 2 72057594037927937 1 940 2 72057594037927938 1585267068834415757 729 2 1 700 730 2 1 23 926 2 72057594037927938 1 2133 2 144115188075857307 72057594037927938 940 2 72057594037927937 1585267068834415758 729 2 1 400 730 2 1 23 926 2 72057594037927937 1 2133 2 144115188075857138 72057594037927937 2133 2 1224979098644774912 250 2133 2 1224979098644774913 620 730 2 1 1224979098644774913 4 0 31 2 144115188075857308 0 2133 2 144115188075857309 432345564227567631 2133 2 144115188075857310 432345564227567639 2105 2 144115188075857310 144115188075857309 2108 2 144115188075857310 2 2105 2 144115188075857310 1 5 0 31 2 144115188075857308 1 2133 2 144115188075857309 144115188075857310 2105 2 144115188075857309 1 2133 2 144115188075857310 432345564227567639 3 0 6 3 1224979098644774914 144115188075857309 144115188075857310 2133 2 72057594037927943 1224979098644774914 542 3 1224979098644774914 21 0 4 0 33 3 1224979098644774914 432345564227567632 432345564227567639 2121 3 1224979098644774915 1224979098644774914 432345564227567632 2105 2 1224979098644774915 216172782113785872 2133 2 72057594037927942 1224979098644774915 2320 2 1 1224979098644774915 5 0 2320 2 1 1585267068834415759 3 0 2320 2 11 1224979098644774915 910 3 72057594037927946 1 65540 1277 2 1224979098644774916 1224979098644774914 921 2 72057594037927946 1224979098644774916 729 2 3 650 730 2 3 800 925 2 72057594037927946 3 729 2 1 1224979098644774912 926 2 72057594037927946 1 2105 2 1224979098644774912 150 3 0 2133 2 1224979098644774912 215 2133 2 1224979098644774913 597 2133 2 1224979098644774917 0 729 2 1224979098644774917 720 730 2 1224979098644774917 775 2133 2 1224979098644774918 50 729 2 1224979098644774918 60 730 2 1224979098644774918 28000 910 3 72057594037927938 1585267068834415760 16 925 2 72057594037927938 1224979098644774917 729 2 1 1224979098644774912 730 2 1 1224979098644774913 926 2 72057594037927938 1 2105 2 1224979098644774912 45 6 3 1224979098644774919 0 7 911 2 72057594037927937 1441151880758558776 921 2 72057594037927937 0 925 2 72057594037927937 1224979098644774918 2121 3 1224979098644774920 1224979098644774912 15 2121 3 1224979098644774921 1224979098644774913 500 729 2 2 1224979098644774920 730 2 2 1224979098644774921 926 2 72057594037927937 2 2105 2 1224979098644774912 150 4 0 31 2 144115188075856163 1 2133 2 72057594037927956 1224979098644774919 1106 1 1585267068834415761 3 0 3 0 2319 1 9 2319 1 8 2319 1 3 2319 1 60 2319 1 61 2319 1 0 910 3 72057594037927937 0 131072 729 2 1 50 730 2 1 70 926 2 72057594037927937 1 729 2 1 860 730 2 1 527 929 2 72057594037927937 1 945 1 72057594037927937 2133 2 1224979098644774922 0 2133 2 1224979098644774913 0 2133 2 1224979098644774923 0 7 3 1224979098644774924 432345564227567631 432345564227567639 542 3 1224979098644774924 21 0 2133 2 1224979098644774925 265 6 3 1224979098644774926 144115188075857309 144115188075857310 542 3 1224979098644774926 21 0 4 0 2147483679 2 1224979098644774926 1224979098644774924 2335 2 8 1224979098644774926 4 0 2147483679 2 1224979098644774926 1224979098644774924 1 3 936748722493063630 1224979098644774924 1224979098644774926 2133 2 1224979098644774927 72057594037927936 2133 2 1224979098644774928 72057594037927937 4 0 31 2 1224979098644774927 -2 2320 2 60 1585267068834415762 2133 2 72057594037927996 14483456 2133 2 72057594037927995 0 5 0 31 2 1224979098644774927 -1 2320 2 60 1585267068834415763 2133 2 72057594037927996 14516224 2133 2 72057594037927995 1224979098644774928 5 0 31 2 1224979098644774927 0 2320 2 60 1585267068834415764 2133 2 72057594037927996 16777215 2133 2 72057594037927995 0 5 0 31 2 1224979098644774927 1 2320 2 60 1585267068834415765 2133 2 72057594037927996 14540253 2133 2 72057594037927995 1224979098644774928 4 0 30 2 1224979098644774928 61 2320 2 60 1585267068834415766 2133 2 72057594037927996 65280 2121 3 72057594037927995 1224979098644774928 60 5 0 30 2 1224979098644774928 41 2320 2 60 1585267068834415767 2133 2 72057594037927996 65450 2121 3 72057594037927995 1224979098644774928 40 5 0 30 2 1224979098644774928 21 2320 2 60 1585267068834415768 2133 2 72057594037927996 65484 2121 3 72057594037927995 1224979098644774928 20 3 0 3 0 2105 2 1224979098644774912 50 910 3 72057594037927946 60 65540 925 2 72057594037927946 1224979098644774922 921 2 72057594037927946 72057594037927996 2121 3 1224979098644774920 1224979098644774925 20 2120 3 1224979098644774929 1224979098644774913 54 729 2 3 1224979098644774920 730 2 3 1224979098644774929 926 2 72057594037927946 3 910 3 72057594037927946 1585267068834415769 16 925 2 72057594037927946 1224979098644774922 2120 3 1224979098644774929 1224979098644774913 36 2120 3 1224979098644774920 1224979098644774925 10 729 2 3 1224979098644774920 730 2 3 1224979098644774929 926 2 72057594037927946 3 2190 3 1224979098644774930 1224979098644774924 1224979098644774926 2133 2 72057594037927997 1224979098644774930 910 3 72057594037927946 1585267068834415770 16 925 2 72057594037927946 1224979098644774922 2120 3 1224979098644774929 1224979098644774913 18 2120 3 1224979098644774920 1224979098644774925 10 729 2 3 1224979098644774920 730 2 3 1224979098644774929 926 2 72057594037927946 3 3 0 3 0 2105 2 1224979098644774925 150 3 0 2133 2 1224979098644774912 165 2105 2 1224979098644774913 54 911 2 72057594037927937 1441151880758558776 921 2 72057594037927937 0 729 2 1 42000 730 2 1 60 925 2 72057594037927937 1 729 2 1 17 2120 3 1224979098644774929 1224979098644774913 20 730 2 1 1224979098644774929 926 2 72057594037927937 1 2335 2 9 1224979098644774924 2320 2 1 1585267068834415771 910 3 72057594037927946 1 65540 1277 2 1224979098644774916 1224979098644774924 921 2 72057594037927946 1224979098644774916 729 2 3 750 730 2 3 850 925 2 72057594037927946 3 729 2 3 10 730 2 3 1224979098644774913 926 2 72057594037927946 3 2133 2 1224979098644774912 165 2133 2 1224979098644774922 0 729 2 1224979098644774922 700 730 2 1224979098644774922 800 2190 3 72057594037927937 432345564227567631 1224979098644774924 4 0 30 2 72057594037927937 90 2320 2 3 1585267068834415772 5 0 30 2 72057594037927937 80 2320 2 3 1585267068834415773 5 0 30 2 72057594037927937 70 2320 2 3 1585267068834415774 5 0 30 2 72057594037927937 60 2320 2 3 1585267068834415775 5 0 30 2 72057594037927937 50 2320 2 3 1585267068834415776 5 0 30 2 72057594037927937 40 2320 2 3 1585267068834415777 5 0 30 2 72057594037927937 30 2320 2 3 1585267068834415778 5 0 30 2 72057594037927937 20 2320 2 3 1585267068834415779 5 0 30 2 72057594037927937 10 2320 2 3 1585267068834415780 5 0 30 2 72057594037927937 0 2320 2 3 1585267068834415781 5 0 30 2 72057594037927937 -10 2320 2 3 1585267068834415782 5 0 30 2 72057594037927937 -20 2320 2 3 1585267068834415783 5 0 30 2 72057594037927937 -30 2320 2 3 1585267068834415784 5 0 30 2 72057594037927937 -40 2320 2 3 1585267068834415785 5 0 30 2 72057594037927937 -50 2320 2 3 1585267068834415786 5 0 30 2 72057594037927937 -60 2320 2 3 1585267068834415787 5 0 30 2 72057594037927937 -70 2320 2 3 1585267068834415788 5 0 2320 2 3 1585267068834415789 3 0 910 3 72057594037927946 1585267068834415626 8 925 2 72057594037927946 1224979098644774922 2120 3 1224979098644774920 1224979098644774912 20 729 2 1 1224979098644774920 730 2 1 1224979098644774913 926 2 72057594037927946 1 921 2 72057594037927946 1224979098644774923 910 3 72057594037927946 1585267068834415790 8 925 2 72057594037927946 1224979098644774922 729 2 1 1224979098644774920 2121 3 1224979098644774929 1224979098644774913 20 730 2 1 1224979098644774929 926 2 72057594037927946 1 921 2 72057594037927946 1224979098644774923 4 0 2147483679 2 1224979098644774924 432345564227567631 2121 3 1224979098644774931 1224979098644774924 144115188075857309 2105 2 1224979098644774931 1441151880758558746 911 2 72057594037927946 1224979098644774931 729 2 1 75 730 2 1 75 925 2 72057594037927946 1 729 2 1 165 2121 3 1224979098644774929 1224979098644774913 37 730 2 1 1224979098644774929 926 2 72057594037927946 1 3 0 2133 2 1224979098644774932 0 2133 2 1224979098644774933 0 2133 2 1224979098644774934 0 2133 2 1224979098644774935 0 11 1 1224979098644774936 2204 2 1224979098644774937 1224979098644774936 31 2 1224979098644774937 1224979098644774924 4 0 541 3 1224979098644774936 0 13 2105 2 1224979098644774932 1 5 0 541 3 1224979098644774936 0 11 2105 2 1224979098644774933 1 5 0 1073742365 3 1224979098644774936 0 3 1073742365 3 1224979098644774936 0 2 541 3 1224979098644774936 0 4 2105 2 1224979098644774934 1 4 0 541 3 1224979098644774936 7 -1 2105 2 1224979098644774935 1 3 0 3 0 3 0 2133 2 1224979098644774938 0 6 3 1224979098644774939 360287970189639895 360287970189640064 540 3 1224979098644774939 2 2 560 3 1224979098644774939 8 0 2173 2 1224979098644774940 1224979098644774939 31 2 1224979098644774940 1224979098644774924 2105 2 1224979098644774938 1 3 0 2133 2 72057594037927997 1224979098644774934 2133 2 72057594037927994 1224979098644774935 910 3 72057594037927946 1585267068834415791 4 925 2 72057594037927946 1224979098644774922 729 2 1 15 2121 3 1224979098644774929 1224979098644774913 17 730 2 1 1224979098644774929 926 2 72057594037927946 1 921 2 72057594037927946 0 2133 2 72057594037927998 1224979098644774933 910 3 72057594037927946 1585267068834415792 4 925 2 72057594037927946 1224979098644774922 729 2 1 15 2106 2 1224979098644774929 17 730 2 1 1224979098644774929 926 2 72057594037927946 1 921 2 72057594037927946 0 2133 2 72057594037927996 1224979098644774932 2133 2 72057594037927995 1224979098644774938 910 3 72057594037927946 1585267068834415793 4 925 2 72057594037927946 1224979098644774922 729 2 1 15 2106 2 1224979098644774929 17 730 2 1 1224979098644774929 926 2 72057594037927946 1 921 2 72057594037927946 0 2105 2 1224979098644774913 18 3 0 945 1 -1 
-62.000000  19 2071 1 1224979098644774912 4 0 31 2 1224979098644774912 144115188075857138 2133 2 144115188075857308 0 1106 1 1585267068834415794 902 1 0 5 0 31 2 1224979098644774912 144115188075857307 4 0 31 2 144115188075857308 0 2133 2 144115188075857308 1 5 0 31 2 144115188075857308 1 2133 2 144115188075857308 0 3 0 902 1 0 900 1 1513209474796486679 902 1 9999 3 0 
-61.000000  6 4 0 1073741895 1 1 71 1 225 902 1 0 2060 1 864691128455135236 3 0 


prsnt_dplmc_set_vassal_title 0 53 2
-60.000000  102 2124 1 1000 2319 1 1 2319 1 2 910 3 72057594037927936 1585267068834415795 16 729 2 1 500 730 2 1 600 926 2 72057594037927936 1 910 3 72057594037927936 1585267068834415796 16 729 2 1 500 730 2 1 400 926 2 72057594037927936 1 919 1 144115188075856574 729 2 1 400 730 2 1 500 926 2 144115188075856574 1 4 0 540 3 360287970189640205 0 1 2322 2 0 360287970189640205 5 0 2319 1 0 2121 3 1224979098644774912 144115188075856287 432345564227567631 2105 2 1224979098644774912 216172782113786697 2320 2 0 1224979098644774912 3 0 920 2 144115188075856574 0 919 1 72057594037927936 729 2 1 400 730 2 1 300 926 2 72057594037927936 1 4 0 540 3 360287970189640205 1 1 2323 2 0 360287970189640205 5 0 2319 1 0 2121 3 1224979098644774912 144115188075856287 432345564227567631 2105 2 1224979098644774912 216172782113786704 2320 2 0 1224979098644774912 3 0 920 2 72057594037927936 0 940 3 72057594037927936 216172782113785560 16 729 2 1 500 730 2 1 150 926 2 72057594037927936 1 940 3 72057594037927936 216172782113785559 16 729 2 1 500 730 2 1 100 926 2 72057594037927936 1 2133 2 1224979098644774913 360287970189640711 2133 2 1224979098644774914 360287970189640064 2133 2 1224979098644774915 0 2133 2 1224979098644774916 0 2133 2 144115188075856023 0 4 0 520 3 1224979098644774917 360287970189639680 30 33 3 1224979098644774917 360287970189639895 360287970189640205 4 0 1 2 936748722493063724 1224979098644774917 2133 2 1224979098644774914 1224979098644774917 2133 2 1224979098644774916 9999 5 0 2133 2 1224979098644774913 1224979098644774917 2133 2 1224979098644774915 9999 3 0 3 0 6 3 1224979098644774918 360287970189639895 360287970189640205 2173 2 1224979098644774919 1224979098644774918 31 2 1224979098644774919 144115188075856287 520 3 1224979098644774920 1224979098644774918 2 4 0 31 2 1224979098644774920 2 520 3 1224979098644774921 1224979098644774918 7 4 0 1 2 936748722493063724 1224979098644774918 2147483678 2 1224979098644774916 1224979098644774921 2133 2 1224979098644774914 1224979098644774918 5 0 2147483678 2 1224979098644774915 1224979098644774921 2133 2 1224979098644774913 1224979098644774918 3 0 5 0 31 2 1224979098644774920 6 520 3 1224979098644774921 1224979098644774918 18 2147483678 2 1224979098644774916 1224979098644774921 2133 2 1224979098644774914 1224979098644774918 3 0 3 0 701 1 1 939 4 72057594037927937 -1 1729382256910270516 1224979098644774913 729 2 1 10 730 2 1 100 926 2 72057594037927937 1 729 2 1 750 730 2 1 750 925 2 72057594037927937 1 939 4 72057594037927937 -1 1729382256910270516 1224979098644774914 729 2 1 750 730 2 1 100 926 2 72057594037927937 1 729 2 1 750 730 2 1 750 925 2 72057594037927937 1 902 1 999999 
-62.000000  61 2071 1 1224979098644774912 4 0 31 2 1224979098644774912 144115188075856574 2320 2 1 0 5 0 2120 3 1224979098644774913 144115188075856574 1 31 2 1224979098644774912 1224979098644774913 2320 2 2 0 5 0 2105 2 1224979098644774913 1 31 2 1224979098644774912 1224979098644774913 4 0 2147485966 1 1 1501 2 360287970189640205 1 500 3 360287970189640205 0 1 6 3 1224979098644774914 360287970189639918 360287970189640058 2173 2 1224979098644774915 1224979098644774914 31 2 1224979098644774915 144115188075856287 1 3 936748722493063332 1224979098644774914 432345564227567631 3 0 3 0 4 0 2147485966 1 2 1502 2 360287970189640205 2 500 3 360287970189640205 1 1 6 3 1224979098644774914 360287970189640064 360287970189640205 2173 2 1224979098644774915 1224979098644774914 31 2 1224979098644774915 144115188075856287 1 3 936748722493063332 1224979098644774914 432345564227567631 3 0 3 0 4 0 3221227790 1 1 2147485966 1 2 6 3 1224979098644774914 360287970189639895 360287970189639911 2173 2 1224979098644774915 1224979098644774914 31 2 1224979098644774915 144115188075856287 540 3 1224979098644774914 2 2 1 3 936748722493063332 1224979098644774914 432345564227567631 3 0 3 0 902 1 0 5 0 2105 2 1224979098644774913 1 31 2 1224979098644774912 1224979098644774913 500 3 360287970189640205 0 0 500 3 360287970189640205 1 0 6 3 1224979098644774914 360287970189639918 360287970189640205 2147483681 3 1224979098644774914 360287970189640058 360287970189640064 2173 2 1224979098644774915 1224979098644774914 31 2 1224979098644774915 144115188075856287 1 3 936748722493063332 1224979098644774914 1224979098644774915 3 0 6 3 1224979098644774914 360287970189639895 360287970189639911 2173 2 1224979098644774915 1224979098644774914 31 2 1224979098644774915 144115188075856287 540 3 1224979098644774914 2 2 1 3 936748722493063332 1224979098644774914 1224979098644774915 3 0 902 1 0 3 0 


prsnt_dplmc_auto_sell_options 0 53 2
-60.000000  81 902 1 999999 2124 1 1000 910 3 72057594037927936 1585267068834415797 4096 729 2 1 170 730 2 1 660 926 2 72057594037927936 1 918 3 144115188075857119 1441151880758558774 1441151880758558775 729 2 1 150 730 2 1 652 926 2 144115188075857119 1 927 2 144115188075857119 144115188075857139 910 3 72057594037927936 1585267068834415798 4096 729 2 1 150 730 2 1 610 926 2 72057594037927936 1 942 3 144115188075857120 10 10000 729 2 1 600 730 2 1 596 927 2 144115188075857120 144115188075857140 926 2 144115188075857120 1 940 2 144115188075857121 216172782113785560 729 2 1 900 730 2 1 25 926 2 144115188075857121 1 910 3 72057594037927936 1585267068834415799 4096 729 2 1 150 730 2 1 578 926 2 72057594037927936 1 913 3 144115188075857131 1441151880758559275 1441151880758559276 729 2 1 160 730 2 1 528 926 2 144115188075857131 1 910 3 72057594037927937 1585267068834415800 4112 729 2 1 265 730 2 1 538 926 2 72057594037927937 1 913 3 144115188075857132 1441151880758559275 1441151880758559276 729 2 1 385 730 2 1 528 926 2 144115188075857132 1 910 3 72057594037927937 1585267068834415801 4112 729 2 1 490 730 2 1 538 926 2 72057594037927937 1 2133 2 1224979098644774912 160 2133 2 1224979098644774913 500 6 3 1224979098644774914 0 20 2120 3 1224979098644774915 1 1224979098644774914 2147483679 2 1224979098644774915 11 2147483679 2 1224979098644774915 19 2147483679 2 1224979098644774915 20 729 2 1 1224979098644774912 730 2 1 1224979098644774913 911 2 72057594037927937 1441151880758559275 926 2 72057594037927937 1 2120 3 1224979098644774916 1224979098644774912 120 2120 3 1224979098644774917 1224979098644774913 10 729 2 1 1224979098644774916 730 2 1 1224979098644774917 2120 3 1224979098644774918 216172782113786989 1224979098644774914 2320 2 1 1224979098644774918 910 3 72057594037927937 1585267068834415628 4112 926 2 72057594037927937 1 2120 3 1224979098644774919 1224979098644774912 0 2120 3 1224979098644774920 1224979098644774913 4 729 2 1 1224979098644774919 730 2 1 1224979098644774920 918 3 72057594037927937 1441151880758558774 1441151880758558775 926 2 72057594037927937 1 2120 3 1224979098644774921 1 1224979098644774914 527 3 1224979098644774922 1224979098644774921 71 2121 3 1224979098644774922 1 1224979098644774922 927 2 72057594037927937 1224979098644774922 500 3 360287970189640692 1224979098644774914 72057594037927937 2105 2 1224979098644774912 225 4 0 31 2 1224979098644774912 835 2133 2 1224979098644774912 160 2106 2 1224979098644774913 28 3 0 3 0 
-62.000000  44 2071 1 1224979098644774912 2072 1 1224979098644774913 4 0 31 2 1224979098644774912 144115188075857119 2133 2 144115188075857139 1224979098644774913 5 0 31 2 1224979098644774912 144115188075857120 2133 2 144115188075857140 1224979098644774913 5 0 31 2 1224979098644774912 144115188075857121 902 1 0 5 0 31 2 1224979098644774912 144115188075857131 6 3 1224979098644774914 0 20 2120 3 1224979098644774915 1 1224979098644774914 2147483679 2 1224979098644774915 11 2147483679 2 1224979098644774915 19 2147483679 2 1224979098644774915 20 507 3 1224979098644774915 71 0 520 3 1224979098644774916 360287970189640692 1224979098644774914 927 2 1224979098644774916 1 3 0 5 0 31 2 1224979098644774912 144115188075857132 6 3 1224979098644774914 0 20 2120 3 1224979098644774915 1 1224979098644774914 2147483679 2 1224979098644774915 11 2147483679 2 1224979098644774915 19 2147483679 2 1224979098644774915 20 527 3 1224979098644774917 1224979098644774915 71 2105 2 1224979098644774917 1 2109 2 1224979098644774917 2 507 3 1224979098644774915 71 1224979098644774917 520 3 1224979098644774916 360287970189640692 1224979098644774914 2121 3 1224979098644774918 1 1224979098644774917 927 2 1224979098644774916 1224979098644774918 3 0 3 0 6 3 1224979098644774919 0 20 540 3 360287970189640692 1224979098644774919 1224979098644774912 2120 3 1224979098644774920 1 1224979098644774919 2121 3 1224979098644774917 1 1224979098644774913 507 3 1224979098644774920 71 1224979098644774917 3 0 


prsnt_dplmc_shopping_list_of_food 0 53 3
-60.000000  65 902 1 999999 2124 1 1000 940 2 144115188075857119 216172782113785560 729 2 1 900 730 2 1 25 926 2 144115188075857119 1 910 3 72057594037927936 1585267068834415802 4096 729 2 1 170 730 2 1 690 926 2 72057594037927936 1 918 3 144115188075857120 1441151880758558774 1441151880758558775 729 2 1 150 730 2 1 682 926 2 144115188075857120 1 927 2 144115188075857120 144115188075857141 2133 2 1224979098644774912 60 2133 2 1224979098644774913 550 6 3 1224979098644774914 288230376151711854 288230376151711869 911 2 72057594037927937 1441151880758558782 729 2 1 800 730 2 1 800 925 2 72057594037927937 1 729 2 1 1224979098644774912 730 2 1 1224979098644774913 926 2 72057594037927937 1 911 2 72057594037927937 1441151880758558786 729 2 1 640 730 2 1 640 925 2 72057594037927937 1 729 2 1 1224979098644774912 730 2 1 1224979098644774913 926 2 72057594037927937 1 500 3 360287970189640691 1224979098644774914 72057594037927937 944 2 72057594037927937 1224979098644774914 729 2 1 800 730 2 1 800 925 2 72057594037927937 1 2120 3 1224979098644774915 1224979098644774912 40 2120 3 1224979098644774916 1224979098644774913 40 729 2 1 1224979098644774915 730 2 1 1224979098644774916 926 2 72057594037927937 1 500 3 360287970189640692 1224979098644774914 72057594037927937 910 3 72057594037927937 1585267068834415803 4112 2120 3 1224979098644774917 1224979098644774912 100 2120 3 1224979098644774918 1224979098644774913 40 729 2 1 1224979098644774917 730 2 1 1224979098644774918 926 2 72057594037927937 1 942 3 72057594037927937 0 9 2120 3 1224979098644774919 1224979098644774912 115 2120 3 1224979098644774920 1224979098644774913 30 729 2 1 1224979098644774919 730 2 1 1224979098644774920 926 2 72057594037927937 1 527 3 1224979098644774921 1224979098644774914 8 927 2 72057594037927937 1224979098644774921 500 3 360287970189640693 1224979098644774914 72057594037927937 2105 2 1224979098644774912 240 4 0 31 2 1224979098644774912 1020 2133 2 1224979098644774912 60 2106 2 1224979098644774913 120 3 0 3 0 
-63.000000  35 2071 1 1224979098644774912 2072 1 1224979098644774913 4 0 31 2 1224979098644774913 0 4 0 33 3 144115188075856213 648518346341351448 648518346341351479 521 3 1224979098644774914 144115188075856213 23 5 0 33 3 144115188075856213 648518346341351532 648518346341351726 521 3 1224979098644774914 144115188075856213 25 5 0 2133 2 1224979098644774914 -1 3 0 6 3 1224979098644774915 288230376151711854 288230376151711869 540 3 360287970189640691 1224979098644774915 1224979098644774912 520 3 1224979098644774916 360287970189640692 1224979098644774915 946 2 0 1224979098644774916 4 0 2147483680 2 1224979098644774914 0 970 3 1224979098644774915 0 100 5 0 1 5 936748722493063690 1224979098644774915 144115188075856213 360287970189639680 1224979098644774914 970 3 1224979098644774915 0 72057594037927936 3 0 2133 2 144115188075856481 1224979098644774915 3 0 5 0 6 3 1224979098644774915 288230376151711854 288230376151711869 540 3 360287970189640691 1224979098644774915 1224979098644774912 4 0 31 2 144115188075856481 1224979098644774915 971 0 3 0 3 0 3 0 
-62.000000  13 2071 1 1224979098644774912 2072 1 1224979098644774913 6 3 1224979098644774914 288230376151711854 288230376151711869 540 3 360287970189640693 1224979098644774914 1224979098644774912 507 3 1224979098644774914 8 1224979098644774913 3 0 4 0 31 2 1224979098644774912 144115188075857120 2133 2 144115188075857141 1224979098644774913 5 0 31 2 1224979098644774912 144115188075857119 902 1 0 3 0 


prsnt_jrider_character_relation_report 0 548 4
-60.000000  195 902 1 999999 2124 1 1000 2319 1 0 2319 1 1 4 0 31 2 144115188075857099 0 2320 2 0 1585267068834415804 2133 2 1224979098644774912 160 2133 2 1224979098644774913 480 2133 2 1224979098644774914 0 2133 2 144115188075857142 1000 1 1 936748722493063765 910 3 72057594037927937 1 4 729 2 1 590 730 2 1 55 926 2 72057594037927937 1 729 2 1 750 730 2 1 850 925 2 72057594037927937 1 921 2 72057594037927937 16737996 5 0 31 2 144115188075857099 1 2320 2 0 1585267068834415805 2133 2 1224979098644774912 110 2133 2 1224979098644774913 550 2133 2 1224979098644774914 0 2133 2 144115188075857142 2000 5 0 31 2 144115188075857099 2 2320 2 0 1585267068834415806 2133 2 1224979098644774912 110 2133 2 1224979098644774913 550 2133 2 1224979098644774914 0 2133 2 144115188075857142 3000 2133 2 1224979098644774915 0 729 2 1224979098644774915 400 730 2 1224979098644774915 400 911 2 72057594037927937 1441151880758558784 729 2 1 67 730 2 1 300 926 2 72057594037927937 1 925 2 72057594037927937 1224979098644774915 911 2 72057594037927937 1441151880758558785 729 2 1 450 730 2 1 330 926 2 72057594037927937 1 925 2 72057594037927937 1224979098644774915 3 0 911 2 72057594037927937 1441151880758559269 729 2 1 0 730 2 1 0 926 2 72057594037927937 1 729 2 1 1000 730 2 1 1000 925 2 72057594037927937 1 910 3 72057594037927937 0 16 921 2 72057594037927937 14540253 729 2 1 740 730 2 1 680 926 2 72057594037927937 1 729 2 1 1200 730 2 1 1200 925 2 72057594037927937 1 940 2 144115188075857138 1585267068834415807 729 2 1 290 730 2 1 10 926 2 144115188075857138 1 910 3 144115188075857144 216172782113785617 4 921 2 144115188075857144 16777215 729 2 1 55 730 2 1 60 926 2 144115188075857144 1 729 2 1 700 730 2 1 800 925 2 144115188075857144 1 910 3 144115188075857145 216172782113783809 131072 729 2 1 590 730 2 1 1224979098644774912 926 2 144115188075857145 1 729 2 1 335 730 2 1 1224979098644774913 929 2 144115188075857145 1 916 3 144115188075857146 216172782113783809 0 729 2 1 507 730 2 1 709 926 2 144115188075857146 1 729 2 1 550 730 2 1 650 925 2 144115188075857146 1 931 2 144115188075857146 1585267068834415808 6 3 1224979098644774916 432345564227567632 432345564227567639 1 2 936748722493063633 1224979098644774916 931 2 144115188075857146 1585267068834415809 3 0 931 2 144115188075857146 1585267068834415810 4 0 1073741855 2 144115188075857098 1 31 2 144115188075857147 -1 2133 2 144115188075857147 -1 927 2 144115188075857146 7 5 0 927 2 144115188075857146 144115188075857147 3 0 2133 2 144115188075857148 0 1 3 936748722493063761 144115188075857099 1224979098644774914 2133 2 144115188075857149 0 32 2 144115188075857148 0 2120 3 1224979098644774917 144115188075857142 144115188075857153 520 3 144115188075857150 360287970189640693 1224979098644774917 1 2 936748722493063764 144115188075857150 920 2 144115188075857144 1 921 2 144115188075857154 4284901119 922 2 144115188075857154 68 938 4 144115188075857151 -1 1729382256910270499 144115188075857150 729 2 2 100 730 2 2 280 926 2 144115188075857151 2 729 2 2 1100 730 2 2 1100 925 2 144115188075857151 2 4 0 2173 2 1224979098644774918 144115188075857150 2147483679 2 1224979098644774918 432345564227567631 33 3 1224979098644774918 432345564227567631 432345564227567639 2121 3 1224979098644774919 1224979098644774918 432345564227567631 2105 2 1224979098644774919 1441151880758558746 911 2 144115188075857152 1224979098644774919 729 2 3 150 730 2 3 600 926 2 144115188075857152 3 729 2 3 250 730 2 3 250 925 2 144115188075857152 3 3 0 4 0 31 2 144115188075857099 2 2133 2 1224979098644774920 452 2133 2 1224979098644774921 536 6 3 1224979098644774922 0 9 1541 3 72057594037927937 144115188075857150 1224979098644774922 4 0 31 2 1224979098644774922 4 2133 2 1224979098644774920 68 2133 2 1224979098644774921 557 3 0 4 0 2147483678 2 72057594037927937 1 4 0 2147483678 2 1224979098644774922 4 2133 2 1224979098644774923 1441151880758558793 5 0 31 2 1224979098644774922 4 2133 2 1224979098644774923 1441151880758558790 5 0 31 2 1224979098644774922 5 2133 2 1224979098644774923 1441151880758558789 5 0 31 2 1224979098644774922 6 2133 2 1224979098644774923 1441151880758558791 5 0 31 2 1224979098644774922 7 2133 2 1224979098644774923 1441151880758558787 5 0 31 2 1224979098644774922 8 2133 2 1224979098644774923 1441151880758558788 3 0 911 2 72057594037927947 1224979098644774923 925 2 72057594037927947 1224979098644774915 729 2 1 1224979098644774920 730 2 1 1224979098644774921 926 2 72057594037927947 1 500 3 360287970189640691 1224979098644774922 -1 2120 3 1224979098644774924 1224979098644774922 10 500 3 360287970189640691 1224979098644774924 -1 5 0 944 2 72057594037927946 72057594037927937 729 2 1 450 730 2 1 450 925 2 72057594037927946 1 2120 3 1224979098644774925 1224979098644774920 25 2120 3 1224979098644774926 1224979098644774921 25 729 2 1 1224979098644774925 730 2 1 1224979098644774926 926 2 72057594037927946 1 500 3 360287970189640691 1224979098644774922 72057594037927946 2120 3 1224979098644774924 1224979098644774922 10 500 3 360287970189640691 1224979098644774924 72057594037927937 3 0 2106 2 1224979098644774921 51 3 0 3 0 4 0 31 2 144115188075857098 1 2133 2 144115188075857098 0 3 0 
-63.000000  22 2071 1 1224979098644774912 2072 1 1224979098644774913 4 0 31 2 144115188075857099 2 4 0 31 2 1224979098644774913 0 6 3 1224979098644774914 0 9 540 3 360287970189640691 1224979098644774914 1224979098644774912 2120 3 1224979098644774915 1224979098644774914 10 520 3 1224979098644774916 360287970189640691 1224979098644774915 2124 1 1000 729 2 0 740 730 2 0 235 970 3 1224979098644774916 0 100 3 0 5 0 6 3 1224979098644774914 0 9 540 3 360287970189640691 1224979098644774914 1224979098644774912 971 0 3 0 3 0 3 0 
-62.000000  36 2071 1 1224979098644774912 2072 1 1224979098644774913 4 0 31 2 1224979098644774912 144115188075857138 4 0 2147483679 2 144115188075857148 0 920 2 144115188075857144 216172782113783809 922 2 144115188075857154 0 3 0 902 1 0 5 0 31 2 1224979098644774912 144115188075857146 4 0 31 2 1224979098644774913 7 2133 2 144115188075857147 -1 5 0 2133 2 144115188075857147 1224979098644774913 3 0 2133 2 144115188075857149 1000 900 1 1513209474796486683 5 0 2147483679 2 1224979098644774912 144115188075857144 2147483679 2 1224979098644774912 144115188075857151 2147483679 2 1224979098644774912 144115188075857145 2120 3 1224979098644774914 1224979098644774912 144115188075857142 520 3 1224979098644774915 360287970189640692 1224979098644774914 922 2 144115188075857154 0 921 2 144115188075857154 14540253 2133 2 144115188075857153 1224979098644774915 2133 2 144115188075857154 1224979098644774912 921 2 144115188075857154 4284901119 922 2 144115188075857154 68 2105 2 1224979098644774915 144115188075857142 520 3 144115188075857150 360287970189640693 1224979098644774915 900 1 1513209474796486683 3 0 
-61.000000  6 4 0 1073741895 1 1 71 1 225 902 1 0 2060 1 864691128455135236 3 0 


prsnt_companion_overview 0 53 3
-60.000000  244 902 1 999999 2124 1 1000 941 2 144115188075857120 216172782113785560 729 2 1 870 730 2 1 15 926 2 144115188075857120 1 921 2 144115188075857120 16777215 4 0 2147483679 2 144115188075856169 360287970189639680 941 2 144115188075857121 1585267068834415811 729 2 1 650 730 2 1 15 926 2 144115188075857121 1 921 2 144115188075857121 16777215 5 0 2133 2 144115188075857121 0 3 0 4 0 1073741854 2 144115188075856163 1 560 3 144115188075856169 13 1080863910568919282 941 2 144115188075857122 1585267068834415812 729 2 1 440 730 2 1 15 926 2 144115188075857122 1 921 2 144115188075857122 16777215 5 0 2133 2 144115188075857122 0 3 0 2133 2 1224979098644774912 900 2133 2 1224979098644774913 600 6 3 1224979098644774914 360287970189639894 360287970189639911 1073741855 2 1224979098644774914 360287970189639894 1073742364 3 1224979098644774914 2 2 1073742364 3 1224979098644774914 2 6 540 3 1224979098644774914 2 5 4 0 31 2 1224979098644774914 360287970189639894 2133 2 1224979098644774914 360287970189639680 3 0 2322 2 1 1224979098644774914 729 2 1 1224979098644774912 730 2 1 1224979098644774913 2106 2 1224979098644774913 30 4 0 31 2 1224979098644774914 144115188075856169 912 3 72057594037927936 1 4112 922 2 72057594037927936 204 5 0 912 3 72057594037927936 1 4112 922 2 72057594037927936 153 3 0 2133 2 1224979098644774915 72057594037927936 926 2 1224979098644774915 1 4 0 1508 1 1224979098644774914 921 2 1224979098644774915 16711680 3 0 500 3 1224979098644774914 164 1224979098644774915 3 0 2122 3 1224979098644774916 144115188075856169 2 938 4 144115188075857119 -1 1729382256910270467 1224979098644774916 729 2 1 675 730 2 1 900 925 2 144115188075857119 1 729 2 1 -25 730 2 1 50 926 2 144115188075857119 1 4 0 31 2 144115188075856169 360287970189639680 520 3 72057594037927937 360287970189639680 7 2133 2 72057594037927938 144115188075856180 2133 2 72057594037927939 144115188075856031 2320 2 0 1585267068834415813 5 0 540 3 144115188075856169 2 5 1 3 936748722493063799 144115188075856169 0 2133 2 72057594037927937 72057594037927936 2320 2 2 216172782113784251 1 2 936748722493063796 144115188075856169 2320 2 0 1585267068834415814 5 0 1073742364 3 144115188075856169 2 2 540 3 144115188075856169 2 6 1 2 936748722493063372 144115188075856169 2133 2 72057594037927937 72057594037927936 2320 2 2 216172782113784033 2319 1 0 4 0 1 2 936748722493063724 144115188075856169 2320 2 1 216172782113786704 5 0 2320 2 1 216172782113786697 3 0 1 2 936748722493063284 144115188075856169 2133 2 1224979098644774917 72057594037927936 4 0 31 2 1224979098644774917 0 4 0 540 3 144115188075856169 2 6 520 3 1224979098644774918 144115188075856169 12 33 3 1224979098644774918 648518346341351448 648518346341351532 2330 2 0 1224979098644774918 5 0 2173 2 1224979098644774919 144115188075856169 2335 2 0 1224979098644774919 3 0 3 0 520 3 72057594037927938 144115188075856169 7 2320 2 0 1585267068834415815 5 0 2319 1 0 3 0 2322 2 4 144115188075856169 2171 2 72057594037927939 144115188075856169 2175 3 72057594037927938 144115188075856169 1 1 2 936748722493063684 144115188075856169 2320 2 1 1585267068834415816 910 3 72057594037927936 1 2048 729 2 1 130 730 2 1 90 926 2 72057594037927936 1 911 2 72057594037927937 1441151880758559278 729 2 1 960 730 2 1 960 925 2 72057594037927937 1 729 2 1 10 730 2 1 15 926 2 72057594037927937 1 2133 2 1224979098644774920 219 2133 2 1224979098644774921 683 2133 2 1224979098644774916 144115188075856169 2120 3 1224979098644774912 1224979098644774920 140 2120 3 1224979098644774913 1224979098644774921 2 729 2 1 259 730 2 1 1224979098644774921 910 3 72057594037927937 1585267068834415817 16 926 2 72057594037927937 1 910 3 72057594037927937 1585267068834415818 16 2120 3 1224979098644774912 1224979098644774920 -98 2120 3 1224979098644774913 1224979098644774921 2 729 2 1 1224979098644774912 730 2 1 1224979098644774913 926 2 72057594037927937 1 910 3 72057594037927937 1585267068834415819 16 2120 3 1224979098644774912 1224979098644774920 -140 2120 3 1224979098644774913 1224979098644774921 -278 729 2 1 1224979098644774912 730 2 1 1224979098644774913 926 2 72057594037927937 1 2133 2 144115188075856481 -1 2133 2 1224979098644774912 1224979098644774920 2133 2 1224979098644774913 1224979098644774921 6 3 1224979098644774922 0 9 4 0 31 2 1224979098644774922 4 2106 2 1224979098644774912 96 2133 2 1224979098644774913 1224979098644774921 5 0 31 2 1224979098644774922 7 2106 2 1224979098644774912 84 2121 3 1224979098644774913 1224979098644774921 85 5 0 31 2 1224979098644774922 8 2106 2 1224979098644774913 108 3 0 2106 2 1224979098644774913 85 1541 3 1224979098644774923 1224979098644774916 1224979098644774922 729 2 1 1224979098644774912 730 2 1 1224979098644774913 4 0 2147483678 2 1224979098644774923 0 2133 2 1224979098644774923 0 500 3 360287970189640693 1224979098644774922 -1 5 0 944 2 72057594037927937 1224979098644774923 729 2 1 850 730 2 1 850 925 2 72057594037927937 1 2120 3 1224979098644774924 1224979098644774912 42 2120 3 1224979098644774925 1224979098644774913 42 729 2 1 1224979098644774924 730 2 1 1224979098644774925 926 2 72057594037927937 1 500 3 360287970189640693 1224979098644774922 72057594037927937 3 0 3 0 4 0 31 2 144115188075856169 360287970189639680 1 2 936748722493063800 0 910 3 1224979098644774915 0 131072 5 0 2319 1 19 520 3 1224979098644774926 144115188075856169 59 2330 2 20 1224979098644774926 520 3 1224979098644774927 144115188075856169 60 2330 2 21 1224979098644774927 520 3 1224979098644774928 144115188075856169 129 2320 2 5 1224979098644774928 520 3 1224979098644774929 144115188075856169 105 2320 2 6 1224979098644774929 520 3 1224979098644774930 144115188075856169 111 2320 2 7 1224979098644774930 910 3 1224979098644774915 1585267068834415820 131072 3 0 729 2 1 330 730 2 1 530 926 2 1224979098644774915 1 729 2 1 420 730 2 1 190 929 2 1224979098644774915 1 729 2 1 850 730 2 1 850 925 2 1224979098644774915 1 2320 2 3 1585267068834415821 2172 3 72057594037927937 144115188075856169 0 2172 3 72057594037927938 144115188075856169 1 2172 3 72057594037927939 144115188075856169 2 2172 3 72057594037927940 144115188075856169 3 2320 2 3 1585267068834415822 2176 3 72057594037927937 144115188075856169 0 2176 3 72057594037927938 144115188075856169 1 2176 3 72057594037927939 144115188075856169 2 2176 3 72057594037927940 144115188075856169 3 2176 3 72057594037927941 144115188075856169 4 2176 3 72057594037927942 144115188075856169 5 2320 2 13 216172782113786992 2320 2 14 216172782113786996 2320 2 15 216172782113786997 2320 2 3 1585267068834415823 910 3 72057594037927936 3 2048 729 2 1 330 730 2 1 100 926 2 72057594037927936 1 2320 2 4 1585267068834415824 7 3 1224979098644774931 0 37 2170 3 72057594037927937 1224979098644774931 144115188075856169 32 2 72057594037927937 0 4245 2 1 1224979098644774931 2320 2 4 1585267068834415825 3 0 910 3 72057594037927936 4 2056 729 2 1 800 730 2 1 100 926 2 72057594037927936 1 
-63.000000  16 2071 1 1224979098644774912 2072 1 1224979098644774913 6 3 1224979098644774914 0 9 540 3 360287970189640693 1224979098644774914 1224979098644774912 4 0 31 2 1224979098644774913 0 1541 3 1224979098644774915 144115188075856169 1224979098644774914 32 2 1224979098644774915 -1 1542 3 1224979098644774916 144115188075856169 1224979098644774914 946 2 1 1224979098644774912 972 4 1224979098644774915 1224979098644774916 1 100 5 0 31 2 1224979098644774913 1 971 0 3 0 3 0 
-62.000000  30 2071 1 1224979098644774912 4 0 31 2 1224979098644774912 144115188075857119 2053 2 1 144115188075856169 5 0 31 2 1224979098644774912 144115188075857120 902 1 0 5 0 31 2 1224979098644774912 144115188075857121 2133 2 144115188075856193 864691128455135250 2060 1 864691128455135491 47 1 144115188075856169 902 1 0 5 0 31 2 1224979098644774912 144115188075857122 2133 2 144115188075856617 1513209474796486684 900 1 1513209474796486661 3 0 6 3 1224979098644774913 360287970189639894 360287970189639911 1073741855 2 1224979098644774913 360287970189639894 1073742364 3 1224979098644774913 2 2 540 3 1224979098644774913 2 5 4 0 31 2 1224979098644774913 360287970189639894 2133 2 1224979098644774913 360287970189639680 3 0 540 3 1224979098644774913 164 1224979098644774912 2133 2 144115188075856169 1224979098644774913 900 1 1513209474796486684 3 0 


prsnt_modify_slots 0 0 2
-60.000000  51 1107 1 0 902 1 999999 2124 1 1000 911 2 72057594037927936 1441151880758559268 729 2 1 224 730 2 1 230 926 2 72057594037927936 1 4 0 31 2 144115188075856622 2 521 3 1224979098644774912 144115188075856273 144115188075856480 5 0 31 2 144115188075856622 4 520 3 1224979098644774912 144115188075855987 144115188075856480 5 0 31 2 144115188075856622 1 522 3 1224979098644774912 144115188075856176 144115188075856480 3 0 2133 2 72057594037927937 1224979098644774912 910 3 72057594037927936 1585267068834415826 4112 729 2 1 630 730 2 1 320 926 2 72057594037927936 1 2133 2 72057594037927938 144115188075856480 910 3 72057594037927936 1585267068834415827 4112 729 2 1 370 730 2 1 320 926 2 72057594037927936 1 729 2 1 340 730 2 1 380 942 3 144115188075857119 0 1000 926 2 144115188075857119 1 927 2 144115188075857119 144115188075856480 729 2 1 600 730 2 1 380 942 3 144115188075857120 -10000 10000 926 2 144115188075857120 1 927 2 144115188075857120 1224979098644774912 4 0 31 2 144115188075856622 2 2330 2 1 144115188075856273 5 0 31 2 144115188075856622 4 2322 2 1 144115188075855987 5 0 31 2 144115188075856622 1 2335 2 1 144115188075856176 3 0 940 2 144115188075857121 1 729 2 1 500 730 2 1 250 926 2 144115188075857121 1 
-62.000000  23 2071 1 1224979098644774912 2072 1 1224979098644774913 4 0 31 2 1224979098644774912 144115188075857119 2133 2 144115188075856480 1224979098644774913 900 1 1513209474796486685 5 0 31 2 1224979098644774912 144115188075857120 4 0 31 2 144115188075856622 2 501 3 144115188075856273 144115188075856480 1224979098644774913 5 0 31 2 144115188075856622 4 500 3 144115188075855987 144115188075856480 1224979098644774913 5 0 31 2 144115188075856622 1 502 3 144115188075856176 144115188075856480 1224979098644774913 3 0 5 0 31 2 1224979098644774912 144115188075857121 1107 1 1 902 1 0 3 0 


prsnt_deposit_withdraw_money 0 0 3
-60.000000  52 1107 1 0 902 1 999999 2124 1 1000 1122 1 -1 2149 2 1224979098644774912 144115188075857100 2149 2 1224979098644774913 360287970189639680 911 2 72057594037927936 1441151880758559268 729 2 1 224 730 2 1 230 926 2 72057594037927936 1 4 0 31 2 144115188075857100 360287970189640690 2133 2 72057594037927941 1 5 0 2133 2 72057594037927941 0 3 0 2133 2 72057594037927942 1224979098644774912 910 3 72057594037927936 1585267068834415828 4112 729 2 1 370 730 2 1 320 926 2 72057594037927936 1 2133 2 72057594037927940 1224979098644774913 910 3 72057594037927936 1585267068834415829 4112 729 2 1 630 730 2 1 320 926 2 72057594037927936 1 916 1 144115188075857119 729 2 1 480 730 2 1 380 926 2 144115188075857119 1 729 2 1 800 730 2 1 800 925 2 144115188075857119 1 931 2 144115188075857119 1585267068834415830 931 2 144115188075857119 1585267068834415831 927 2 144115188075857119 1 729 2 1 600 730 2 1 380 2105 2 1224979098644774913 1 942 3 144115188075857120 0 1224979098644774913 926 2 144115188075857120 1 927 2 144115188075857120 0 947 2 144115188075857120 1 2105 2 1224979098644774912 1 942 3 144115188075857121 0 1224979098644774912 926 2 144115188075857121 1 927 2 144115188075857121 0 947 2 144115188075857121 0 940 2 144115188075857131 216172782113785560 729 2 1 500 730 2 1 250 926 2 144115188075857131 1 
-61.000000  6 4 0 1073741897 1 44 1073741897 1 43 73 1 4 902 1 0 3 0 
-62.000000  31 2071 1 1224979098644774912 2072 1 1224979098644774913 4 0 31 2 1224979098644774912 144115188075857119 4 0 31 2 1224979098644774913 1 947 2 144115188075857120 1 947 2 144115188075857121 0 5 0 947 2 144115188075857120 0 947 2 144115188075857121 1 3 0 5 0 1073741855 2 1224979098644774912 144115188075857120 31 2 1224979098644774912 144115188075857121 32 2 1224979098644774913 0 4 0 31 2 1224979098644774912 144115188075857120 1529 2 360287970189639680 1224979098644774913 1528 2 144115188075857100 1224979098644774913 5 0 31 2 1224979098644774912 144115188075857121 1529 2 144115188075857100 1224979098644774913 1528 2 360287970189639680 1224979098644774913 3 0 900 1 1513209474796486686 5 0 31 2 1224979098644774912 144115188075857131 1107 1 1 902 1 0 3 0 


prsnt_adv_diplomacy_preferences 0 53 4
-60.000000  294 2124 1 1000 902 1 999999 2319 1 0 910 3 1224979098644774912 0 8192 729 2 1 25 730 2 1 50 926 2 1224979098644774912 1 729 2 1 550 730 2 1 630 929 2 1224979098644774912 1 945 1 1224979098644774912 2133 2 1224979098644774913 50 2122 3 1224979098644774914 1224979098644774913 8 2121 3 1224979098644774915 1224979098644774914 8 6 3 1224979098644774916 0 8 500 3 360287970189640691 1224979098644774916 0 500 3 360287970189640692 1224979098644774916 0 500 3 360287970189640693 1224979098644774916 0 3 0 2133 2 1224979098644774917 0 729 2 1 50 729 2 2 450 729 2 3 500 730 2 3 125 729 2 4 480 730 2 4 640 729 2 6 375 730 2 6 500 729 2 5 700 730 2 5 800 910 3 72057594037927936 1585267068834415832 4096 730 2 1 1224979098644774914 926 2 72057594037927936 1 2106 2 1224979098644774914 1224979098644774913 500 3 360287970189640691 1224979098644774917 72057594037927936 918 3 72057594037927936 1441151880758558774 1441151880758558775 730 2 2 1224979098644774915 926 2 72057594037927936 2 2106 2 1224979098644774915 1224979098644774913 500 3 360287970189640692 1224979098644774917 72057594037927936 2121 3 1224979098644774918 1 144115188075857104 927 2 72057594037927936 1224979098644774918 945 1 -1 911 2 72057594037927936 1441151880758558756 925 2 72057594037927936 4 926 2 72057594037927936 3 500 3 360287970189640693 1224979098644774917 72057594037927936 2105 2 1224979098644774917 1 945 1 1224979098644774912 910 3 72057594037927936 1585267068834415833 4096 730 2 1 1224979098644774914 926 2 72057594037927936 1 2106 2 1224979098644774914 1224979098644774913 500 3 360287970189640691 1224979098644774917 72057594037927936 942 3 72057594037927936 0 31 730 2 2 1224979098644774915 926 2 72057594037927936 2 4 0 2147483681 3 144115188075857200 0 31 2133 2 144115188075857200 10 3 0 927 2 72057594037927936 144115188075857200 2106 2 1224979098644774915 1224979098644774913 500 3 360287970189640692 1224979098644774917 72057594037927936 945 1 -1 911 2 72057594037927936 1441151880758558733 945 1 1224979098644774912 925 2 72057594037927936 4 926 2 72057594037927936 3 500 3 360287970189640693 1224979098644774917 72057594037927936 2105 2 1224979098644774917 1 910 3 72057594037927936 1585267068834415834 4096 730 2 1 1224979098644774914 926 2 72057594037927936 1 2106 2 1224979098644774914 1224979098644774913 500 3 360287970189640691 1224979098644774917 72057594037927936 918 3 72057594037927936 1441151880758558774 1441151880758558775 730 2 2 1224979098644774915 926 2 72057594037927936 2 2106 2 1224979098644774915 1224979098644774913 500 3 360287970189640692 1224979098644774917 72057594037927936 4 0 31 2 144115188075857106 0 2133 2 1224979098644774918 1 5 0 2133 2 1224979098644774918 0 3 0 927 2 72057594037927936 1224979098644774918 945 1 -1 911 2 72057594037927936 1441151880758558728 945 1 1224979098644774912 925 2 72057594037927936 4 926 2 72057594037927936 3 500 3 360287970189640693 1224979098644774917 72057594037927936 2105 2 1224979098644774917 1 910 3 72057594037927936 1585267068834415835 4096 730 2 1 1224979098644774914 926 2 72057594037927936 1 500 3 360287970189640691 1224979098644774917 72057594037927936 2106 2 1224979098644774914 1224979098644774913 918 3 72057594037927936 1441151880758558774 1441151880758558775 729 2 2 450 730 2 2 1224979098644774915 926 2 72057594037927936 2 2106 2 1224979098644774915 1224979098644774913 500 3 360287970189640692 1224979098644774917 72057594037927936 4 0 31 2 144115188075857107 0 2133 2 1224979098644774918 1 5 0 2133 2 1224979098644774918 0 3 0 927 2 72057594037927936 1224979098644774918 945 1 -1 911 2 72057594037927936 1441151880758558722 945 1 1224979098644774912 926 2 72057594037927936 3 925 2 72057594037927936 4 500 3 360287970189640693 1224979098644774917 72057594037927936 2105 2 1224979098644774917 1 910 3 72057594037927936 1585267068834415836 4096 730 2 1 1224979098644774914 926 2 72057594037927936 1 2106 2 1224979098644774914 1224979098644774913 500 3 360287970189640691 1224979098644774917 72057594037927936 916 1 72057594037927936 729 2 2 485 2106 2 1224979098644774915 8 730 2 2 1224979098644774915 926 2 72057594037927936 2 925 2 72057594037927936 5 6 3 1224979098644774919 216172782113787420 216172782113787424 931 2 72057594037927936 1224979098644774919 3 0 729 2 2 450 2105 2 1224979098644774915 8 2106 2 1224979098644774915 1224979098644774913 500 3 360287970189640692 1224979098644774917 72057594037927936 2121 3 1224979098644774918 2 144115188075857108 927 2 72057594037927936 1224979098644774918 945 1 -1 911 2 72057594037927936 1441151880758558760 945 1 1224979098644774912 926 2 72057594037927936 3 925 2 72057594037927936 6 500 3 360287970189640693 1224979098644774917 72057594037927936 2105 2 1224979098644774917 1 910 3 72057594037927936 1585267068834415837 4096 730 2 1 1224979098644774914 926 2 72057594037927936 1 2106 2 1224979098644774914 1224979098644774913 500 3 360287970189640691 1224979098644774917 72057594037927936 916 1 72057594037927936 729 2 2 485 2106 2 1224979098644774915 8 730 2 2 1224979098644774915 926 2 72057594037927936 2 925 2 72057594037927936 5 6 3 1224979098644774919 216172782113787420 216172782113787424 931 2 72057594037927936 1224979098644774919 3 0 729 2 2 450 2105 2 1224979098644774915 8 2106 2 1224979098644774915 1224979098644774913 500 3 360287970189640692 1224979098644774917 72057594037927936 2121 3 1224979098644774918 2 144115188075857109 927 2 72057594037927936 1224979098644774918 945 1 -1 911 2 72057594037927936 1441151880758558729 945 1 1224979098644774912 926 2 72057594037927936 3 925 2 72057594037927936 4 500 3 360287970189640693 1224979098644774917 72057594037927936 2105 2 1224979098644774917 1 910 3 72057594037927936 1585267068834415838 4096 730 2 1 1224979098644774914 926 2 72057594037927936 1 500 3 360287970189640691 1224979098644774917 72057594037927936 2106 2 1224979098644774914 1224979098644774913 916 1 72057594037927936 500 3 360287970189640692 1224979098644774917 72057594037927936 729 2 2 485 2106 2 1224979098644774915 8 730 2 2 1224979098644774915 926 2 72057594037927936 2 925 2 72057594037927936 5 931 2 72057594037927936 216172782113783834 931 2 72057594037927936 216172782113787420 931 2 72057594037927936 216172782113787423 931 2 72057594037927936 216172782113787616 729 2 2 450 2105 2 1224979098644774915 8 2106 2 1224979098644774915 1224979098644774913 2123 3 1224979098644774918 144115188075856199 2 4 0 31 2 1224979098644774918 2 927 2 72057594037927936 0 5 0 2147483678 2 1224979098644774918 0 927 2 72057594037927936 1 5 0 31 2 1224979098644774918 1 927 2 72057594037927936 2 5 0 927 2 72057594037927936 3 3 0 2133 2 72057594037927937 144115188075856199 945 1 -1 911 2 72057594037927936 1441151880758558727 945 1 1224979098644774912 925 2 72057594037927936 4 926 2 72057594037927936 3 500 3 360287970189640693 1224979098644774917 72057594037927936 2105 2 1224979098644774917 1 910 3 72057594037927936 1585267068834415839 4096 730 2 1 1224979098644774914 926 2 72057594037927936 1 2106 2 1224979098644774914 1224979098644774913 500 3 360287970189640691 1224979098644774917 72057594037927936 916 1 72057594037927936 729 2 2 485 2106 2 1224979098644774915 8 730 2 2 1224979098644774915 926 2 72057594037927936 2 925 2 72057594037927936 5 6 3 1224979098644774919 216172782113787417 216172782113787420 931 2 72057594037927936 1224979098644774919 3 0 729 2 2 450 2105 2 1224979098644774915 8 2106 2 1224979098644774915 1224979098644774913 500 3 360287970189640692 1224979098644774917 72057594037927936 2121 3 1224979098644774918 2 144115188075857198 927 2 72057594037927936 1224979098644774918 945 1 -1 911 2 72057594037927936 1441151880758558729 945 1 1224979098644774912 926 2 72057594037927936 3 925 2 72057594037927936 4 500 3 360287970189640693 1224979098644774917 72057594037927936 2105 2 1224979098644774917 1 910 3 72057594037927936 1585267068834415840 4096 730 2 1 1224979098644774914 926 2 72057594037927936 1 500 3 360287970189640691 1224979098644774917 72057594037927936 2106 2 1224979098644774914 1224979098644774913 918 3 72057594037927936 1441151880758558774 1441151880758558775 730 2 2 1224979098644774915 926 2 72057594037927936 2 2106 2 1224979098644774915 1224979098644774913 500 3 360287970189640692 1224979098644774917 72057594037927936 927 2 72057594037927936 144115188075857162 945 1 -1 911 2 72057594037927936 1441151880758558765 945 1 1224979098644774912 926 2 72057594037927936 3 925 2 72057594037927936 4 500 3 360287970189640693 1224979098644774917 72057594037927936 2105 2 1224979098644774917 1 945 1 -1 910 3 72057594037927936 1585267068834415841 65552 921 2 72057594037927936 4294967295 729 2 1 800 730 2 1 600 926 2 72057594037927936 1 729 2 1 2000 730 2 1 2000 925 2 72057594037927936 1 2320 2 0 216172782113787426 910 3 72057594037927936 0 10240 729 2 1 650 730 2 1 400 926 2 72057594037927936 1 729 2 1 800 730 2 1 800 925 2 72057594037927936 1 729 2 1 300 730 2 1 150 929 2 72057594037927936 1 2133 2 144115188075856424 72057594037927936 729 2 1 900 730 2 1 75 940 3 72057594037927936 216172782113785559 16 926 2 72057594037927936 1 2133 2 144115188075856420 72057594037927936 730 2 1 25 940 3 72057594037927936 216172782113785560 16 926 2 72057594037927936 1 2133 2 144115188075856421 72057594037927936 6 3 1224979098644774916 0 1224979098644774917 520 3 1224979098644774920 360287970189640693 1224979098644774916 32 2 1224979098644774920 0 947 2 1224979098644774920 0 3 0 
-62.000000  61 2071 1 1224979098644774912 2072 1 1224979098644774913 4 0 31 2 1224979098644774912 144115188075856420 2133 2 144115188075857104 0 2133 2 144115188075857200 10 2133 2 144115188075857162 1 2133 2 144115188075856215 0 2133 2 144115188075857106 0 2133 2 144115188075857107 0 2133 2 144115188075857108 0 2133 2 144115188075857109 0 2133 2 144115188075856199 0 2133 2 144115188075857198 0 900 1 1513209474796486687 5 0 31 2 1224979098644774912 144115188075856421 1 1 936748722493063825 902 1 0 5 0 540 3 360287970189640692 0 1224979098644774912 2121 3 144115188075857104 1 1224979098644774913 5 0 540 3 360287970189640692 1 1224979098644774912 2133 2 144115188075857200 1224979098644774913 5 0 540 3 360287970189640692 2 1224979098644774912 2121 3 144115188075857106 1224979098644774913 1 5 0 540 3 360287970189640692 3 1224979098644774912 2121 3 144115188075857107 1224979098644774913 1 5 0 540 3 360287970189640692 4 1224979098644774912 2121 3 144115188075857108 2 1224979098644774913 5 0 540 3 360287970189640692 5 1224979098644774912 2121 3 144115188075857109 2 1224979098644774913 5 0 540 3 360287970189640692 6 1224979098644774912 4 0 31 2 1224979098644774913 3 2133 2 144115188075856199 0 5 0 31 2 1224979098644774913 2 2133 2 144115188075856199 2 5 0 31 2 1224979098644774913 1 2133 2 144115188075856199 -2 5 0 31 2 1224979098644774913 0 2133 2 144115188075856199 4 3 0 1 2 936748722493063837 1 5 0 540 3 360287970189640692 7 1224979098644774912 2121 3 144115188075857198 2 1224979098644774913 5 0 540 3 360287970189640692 8 1224979098644774912 2133 2 144115188075857162 1224979098644774913 2133 2 144115188075856215 0 3 0 
-63.000000  31 2071 1 1224979098644774912 2072 1 1224979098644774913 4 0 31 2 1224979098644774913 0 32 2 1224979098644774912 0 2133 2 1224979098644774914 8 2133 2 1224979098644774915 -1 6 3 1224979098644774916 0 1224979098644774914 1073742364 3 360287970189640691 1224979098644774916 1224979098644774912 540 3 360287970189640692 1224979098644774916 1224979098644774912 2120 3 1224979098644774917 216172782113787427 1224979098644774916 920 2 144115188075856424 1224979098644774917 2133 2 1224979098644774914 -1 2133 2 1224979098644774915 1224979098644774916 3 0 4 0 31 2 1224979098644774915 -1 920 2 144115188075856424 216172782113787426 5 0 6 3 1224979098644774916 0 8 520 3 1224979098644774918 360287970189640693 1224979098644774916 32 2 1224979098644774918 0 4 0 31 2 1224979098644774916 1224979098644774915 947 2 1224979098644774918 1 5 0 947 2 1224979098644774918 0 3 0 3 0 3 0 3 0 
-61.000000  8 4 0 1073741895 1 57 1073741895 1 28 1073741895 1 1 1073741895 1 252 71 1 253 902 1 0 3 0 


prsnt_rndl_troop_tree_button 0 0 2
-60.000000  16 902 1 2147483647 2124 1 1000 4 0 32 2 144115188075857161 0 940 3 144115188075857321 1585267068834415842 16 729 2 0 120 730 2 0 32 925 2 144115188075857321 0 729 2 0 582 730 2 0 500 926 2 144115188075857321 0 4 0 903 1 1513209474796486689 947 2 144115188075857321 0 3 0 3 0 
-62.000000  8 2070 2 1224979098644774912 1 4 0 31 2 1224979098644774912 144115188075857321 2147484551 1 1513209474796486689 2133 2 144115188075857322 144115188075857161 971 0 900 1 1513209474796486689 3 0 


prsnt_rndl_troop_tree 0 0 3
-60.000000  351 902 1 2147483647 2124 1 10000 4 0 913 3 72057594037927936 1441151880758558773 1441151880758558773 729 2 0 11000 730 2 0 11000 925 2 72057594037927936 0 729 2 0 -500 730 2 0 -375 926 2 72057594037927936 0 3 0 4 0 2133 2 1224979098644774912 7 2133 2 1224979098644774913 4 500 3 360287970189639683 0 1 1 4 936748722493063853 144115188075857322 1 0 2133 2 1224979098644774914 72057594037927936 2133 2 1224979098644774915 72057594037927937 1 3 936748722493063841 72057594037927938 72057594037927939 2133 2 1224979098644774916 72057594037927936 2133 2 1224979098644774917 72057594037927937 500 3 360287970189639683 0 1 1 4 936748722493063853 144115188075857322 -1 0 2133 2 1224979098644774918 72057594037927936 2133 2 1224979098644774919 72057594037927937 1 3 936748722493063841 72057594037927938 72057594037927939 2133 2 1224979098644774920 72057594037927936 2133 2 1224979098644774921 72057594037927937 1 5 936748722493063842 1224979098644774916 1224979098644774917 1224979098644774920 1224979098644774921 2121 3 1224979098644774922 72057594037927936 72057594037927937 2133 2 1224979098644774916 72057594037927936 2133 2 1224979098644774920 72057594037927937 2133 2 1224979098644774923 72057594037927938 2107 2 1224979098644774915 1224979098644774923 2107 2 1224979098644774919 1224979098644774923 4 0 32 2 1224979098644774916 1224979098644774920 2105 2 1224979098644774919 1224979098644774922 5 0 32 2 1224979098644774920 1224979098644774916 2107 2 1224979098644774922 -1 2105 2 1224979098644774915 1224979098644774922 3 0 2133 2 1224979098644774924 1224979098644774915 2111 2 1224979098644774924 1224979098644774919 2105 2 1224979098644774924 1224979098644774923 2120 3 1224979098644774925 1224979098644774918 1224979098644774914 2107 2 1224979098644774925 1224979098644774913 2105 2 1224979098644774925 1224979098644774912 2122 3 1224979098644774926 7100 1224979098644774923 2108 2 1224979098644774926 1224979098644774924 2122 3 1224979098644774927 8037 1224979098644774913 2108 2 1224979098644774927 1224979098644774925 2122 3 72057594037927936 10717 1224979098644774913 2108 2 72057594037927936 1224979098644774925 4 0 2147483680 2 1224979098644774926 72057594037927936 2122 3 1224979098644774927 5325 1224979098644774923 2108 2 1224979098644774927 1224979098644774924 5 0 2133 2 1224979098644774926 72057594037927936 3 0 2122 3 72057594037927936 7100 1224979098644774913 2108 2 72057594037927936 1224979098644774912 2122 3 72057594037927937 72057594037927936 75 2108 2 72057594037927937 100 2110 2 1224979098644774926 72057594037927936 2110 2 1224979098644774927 72057594037927937 2110 2 1224979098644774927 2250 2110 2 1224979098644774926 3000 2123 3 1224979098644774928 1224979098644774927 2 2123 3 1224979098644774929 1224979098644774926 2 2122 3 1224979098644774930 1224979098644774927 1224979098644774912 2122 3 1224979098644774931 1224979098644774926 1224979098644774912 2108 2 1224979098644774930 1224979098644774913 2108 2 1224979098644774931 1224979098644774913 2120 3 72057594037927936 1224979098644774914 1224979098644774918 2121 3 1224979098644774932 8037 1224979098644774930 2108 2 1224979098644774932 72057594037927936 2122 3 72057594037927936 1224979098644774927 2 2110 2 1224979098644774932 72057594037927936 2122 3 1224979098644774933 1224979098644774918 1224979098644774932 2105 2 1224979098644774933 1224979098644774928 2105 2 1224979098644774933 150 2121 3 72057594037927936 1224979098644774930 1224979098644774927 2120 3 1224979098644774934 1224979098644774933 72057594037927936 2120 3 72057594037927936 1224979098644774914 1224979098644774918 2107 2 72057594037927936 1224979098644774932 2105 2 72057594037927936 1224979098644774930 2121 3 72057594037927936 8037 72057594037927936 2108 2 72057594037927936 2 2105 2 1224979098644774934 72057594037927936 2105 2 1224979098644774933 72057594037927936 2120 3 1224979098644774935 1224979098644774929 200 2133 2 1224979098644774936 1224979098644774935 4 0 32 2 1224979098644774916 1224979098644774920 2122 3 1224979098644774936 1224979098644774922 1224979098644774926 2108 2 1224979098644774936 1224979098644774923 2105 2 1224979098644774936 1224979098644774935 5 0 32 2 1224979098644774920 1224979098644774916 2122 3 1224979098644774935 1224979098644774922 1224979098644774926 2108 2 1224979098644774935 1224979098644774923 2105 2 1224979098644774935 1224979098644774936 3 0 2122 3 72057594037927936 1224979098644774926 1224979098644774924 2108 2 72057594037927936 1224979098644774923 2121 3 72057594037927936 7100 72057594037927936 2108 2 72057594037927936 2 2105 2 1224979098644774935 72057594037927936 2105 2 1224979098644774936 72057594037927936 2120 3 1224979098644774937 1224979098644774934 1224979098644774933 2108 2 1224979098644774937 2 500 3 360287970189639683 0 1 500 3 360287970189640692 0 1 1 8 936748722493063854 144115188075857322 1 1224979098644774932 1224979098644774927 1224979098644774926 1224979098644774934 1224979098644774935 2133 2 1224979098644774938 72057594037927936 4 0 32 2 1224979098644774914 0 2121 3 1224979098644774939 72057594037927936 25 2123 3 1224979098644774940 1224979098644774932 2 1 6 936748722493063852 1224979098644774937 1224979098644774939 1224979098644774940 50 8192 3 0 500 3 360287970189639683 0 1 2107 2 1224979098644774932 -1 1 8 936748722493063854 144115188075857322 -1 1224979098644774932 1224979098644774927 1224979098644774926 1224979098644774933 1224979098644774936 2105 2 1224979098644774938 72057594037927936 4 0 32 2 1224979098644774918 0 2121 3 1224979098644774939 72057594037927936 25 2123 3 1224979098644774940 1224979098644774932 2 1 6 936748722493063852 1224979098644774937 1224979098644774939 1224979098644774940 50 2097152 3 0 2108 2 1224979098644774938 2 1 7 936748722493063851 144115188075857322 1224979098644774937 1224979098644774938 1224979098644774930 1224979098644774931 16777215 3 0 4 0 4 0 910 3 144115188075857323 1585267068834415843 8192 945 1 144115188075857323 3 0 4 0 1 7 936748722493063847 144115188075857322 1500 50 10 360287970189639683 360287970189640691 2120 3 1224979098644774941 72057594037927936 50 729 2 1 3947 730 2 1 3947 729 2 2 5132 730 2 2 5132 2133 2 1224979098644774942 0 2133 2 1224979098644774943 106 2133 2 1224979098644774944 -1 6 3 1224979098644774945 0 106 1541 3 1224979098644774946 144115188075857322 1224979098644774945 30 2 1224979098644774946 0 2105 2 1224979098644774942 1 2133 2 1224979098644774944 1224979098644774945 31 2 1224979098644774943 106 2133 2 1224979098644774943 1224979098644774945 3 0 2105 2 1224979098644774944 1 2120 3 72057594037927936 1224979098644774942 1 500 3 360287970189639683 0 72057594037927936 2133 2 1224979098644774947 50 1 3 936748722493063845 1224979098644774942 3 2106 2 72057594037927936 1 2133 2 1224979098644774948 0 6 3 1224979098644774949 0 72057594037927936 2105 2 1224979098644774948 493 3 0 2120 3 1224979098644774941 1224979098644774948 543 2133 2 1224979098644774942 1 6 3 1224979098644774945 1224979098644774943 1224979098644774944 1541 3 1224979098644774946 144115188075857322 1224979098644774945 30 2 1224979098644774946 0 911 2 72057594037927936 1441151880758558786 925 2 72057594037927936 1 729 2 0 1224979098644774947 730 2 0 1224979098644774948 926 2 72057594037927936 0 911 2 72057594037927936 1441151880758558782 925 2 72057594037927936 2 729 2 0 1224979098644774947 730 2 0 1224979098644774948 926 2 72057594037927936 0 944 2 72057594037927936 1224979098644774946 500 3 360287970189639683 1224979098644774942 72057594037927936 500 3 360287970189640691 1224979098644774942 1224979098644774945 925 2 72057594037927936 2 2120 3 1224979098644774950 1224979098644774947 257 2120 3 1224979098644774951 1224979098644774948 257 729 2 0 1224979098644774950 730 2 0 1224979098644774951 926 2 72057594037927936 0 2119 3 72057594037927936 1224979098644774942 3 4 0 31 2 72057594037927936 0 2133 2 1224979098644774947 50 2106 2 1224979098644774948 493 5 0 2105 2 1224979098644774947 493 3 0 2105 2 1224979098644774942 1 3 0 2121 3 1224979098644774944 106 1224979098644774942 2109 2 1224979098644774944 3 6 3 1224979098644774949 0 1224979098644774944 911 2 72057594037927936 1441151880758558786 925 2 72057594037927936 1 729 2 0 1224979098644774947 730 2 0 1224979098644774948 926 2 72057594037927936 0 911 2 72057594037927936 1441151880758558782 925 2 72057594037927936 2 729 2 0 1224979098644774947 730 2 0 1224979098644774948 926 2 72057594037927936 0 2105 2 1224979098644774947 493 3 0 910 3 72057594037927936 1585267068834415844 16 729 2 1 7500 730 2 1 7500 925 2 72057594037927936 1 729 2 0 775 730 2 0 1224979098644774941 926 2 72057594037927936 0 3 0 729 2 2 0 729 2 3 1550 2105 2 1224979098644774941 200 7 3 1224979098644774952 0 6 2105 2 1224979098644774941 150 730 2 2 1224979098644774941 730 2 3 1224979098644774941 2120 3 1224979098644774953 216172782113787713 1224979098644774952 910 3 72057594037927936 1224979098644774953 4 921 2 72057594037927936 3342336 925 2 72057594037927936 1 926 2 72057594037927936 2 2176 3 72057594037927936 144115188075857322 1224979098644774952 910 3 72057594037927936 1585267068834415627 8 921 2 72057594037927936 3342336 925 2 72057594037927936 1 926 2 72057594037927936 3 3 0 2105 2 1224979098644774941 150 7 3 1224979098644774954 0 42 1073741855 2 1224979098644774954 1369094286720630820 1073741855 2 1224979098644774954 1369094286720630819 1073741855 2 1224979098644774954 1369094286720630818 1073741855 2 1224979098644774954 1369094286720630817 1073741855 2 1224979098644774954 1369094286720630810 1073741855 2 1224979098644774954 1369094286720630809 1073741855 2 1224979098644774954 1369094286720630808 31 2 1224979098644774954 1369094286720630807 2105 2 1224979098644774941 150 730 2 2 1224979098644774941 730 2 3 1224979098644774941 2120 3 1224979098644774953 1224979098644774954 216172782113787671 910 3 72057594037927936 1224979098644774953 4 921 2 72057594037927936 13056 925 2 72057594037927936 1 926 2 72057594037927936 2 2170 3 72057594037927936 1224979098644774954 144115188075857322 910 3 72057594037927936 1585267068834415627 8 921 2 72057594037927936 13056 925 2 72057594037927936 1 926 2 72057594037927936 3 3 0 2105 2 1224979098644774941 300 4 0 730 2 0 1224979098644774941 2133 2 1224979098644774955 193 6 3 1224979098644774956 0 4 2120 3 1224979098644774953 1224979098644774956 216172782113787667 2320 2 0 1224979098644774953 2172 3 72057594037927936 144115188075857322 1224979098644774956 910 3 72057594037927936 1585267068834415845 16 921 2 72057594037927936 64 729 2 0 1224979098644774955 926 2 72057594037927936 0 925 2 72057594037927936 1 2105 2 1224979098644774955 387 3 0 3 0 2105 2 1224979098644774941 450 4 0 2171 2 72057594037927936 144115188075857322 910 3 72057594037927936 1585267068834415846 4 925 2 72057594037927936 1 730 2 2 1224979098644774941 926 2 72057594037927936 2 2175 3 72057594037927936 144115188075857322 1 910 3 72057594037927936 1585267068834415847 8 925 2 72057594037927936 1 730 2 3 1224979098644774941 926 2 72057594037927936 3 3 0 945 1 -1 4 0 2105 2 1224979098644774941 150 729 2 1 1550 729 2 2 8300 30 2 1224979098644774941 6500 730 2 1 6500 929 2 144115188075857323 1 730 2 2 800 926 2 144115188075857323 2 5 0 730 2 1 1224979098644774941 929 2 144115188075857323 1 2121 3 1224979098644774941 6500 1224979098644774941 2108 2 1224979098644774941 2 2105 2 1224979098644774941 800 730 2 2 1224979098644774941 926 2 144115188075857323 2 3 0 4 0 945 1 -1 729 2 1 1400 730 2 1 6700 916 1 72057594037927937 2133 2 144115188075857324 72057594037927937 926 2 144115188075857324 1 6 3 1224979098644774957 432345564227567631 432345564227567639 4 0 31 2 1224979098644774957 432345564227567631 9 0 3 0 2335 2 1 1224979098644774957 931 2 144115188075857324 1 3 0 30 2 144115188075857325 0 927 2 144115188075857324 144115188075857325 3 0 3 0 4 0 32 2 144115188075857239 0 940 2 144115188075857326 1585267068834415848 729 2 0 7300 2105 2 1224979098644774941 800 730 2 0 200 926 2 144115188075857326 0 3 0 4 0 940 2 144115188075857327 1585267068834415849 729 2 0 9100 2105 2 1224979098644774941 800 730 2 0 200 926 2 144115188075857327 0 3 0 
-62.000000  89 2071 1 1224979098644774912 2072 1 1224979098644774913 4 0 31 2 1224979098644774912 144115188075857324 2133 2 72057594037927936 1224979098644774913 4 0 31 2 72057594037927936 0 2133 2 144115188075857322 360287970189639715 5 0 31 2 72057594037927936 1 2133 2 144115188075857322 360287970189639730 5 0 31 2 72057594037927936 2 2133 2 144115188075857322 360287970189639745 5 0 31 2 72057594037927936 3 2133 2 144115188075857322 360287970189639758 5 0 31 2 72057594037927936 4 2133 2 144115188075857322 360287970189639773 5 0 31 2 72057594037927936 5 2133 2 144115188075857322 360287970189639787 5 0 31 2 72057594037927936 6 2133 2 144115188075857322 360287970189639803 5 0 31 2 72057594037927936 7 2133 2 144115188075857322 360287970189639799 5 0 31 2 72057594037927936 8 2133 2 144115188075857322 360287970189639814 5 0 31 2 72057594037927936 9 2133 2 144115188075857322 360287970189639824 5 0 31 2 72057594037927936 10 2133 2 144115188075857322 360287970189639824 5 0 31 2 72057594037927936 11 2133 2 144115188075857322 360287970189639824 5 0 31 2 72057594037927936 12 2133 2 144115188075857322 360287970189639824 5 0 31 2 72057594037927936 13 2133 2 144115188075857322 360287970189639814 5 0 31 2 72057594037927936 14 2133 2 144115188075857322 360287970189639715 5 0 2133 2 144115188075857322 360287970189639745 3 0 2133 2 144115188075857325 72057594037927936 971 0 902 1 0 900 1 1513209474796486689 5 0 31 2 1224979098644774912 144115188075857327 1106 1 1585267068834415850 4 0 31 2 144115188075857328 1 945 1 -1 971 0 902 1 0 2060 1 864691128455135236 5 0 1106 1 1585267068834415851 971 0 900 1 1513209474796486688 3 0 5 0 31 2 1224979098644774912 144115188075857326 2323 2 0 144115188075857322 1106 1 1585267068834415852 1610 3 648518346341351424 144115188075857322 10 5 0 520 3 1224979098644774914 360287970189640692 0 6 3 1224979098644774915 1 1224979098644774914 540 3 360287970189640692 1224979098644774915 1224979098644774912 2133 2 1224979098644774914 -1 2147484188 3 360287970189640693 1224979098644774915 144115188075857322 520 3 144115188075857322 360287970189640693 1224979098644774915 1 2 936748722493063855 360287970189640693 2133 2 1224979098644774916 72057594037927936 971 0 900 1 1513209474796486689 3 0 3 0 
-63.000000  3 2070 2 1224979098644774912 1 2070 2 1224979098644774913 2 1 6 936748722493063848 1224979098644774912 1224979098644774913 144115188075857322 360287970189639683 360287970189640691 


prsnt_prebattle_custom_deployment 0 53 3
-60.000000  143 2124 1 1000 270 1 1224979098644774912 1107 1 0 1 1 936748722493063323 2133 2 1224979098644774913 72057594037927936 1107 1 1 1 2 936748722493063289 648518346341351444 2133 2 1224979098644774914 72057594037927936 1 2 936748722493063289 648518346341351424 2133 2 1224979098644774915 72057594037927936 2122 3 1224979098644774916 1224979098644774915 100 2108 2 1224979098644774916 1224979098644774914 2121 3 1224979098644774917 1224979098644774912 30 2107 2 1224979098644774917 100 2108 2 1224979098644774917 120 2133 2 1224979098644774918 12 4 0 1073742365 3 144115188075856273 0 2 541 3 144115188075856273 0 3 2107 2 1224979098644774913 2 2108 2 1224979098644774913 3 2105 2 1224979098644774918 6 31 2 144115188075856193 864691128455135316 541 3 144115188075856273 27 1 2105 2 1224979098644774918 2 3 0 2107 2 1224979098644774918 100 2122 3 1224979098644774919 1224979098644774917 4 2105 2 1224979098644774919 125 2105 2 1224979098644774913 15 2107 2 1224979098644774913 100 2108 2 1224979098644774913 15 2112 3 1224979098644774913 20 250 2107 2 1224979098644774919 1224979098644774913 2107 2 1224979098644774919 1224979098644774918 2108 2 1224979098644774919 1000000 2105 2 1224979098644774919 1 2122 3 1224979098644774920 1224979098644774919 1224979098644774916 2108 2 1224979098644774920 100 2110 2 1224979098644774920 1224979098644774915 2133 2 72057594037927996 1224979098644774920 910 3 72057594037927936 1585267068834415853 98320 921 2 72057594037927936 4294967295 729 2 1 1500 730 2 1 1500 925 2 72057594037927936 1 729 2 1 500 730 2 1 680 926 2 72057594037927936 1 910 3 72057594037927936 1585267068834415854 32784 729 2 1 500 730 2 1 650 926 2 72057594037927936 1 910 3 72057594037927936 1585267068834415855 16 729 2 1 105 730 2 1 600 926 2 72057594037927936 1 910 3 72057594037927936 1585267068834415856 16 729 2 1 385 730 2 1 600 926 2 72057594037927936 1 2319 1 0 910 3 144115188075857051 0 131072 729 2 1 50 730 2 1 100 926 2 144115188075857051 1 729 2 1 385 730 2 1 500 929 2 144115188075857051 1 945 1 144115188075857051 2133 2 1224979098644774921 0 2133 2 1224979098644774922 40 1650 2 1224979098644774923 648518346341351424 2122 3 1224979098644774924 1224979098644774923 1224979098644774922 6 3 1224979098644774925 0 1224979098644774923 1652 3 1224979098644774926 648518346341351424 1224979098644774925 2147483679 2 1224979098644774926 360287970189639680 1653 3 1224979098644774927 648518346341351424 1224979098644774925 1654 3 1224979098644774928 648518346341351424 1224979098644774925 2106 2 1224979098644774927 1224979098644774928 520 3 1224979098644774929 1224979098644774926 47 2110 2 1224979098644774929 1224979098644774927 500 3 1224979098644774926 47 1224979098644774929 2105 2 1224979098644774921 1224979098644774929 2322 2 1 1224979098644774926 910 2 72057594037927936 1 729 2 1 800 730 2 1 800 925 2 72057594037927936 1 729 2 1 25 730 2 1 1224979098644774924 926 2 72057594037927936 1 2133 2 72057594037927936 1224979098644774927 2320 2 1 1585267068834415857 910 2 72057594037927936 1 729 2 1 325 730 2 1 1224979098644774924 926 2 72057594037927936 1 2105 2 1224979098644774927 1 942 3 72057594037927936 0 1224979098644774927 927 2 72057594037927936 1224979098644774929 729 2 1 250 730 2 1 1224979098644774924 926 2 72057594037927936 1 500 3 360287970189640691 1224979098644774926 72057594037927936 2106 2 1224979098644774924 1224979098644774922 3 0 945 1 -1 2133 2 72057594037927995 1224979098644774921 910 3 144115188075856971 1585267068834415858 65536 4 0 32 2 1224979098644774921 72057594037927996 921 2 144115188075856971 16716032 5 0 921 2 144115188075856971 16777215 3 0 729 2 1 290 730 2 1 50 926 2 144115188075856971 1 910 3 72057594037927936 1585267068834415859 0 729 2 1 330 730 2 1 50 926 2 72057594037927936 1 911 2 72057594037927936 1441151880758558756 729 2 1 700 730 2 1 700 925 2 72057594037927936 1 729 2 1 225 730 2 1 50 926 2 72057594037927936 1 940 3 144115188075856976 1585267068834415860 0 729 2 1 880 730 2 1 15 926 2 144115188075856976 1 940 3 144115188075856977 1585267068834415861 0 729 2 1 722 730 2 1 15 926 2 144115188075856977 1 940 3 144115188075856947 1585267068834415862 0 729 2 1 565 730 2 1 15 926 2 144115188075856947 1 902 1 999999 
-61.000000  4 4 0 71 1 1 902 1 0 3 0 
-62.000000  80 2071 1 1224979098644774912 2072 1 1224979098644774913 4 0 31 2 1224979098644774912 144115188075856977 2060 1 144115188075856193 902 1 0 5 0 31 2 1224979098644774912 144115188075856947 1650 2 1224979098644774914 648518346341351424 6 3 1224979098644774915 0 1224979098644774914 1652 3 1224979098644774916 648518346341351424 1224979098644774915 2147483679 2 1224979098644774916 360287970189639680 520 3 1224979098644774917 360287970189640691 1224979098644774916 500 3 1224979098644774916 47 0 927 2 1224979098644774917 0 3 0 2133 2 72057594037927995 0 920 2 144115188075856971 1585267068834414932 921 2 144115188075856971 16777215 5 0 31 2 1224979098644774912 144115188075856976 2133 2 1224979098644774918 72057594037927995 2133 2 1224979098644774919 72057594037927996 4 0 32 2 1224979098644774918 1224979098644774919 910 3 72057594037927936 1585267068834415863 65552 921 2 72057594037927936 16716032 729 2 1 600 730 2 1 500 926 2 72057594037927936 1 729 2 1 0 730 2 1 0 936 3 72057594037927936 3000 1 5 0 501 3 648518346341351424 47 1 2060 1 144115188075856193 902 1 0 3 0 5 0 1650 2 1224979098644774914 648518346341351424 6 3 1224979098644774915 0 1224979098644774914 1652 3 1224979098644774916 648518346341351424 1224979098644774915 2147483679 2 1224979098644774916 360287970189639680 540 3 360287970189640691 1224979098644774916 1224979098644774912 520 3 1224979098644774920 1224979098644774916 47 2133 2 1224979098644774914 0 3 0 2133 2 1224979098644774918 72057594037927995 2133 2 1224979098644774919 72057594037927996 2121 3 1224979098644774921 1224979098644774913 1224979098644774920 2120 3 1224979098644774922 1224979098644774918 1224979098644774921 4 0 32 2 1224979098644774922 1224979098644774919 30 2 1224979098644774922 1224979098644774918 4 0 30 2 1224979098644774918 1224979098644774919 2133 2 1224979098644774923 1224979098644774920 2133 2 1224979098644774922 1224979098644774918 5 0 2121 3 1224979098644774924 1224979098644774922 1224979098644774919 2106 2 1224979098644774921 1224979098644774924 2111 2 1224979098644774921 0 2120 3 1224979098644774923 1224979098644774913 1224979098644774921 2120 3 1224979098644774922 1224979098644774918 1224979098644774921 3 0 927 2 1224979098644774912 1224979098644774923 500 3 1224979098644774916 47 1224979098644774923 5 0 500 3 1224979098644774916 47 1224979098644774913 3 0 2133 2 72057594037927936 1224979098644774922 920 2 144115188075856971 1585267068834415627 4 0 32 2 1224979098644774922 1224979098644774919 921 2 144115188075856971 16716032 5 0 921 2 144115188075856971 16777215 3 0 2133 2 72057594037927995 1224979098644774922 3 0 


prsnt_prebattle_orders 0 575 4
-60.000000  1068 2124 1 1000 2133 2 144115188075856626 0 2133 2 144115188075856627 0 2133 2 144115188075856628 0 2133 2 144115188075856629 0 2133 2 144115188075856630 0 2133 2 144115188075856631 0 2133 2 144115188075856632 0 2133 2 144115188075856633 0 2133 2 144115188075856634 0 2133 2 144115188075856645 -1 2133 2 144115188075856651 -1 2133 2 144115188075856657 -1 2133 2 144115188075856663 -1 2133 2 144115188075856669 -1 2133 2 144115188075856675 -1 2133 2 144115188075856681 -1 2133 2 144115188075856687 -1 2133 2 144115188075856693 -1 2319 1 7 730 2 1 700 910 3 144115188075856400 1585267068834415864 98320 921 2 144115188075856400 4289374890 729 2 1 225 926 2 144115188075856400 1 910 3 144115188075856401 1585267068834415865 98320 921 2 144115188075856401 4289374890 729 2 1 357 926 2 144115188075856401 1 910 3 144115188075856402 1585267068834415866 98320 921 2 144115188075856402 4289374890 729 2 1 487 926 2 144115188075856402 1 910 3 144115188075856403 1585267068834415867 98320 921 2 144115188075856403 4289374890 729 2 1 610 926 2 144115188075856403 1 910 3 144115188075856404 1585267068834415868 98320 921 2 144115188075856404 4289374890 729 2 1 225 926 2 144115188075856404 1 947 2 144115188075856404 0 910 3 144115188075856405 1585267068834415869 98320 921 2 144115188075856405 4289374890 729 2 1 360 926 2 144115188075856405 1 947 2 144115188075856405 0 910 3 144115188075856406 1585267068834415870 98320 921 2 144115188075856406 4289374890 729 2 1 485 926 2 144115188075856406 1 947 2 144115188075856406 0 910 3 144115188075856407 1585267068834415871 98320 921 2 144115188075856407 4289374890 729 2 1 600 926 2 144115188075856407 1 947 2 144115188075856407 0 2133 2 144115188075856635 0 2133 2 144115188075856636 0 2133 2 144115188075856637 0 2133 2 144115188075856638 0 2133 2 144115188075856639 0 2133 2 144115188075856640 0 2133 2 144115188075856641 0 2133 2 144115188075856642 0 2133 2 144115188075856643 0 1650 2 1224979098644774912 648518346341351424 2133 2 144115188075856644 0 6 3 1224979098644774913 0 1224979098644774912 1652 3 1224979098644774914 648518346341351424 1224979098644774913 1516 2 1224979098644774915 1224979098644774914 2147483679 2 360287970189639680 1224979098644774914 4 0 31 2 1224979098644774915 0 4 0 2147483679 2 144115188075856635 1 2105 2 144115188075856644 1 3 0 2133 2 144115188075856635 1 5 0 31 2 1224979098644774915 1 4 0 2147483679 2 144115188075856636 1 2105 2 144115188075856644 1 3 0 2133 2 144115188075856636 1 5 0 31 2 1224979098644774915 2 4 0 2147483679 2 144115188075856637 1 2105 2 144115188075856644 1 3 0 2133 2 144115188075856637 1 5 0 31 2 1224979098644774915 3 4 0 2147483679 2 144115188075856638 1 2105 2 144115188075856644 1 3 0 2133 2 144115188075856638 1 5 0 31 2 1224979098644774915 4 4 0 2147483679 2 144115188075856639 1 2105 2 144115188075856644 1 3 0 2133 2 144115188075856639 1 5 0 31 2 1224979098644774915 5 4 0 2147483679 2 144115188075856640 1 2105 2 144115188075856644 1 3 0 2133 2 144115188075856640 1 5 0 31 2 1224979098644774915 6 4 0 2147483679 2 144115188075856641 1 2105 2 144115188075856644 1 3 0 2133 2 144115188075856641 1 5 0 31 2 1224979098644774915 7 4 0 2147483679 2 144115188075856642 1 2105 2 144115188075856644 1 3 0 2133 2 144115188075856642 1 5 0 31 2 1224979098644774915 8 4 0 2147483679 2 144115188075856643 1 2105 2 144115188075856644 1 3 0 2133 2 144115188075856643 1 3 0 3 0 6 3 1224979098644774913 0 1224979098644774912 1652 3 1224979098644774914 648518346341351424 1224979098644774913 1516 2 1224979098644774915 1224979098644774914 2147483679 2 360287970189639680 1224979098644774914 2147485155 1 1224979098644774914 560 3 1224979098644774914 51 1 520 3 1224979098644774916 1224979098644774914 50 33 3 1224979098644774916 0 9 2147483679 2 1224979098644774915 1224979098644774916 2133 2 1224979098644774915 1224979098644774916 4 0 31 2 1224979098644774915 0 4 0 2147483679 2 144115188075856635 1 2105 2 144115188075856644 1 3 0 2133 2 144115188075856635 1 5 0 31 2 1224979098644774915 1 4 0 2147483679 2 144115188075856636 1 2105 2 144115188075856644 1 3 0 2133 2 144115188075856636 1 5 0 31 2 1224979098644774915 2 4 0 2147483679 2 144115188075856637 1 2105 2 144115188075856644 1 3 0 2133 2 144115188075856637 1 5 0 31 2 1224979098644774915 3 4 0 2147483679 2 144115188075856638 1 2105 2 144115188075856644 1 3 0 2133 2 144115188075856638 1 5 0 31 2 1224979098644774915 4 4 0 2147483679 2 144115188075856639 1 2105 2 144115188075856644 1 3 0 2133 2 144115188075856639 1 5 0 31 2 1224979098644774915 5 4 0 2147483679 2 144115188075856640 1 2105 2 144115188075856644 1 3 0 2133 2 144115188075856640 1 5 0 31 2 1224979098644774915 6 4 0 2147483679 2 144115188075856641 1 2105 2 144115188075856644 1 3 0 2133 2 144115188075856641 1 5 0 31 2 1224979098644774915 7 4 0 2147483679 2 144115188075856642 1 2105 2 144115188075856644 1 3 0 2133 2 144115188075856642 1 5 0 31 2 1224979098644774915 8 4 0 2147483679 2 144115188075856643 1 2105 2 144115188075856644 1 3 0 2133 2 144115188075856643 1 3 0 3 0 2133 2 1224979098644774917 0 2133 2 1224979098644774918 653 2133 2 1224979098644774919 20 2133 2 1224979098644774920 662 2133 2 1224979098644774921 50 2133 2 1224979098644774922 660 2133 2 1224979098644774923 660 4 0 31 2 144115188075856635 1 913 3 144115188075856645 1441151880758558776 1441151880758558776 2105 2 1224979098644774917 15 729 2 1 1224979098644774917 730 2 1 1224979098644774918 926 2 144115188075856645 1 2105 2 1224979098644774917 -15 2105 2 1224979098644774918 -40 729 2 1 32650 730 2 1 2000 925 2 144115188075856645 1 922 2 144115188075856645 0 921 2 144115188075856645 16776960 918 3 144115188075856646 1441151880758558774 1441151880758558775 729 2 2 1224979098644774919 730 2 2 1224979098644774920 926 2 144115188075856646 2 2105 2 1224979098644774920 -40 2346 2 7 0 910 3 144115188075856647 7 0 729 2 3 1224979098644774921 730 2 3 1224979098644774922 926 2 144115188075856647 3 2105 2 1224979098644774922 -40 910 3 144115188075856648 216172782113785617 16 910 3 144115188075856649 216172782113785617 16 910 3 144115188075856650 216172782113785617 16 910 3 72057594037927942 216172782113785617 16 910 3 72057594037927951 216172782113785617 16 910 3 72057594037927960 216172782113785617 16 910 3 72057594037927969 216172782113785617 16 910 3 72057594037927978 216172782113785617 16 729 2 1 950 730 2 1 950 925 2 144115188075856648 1 925 2 144115188075856649 1 925 2 144115188075856650 1 925 2 72057594037927942 1 925 2 72057594037927951 1 925 2 72057594037927960 1 925 2 72057594037927969 1 925 2 72057594037927978 1 947 2 72057594037927951 0 947 2 72057594037927960 0 947 2 72057594037927969 0 947 2 72057594037927978 0 730 2 1 1224979098644774923 729 2 1 225 926 2 144115188075856648 1 729 2 1 355 926 2 144115188075856649 1 729 2 1 485 926 2 144115188075856650 1 729 2 1 605 926 2 72057594037927942 1 729 2 1 225 926 2 72057594037927951 1 729 2 1 355 926 2 72057594037927960 1 729 2 1 485 926 2 72057594037927969 1 729 2 1 605 926 2 72057594037927978 1 2105 2 1224979098644774923 -40 910 2 144115188075856948 216172782113785617 729 2 1 600 730 2 1 600 925 2 144115188075856948 1 910 2 144115188075856970 216172782113785617 729 2 1 600 730 2 1 600 925 2 144115188075856970 1 3 0 4 0 31 2 144115188075856636 1 913 3 144115188075856651 1441151880758558776 1441151880758558776 2105 2 1224979098644774917 15 729 2 1 1224979098644774917 730 2 1 1224979098644774918 926 2 144115188075856651 1 2105 2 1224979098644774918 -40 2105 2 1224979098644774917 -15 729 2 1 32650 730 2 1 2000 925 2 144115188075856651 1 922 2 144115188075856651 0 921 2 144115188075856651 16776960 918 3 144115188075856652 1441151880758558774 1441151880758558775 729 2 2 1224979098644774919 730 2 2 1224979098644774920 926 2 144115188075856652 2 2105 2 1224979098644774920 -40 2346 2 7 1 910 3 144115188075856653 7 0 729 2 3 1224979098644774921 730 2 3 1224979098644774922 926 2 144115188075856653 3 2105 2 1224979098644774922 -40 910 3 144115188075856654 216172782113785617 16 910 3 144115188075856655 216172782113785617 16 910 3 144115188075856656 216172782113785617 16 910 3 72057594037927943 216172782113785617 16 910 3 72057594037927952 216172782113785617 16 910 3 72057594037927961 216172782113785617 16 910 3 72057594037927970 216172782113785617 16 910 3 72057594037927979 216172782113785617 16 729 2 1 950 730 2 1 950 925 2 144115188075856654 1 925 2 144115188075856655 1 925 2 144115188075856656 1 925 2 72057594037927943 1 925 2 72057594037927952 1 925 2 72057594037927961 1 925 2 72057594037927970 1 925 2 72057594037927979 1 947 2 72057594037927952 0 947 2 72057594037927961 0 947 2 72057594037927970 0 947 2 72057594037927979 0 730 2 1 1224979098644774923 729 2 1 225 926 2 144115188075856654 1 729 2 1 355 926 2 144115188075856655 1 729 2 1 485 926 2 144115188075856656 1 729 2 1 605 926 2 72057594037927943 1 729 2 1 225 926 2 72057594037927952 1 729 2 1 355 926 2 72057594037927961 1 729 2 1 485 926 2 72057594037927970 1 729 2 1 605 926 2 72057594037927979 1 2105 2 1224979098644774923 -40 910 2 144115188075856972 216172782113785617 729 2 1 600 730 2 1 600 925 2 144115188075856972 1 910 2 144115188075856961 216172782113785617 729 2 1 600 730 2 1 600 925 2 144115188075856961 1 3 0 4 0 31 2 144115188075856637 1 913 3 144115188075856657 1441151880758558776 1441151880758558776 2105 2 1224979098644774917 15 729 2 1 1224979098644774917 730 2 1 1224979098644774918 926 2 144115188075856657 1 2105 2 1224979098644774918 -40 2105 2 1224979098644774917 -15 729 2 1 32650 730 2 1 2000 925 2 144115188075856657 1 922 2 144115188075856657 0 921 2 144115188075856657 16776960 918 3 144115188075856658 1441151880758558774 1441151880758558775 729 2 2 1224979098644774919 730 2 2 1224979098644774920 926 2 144115188075856658 2 2105 2 1224979098644774920 -40 2346 2 7 2 910 3 144115188075856659 7 0 729 2 3 1224979098644774921 730 2 3 1224979098644774922 926 2 144115188075856659 3 2105 2 1224979098644774922 -40 910 3 144115188075856660 216172782113785617 16 910 3 144115188075856661 216172782113785617 16 910 3 144115188075856662 216172782113785617 16 910 3 72057594037927944 216172782113785617 16 910 3 72057594037927953 216172782113785617 16 910 3 72057594037927962 216172782113785617 16 910 3 72057594037927971 216172782113785617 16 910 3 72057594037927980 216172782113785617 16 729 2 1 950 730 2 1 950 925 2 144115188075856660 1 925 2 144115188075856661 1 925 2 144115188075856662 1 925 2 72057594037927944 1 925 2 72057594037927953 1 925 2 72057594037927962 1 925 2 72057594037927971 1 925 2 72057594037927980 1 947 2 72057594037927953 0 947 2 72057594037927962 0 947 2 72057594037927971 0 947 2 72057594037927980 0 730 2 1 1224979098644774923 729 2 1 225 926 2 144115188075856660 1 729 2 1 355 926 2 144115188075856661 1 729 2 1 485 926 2 144115188075856662 1 729 2 1 605 926 2 72057594037927944 1 729 2 1 225 926 2 72057594037927953 1 729 2 1 355 926 2 72057594037927962 1 729 2 1 485 926 2 72057594037927971 1 729 2 1 605 926 2 72057594037927980 1 2105 2 1224979098644774923 -40 910 2 144115188075856974 216172782113785617 729 2 1 600 730 2 1 600 925 2 144115188075856974 1 910 2 144115188075856965 216172782113785617 729 2 1 600 730 2 1 600 925 2 144115188075856965 1 3 0 4 0 31 2 144115188075856638 1 913 3 144115188075856663 1441151880758558776 1441151880758558776 2105 2 1224979098644774917 15 729 2 1 1224979098644774917 730 2 1 1224979098644774918 926 2 144115188075856663 1 2105 2 1224979098644774918 -40 2105 2 1224979098644774917 -15 729 2 1 32650 730 2 1 2000 925 2 144115188075856663 1 922 2 144115188075856663 0 921 2 144115188075856663 16776960 918 3 144115188075856664 1441151880758558774 1441151880758558775 729 2 2 1224979098644774919 730 2 2 1224979098644774920 926 2 144115188075856664 2 2105 2 1224979098644774920 -40 2346 2 7 3 910 3 144115188075856665 7 0 729 2 3 1224979098644774921 730 2 3 1224979098644774922 926 2 144115188075856665 3 2105 2 1224979098644774922 -40 910 3 144115188075856666 216172782113785617 16 910 3 144115188075856667 216172782113785617 16 910 3 144115188075856668 216172782113785617 16 910 3 72057594037927945 216172782113785617 16 910 3 72057594037927954 216172782113785617 16 910 3 72057594037927963 216172782113785617 16 910 3 72057594037927972 216172782113785617 16 910 3 72057594037927981 216172782113785617 16 729 2 1 950 730 2 1 950 925 2 144115188075856666 1 925 2 144115188075856667 1 925 2 144115188075856668 1 925 2 72057594037927945 1 925 2 72057594037927954 1 925 2 72057594037927963 1 925 2 72057594037927972 1 925 2 72057594037927981 1 947 2 72057594037927954 0 947 2 72057594037927963 0 947 2 72057594037927972 0 947 2 72057594037927981 0 730 2 1 1224979098644774923 729 2 1 225 926 2 144115188075856666 1 729 2 1 355 926 2 144115188075856667 1 729 2 1 485 926 2 144115188075856668 1 729 2 1 605 926 2 72057594037927945 1 729 2 1 225 926 2 72057594037927954 1 729 2 1 355 926 2 72057594037927963 1 729 2 1 485 926 2 72057594037927972 1 729 2 1 605 926 2 72057594037927981 1 2105 2 1224979098644774923 -40 910 2 144115188075856952 216172782113785617 729 2 1 600 730 2 1 600 925 2 144115188075856952 1 910 2 144115188075856969 216172782113785617 729 2 1 600 730 2 1 600 925 2 144115188075856969 1 3 0 4 0 31 2 144115188075856639 1 913 3 144115188075856669 1441151880758558776 1441151880758558776 2105 2 1224979098644774917 15 729 2 1 1224979098644774917 730 2 1 1224979098644774918 926 2 144115188075856669 1 2105 2 1224979098644774918 -40 2105 2 1224979098644774917 -15 729 2 1 32650 730 2 1 2000 925 2 144115188075856669 1 922 2 144115188075856669 0 921 2 144115188075856669 16776960 918 3 144115188075856670 1441151880758558774 1441151880758558775 729 2 2 1224979098644774919 730 2 2 1224979098644774920 926 2 144115188075856670 2 2105 2 1224979098644774920 -40 2346 2 7 4 910 3 144115188075856671 7 0 729 2 3 1224979098644774921 730 2 3 1224979098644774922 926 2 144115188075856671 3 2105 2 1224979098644774922 -40 910 3 144115188075856672 216172782113785617 16 910 3 144115188075856673 216172782113785617 16 910 3 144115188075856674 216172782113785617 16 910 3 72057594037927946 216172782113785617 16 910 3 72057594037927955 216172782113785617 16 910 3 72057594037927964 216172782113785617 16 910 3 72057594037927973 216172782113785617 16 910 3 72057594037927982 216172782113785617 16 729 2 1 950 730 2 1 950 925 2 144115188075856672 1 925 2 144115188075856673 1 925 2 144115188075856674 1 925 2 72057594037927946 1 925 2 72057594037927955 1 925 2 72057594037927964 1 925 2 72057594037927973 1 925 2 72057594037927982 1 947 2 72057594037927955 0 947 2 72057594037927964 0 947 2 72057594037927973 0 947 2 72057594037927982 0 730 2 1 1224979098644774923 729 2 1 225 926 2 144115188075856672 1 729 2 1 355 926 2 144115188075856673 1 729 2 1 485 926 2 144115188075856674 1 729 2 1 605 926 2 72057594037927946 1 729 2 1 225 926 2 72057594037927955 1 729 2 1 355 926 2 72057594037927964 1 729 2 1 485 926 2 72057594037927973 1 729 2 1 605 926 2 72057594037927982 1 2105 2 1224979098644774923 -40 910 2 144115188075856953 216172782113785617 729 2 1 600 730 2 1 600 925 2 144115188075856953 1 910 2 144115188075856963 216172782113785617 729 2 1 600 730 2 1 600 925 2 144115188075856963 1 3 0 4 0 31 2 144115188075856640 1 913 3 144115188075856675 1441151880758558776 1441151880758558776 2105 2 1224979098644774917 15 729 2 1 1224979098644774917 730 2 1 1224979098644774918 926 2 144115188075856675 1 2105 2 1224979098644774918 -40 2105 2 1224979098644774917 -15 729 2 1 32650 730 2 1 2000 925 2 144115188075856675 1 922 2 144115188075856675 0 921 2 144115188075856675 16776960 918 3 144115188075856676 1441151880758558774 1441151880758558775 729 2 2 1224979098644774919 730 2 2 1224979098644774920 926 2 144115188075856676 2 2105 2 1224979098644774920 -40 2346 2 7 5 910 3 144115188075856677 7 0 729 2 3 1224979098644774921 730 2 3 1224979098644774922 926 2 144115188075856677 3 2105 2 1224979098644774922 -40 910 3 144115188075856678 216172782113785617 16 910 3 144115188075856679 216172782113785617 16 910 3 144115188075856680 216172782113785617 16 910 3 72057594037927947 216172782113785617 16 910 3 72057594037927956 216172782113785617 16 910 3 72057594037927965 216172782113785617 16 910 3 72057594037927974 216172782113785617 16 910 3 72057594037927983 216172782113785617 16 729 2 1 950 730 2 1 950 925 2 144115188075856678 1 925 2 144115188075856679 1 925 2 144115188075856680 1 925 2 72057594037927947 1 925 2 72057594037927956 1 925 2 72057594037927965 1 925 2 72057594037927974 1 925 2 72057594037927983 1 947 2 72057594037927956 0 947 2 72057594037927965 0 947 2 72057594037927974 0 947 2 72057594037927983 0 730 2 1 1224979098644774923 729 2 1 225 926 2 144115188075856678 1 729 2 1 355 926 2 144115188075856679 1 729 2 1 485 926 2 144115188075856680 1 729 2 1 605 926 2 72057594037927947 1 729 2 1 225 926 2 72057594037927956 1 729 2 1 355 926 2 72057594037927965 1 729 2 1 485 926 2 72057594037927974 1 729 2 1 605 926 2 72057594037927983 1 2105 2 1224979098644774923 -40 910 2 144115188075856960 216172782113785617 729 2 1 600 730 2 1 600 925 2 144115188075856960 1 910 2 144115188075856967 216172782113785617 729 2 1 600 730 2 1 600 925 2 144115188075856967 1 3 0 4 0 31 2 144115188075856641 1 913 3 144115188075856681 1441151880758558776 1441151880758558776 2105 2 1224979098644774917 15 729 2 1 1224979098644774917 730 2 1 1224979098644774918 926 2 144115188075856681 1 2105 2 1224979098644774918 -40 2105 2 1224979098644774917 -15 729 2 1 32650 730 2 1 2000 925 2 144115188075856681 1 922 2 144115188075856681 0 921 2 144115188075856681 16776960 918 3 144115188075856682 1441151880758558774 1441151880758558775 729 2 2 1224979098644774919 730 2 2 1224979098644774920 926 2 144115188075856682 2 2105 2 1224979098644774920 -40 2346 2 7 6 910 3 144115188075856683 7 0 729 2 3 1224979098644774921 730 2 3 1224979098644774922 926 2 144115188075856683 3 2105 2 1224979098644774922 -40 910 3 144115188075856684 216172782113785617 16 910 3 144115188075856685 216172782113785617 16 910 3 144115188075856686 216172782113785617 16 910 3 72057594037927948 216172782113785617 16 910 3 72057594037927957 216172782113785617 16 910 3 72057594037927966 216172782113785617 16 910 3 72057594037927975 216172782113785617 16 910 3 72057594037927984 216172782113785617 16 729 2 1 950 730 2 1 950 925 2 144115188075856684 1 925 2 144115188075856685 1 925 2 144115188075856686 1 925 2 72057594037927948 1 925 2 72057594037927957 1 925 2 72057594037927966 1 925 2 72057594037927975 1 925 2 72057594037927984 1 947 2 72057594037927957 0 947 2 72057594037927966 0 947 2 72057594037927975 0 947 2 72057594037927984 0 730 2 1 1224979098644774923 729 2 1 225 926 2 144115188075856684 1 729 2 1 355 926 2 144115188075856685 1 729 2 1 485 926 2 144115188075856686 1 729 2 1 605 926 2 72057594037927948 1 729 2 1 225 926 2 72057594037927957 1 729 2 1 355 926 2 72057594037927966 1 729 2 1 485 926 2 72057594037927975 1 729 2 1 605 926 2 72057594037927984 1 2105 2 1224979098644774923 -40 910 2 144115188075856964 216172782113785617 729 2 1 600 730 2 1 600 925 2 144115188075856964 1 910 2 144115188075856971 216172782113785617 729 2 1 600 730 2 1 600 925 2 144115188075856971 1 3 0 4 0 31 2 144115188075856642 1 913 3 144115188075856687 1441151880758558776 1441151880758558776 2105 2 1224979098644774917 15 729 2 1 1224979098644774917 730 2 1 1224979098644774918 926 2 144115188075856687 1 2105 2 1224979098644774918 -40 2105 2 1224979098644774917 -15 729 2 1 32650 730 2 1 2000 925 2 144115188075856687 1 922 2 144115188075856687 0 921 2 144115188075856687 16776960 918 3 144115188075856688 1441151880758558774 1441151880758558775 729 2 2 1224979098644774919 730 2 2 1224979098644774920 926 2 144115188075856688 2 2105 2 1224979098644774920 -40 2346 2 7 7 910 3 144115188075856689 7 0 729 2 3 1224979098644774921 730 2 3 1224979098644774922 926 2 144115188075856689 3 2105 2 1224979098644774922 -40 910 3 144115188075856690 216172782113785617 16 910 3 144115188075856691 216172782113785617 16 910 3 144115188075856692 216172782113785617 16 910 3 72057594037927949 216172782113785617 16 910 3 72057594037927958 216172782113785617 16 910 3 72057594037927967 216172782113785617 16 910 3 72057594037927976 216172782113785617 16 910 3 72057594037927985 216172782113785617 16 729 2 1 950 730 2 1 950 925 2 144115188075856690 1 925 2 144115188075856691 1 925 2 144115188075856692 1 925 2 72057594037927949 1 925 2 72057594037927958 1 925 2 72057594037927967 1 925 2 72057594037927976 1 925 2 72057594037927985 1 947 2 72057594037927958 0 947 2 72057594037927967 0 947 2 72057594037927976 0 947 2 72057594037927985 0 730 2 1 1224979098644774923 729 2 1 225 926 2 144115188075856690 1 729 2 1 355 926 2 144115188075856691 1 729 2 1 485 926 2 144115188075856692 1 729 2 1 605 926 2 72057594037927949 1 729 2 1 225 926 2 72057594037927958 1 729 2 1 355 926 2 72057594037927967 1 729 2 1 485 926 2 72057594037927976 1 729 2 1 605 926 2 72057594037927985 1 2105 2 1224979098644774923 -40 910 2 144115188075856968 216172782113785617 729 2 1 600 730 2 1 600 925 2 144115188075856968 1 910 2 144115188075856947 216172782113785617 729 2 1 600 730 2 1 600 925 2 144115188075856947 1 3 0 4 0 31 2 144115188075856643 1 913 3 144115188075856693 1441151880758558776 1441151880758558776 2105 2 1224979098644774917 15 729 2 1 1224979098644774917 730 2 1 1224979098644774918 926 2 144115188075856693 1 2105 2 1224979098644774918 -40 2105 2 1224979098644774917 -15 729 2 1 32650 730 2 1 2000 925 2 144115188075856693 1 922 2 144115188075856693 0 921 2 144115188075856693 16776960 918 3 144115188075856694 1441151880758558774 1441151880758558775 729 2 2 1224979098644774919 730 2 2 1224979098644774920 926 2 144115188075856694 2 2105 2 1224979098644774920 -40 2346 2 7 8 910 3 144115188075856695 7 0 729 2 3 1224979098644774921 730 2 3 1224979098644774922 926 2 144115188075856695 3 2105 2 1224979098644774922 -40 910 3 144115188075856696 216172782113785617 16 910 3 144115188075856697 216172782113785617 16 910 3 144115188075856698 216172782113785617 16 910 3 72057594037927950 216172782113785617 16 910 3 72057594037927959 216172782113785617 16 910 3 72057594037927968 216172782113785617 16 910 3 72057594037927977 216172782113785617 16 910 3 72057594037927986 216172782113785617 16 729 2 1 950 730 2 1 950 925 2 144115188075856696 1 925 2 144115188075856697 1 925 2 144115188075856698 1 925 2 72057594037927950 1 925 2 72057594037927959 1 925 2 72057594037927968 1 925 2 72057594037927977 1 925 2 72057594037927986 1 947 2 72057594037927959 0 947 2 72057594037927968 0 947 2 72057594037927977 0 947 2 72057594037927986 0 730 2 1 1224979098644774923 729 2 1 225 926 2 144115188075856696 1 729 2 1 355 926 2 144115188075856697 1 729 2 1 485 926 2 144115188075856698 1 729 2 1 605 926 2 72057594037927950 1 729 2 1 225 926 2 72057594037927959 1 729 2 1 355 926 2 72057594037927968 1 729 2 1 485 926 2 72057594037927977 1 729 2 1 605 926 2 72057594037927986 1 2105 2 1224979098644774923 -40 910 2 144115188075856962 216172782113785617 729 2 1 600 730 2 1 600 925 2 144115188075856962 1 910 2 144115188075856976 216172782113785617 729 2 1 600 730 2 1 600 925 2 144115188075856976 1 3 0 2133 2 1224979098644774924 640 2133 2 1224979098644774925 144115188075856644 2107 2 1224979098644774925 -40 2105 2 1224979098644774924 1224979098644774925 2106 2 1224979098644774924 50 943 3 144115188075856699 216172782113785617 0 943 3 144115188075856700 216172782113785617 0 943 3 144115188075856701 216172782113785617 0 943 3 144115188075856706 216172782113785617 0 943 3 144115188075856702 216172782113785617 0 943 3 144115188075856703 216172782113785617 0 943 3 144115188075856704 216172782113785617 0 943 3 144115188075856705 216172782113785617 0 931 2 144115188075856699 1585267068834415515 931 2 144115188075856699 1585267068834415514 931 2 144115188075856699 1585267068834415513 931 2 144115188075856699 1585267068834415534 931 2 144115188075856699 1585267068834415042 729 2 1 500 730 2 1 600 925 2 144115188075856699 1 729 2 1 170 730 2 1 1224979098644774924 926 2 144115188075856699 1 921 2 144115188075856699 16711680 922 2 144115188075856699 96 927 2 144115188075856699 4 931 2 144115188075856700 1585267068834415162 931 2 144115188075856700 1585267068834415161 931 2 144115188075856700 1585267068834415519 931 2 144115188075856700 1585267068834415518 931 2 144115188075856700 1585267068834415517 931 2 144115188075856700 1585267068834415516 931 2 144115188075856700 1585267068834415042 729 2 1 500 730 2 1 600 925 2 144115188075856700 1 729 2 1 305 2105 2 1224979098644774924 -35 730 2 1 1224979098644774924 926 2 144115188075856700 1 921 2 144115188075856700 16737792 922 2 144115188075856700 96 927 2 144115188075856700 6 2105 2 1224979098644774924 -50 942 3 72057594037927987 1 5 942 3 72057594037927988 1 5 927 2 72057594037927987 1 927 2 72057594037927988 1 729 2 1 320 730 2 1 1224979098644774924 926 2 72057594037927987 1 729 2 1 452 926 2 72057594037927988 1 2133 2 72057594037927989 0 2133 2 72057594037927990 0 910 2 72057594037927936 1585267068834415872 729 2 1 900 730 2 1 900 925 2 72057594037927936 1 729 2 1 295 2105 2 1224979098644774924 25 730 2 1 1224979098644774924 926 2 72057594037927936 1 910 2 72057594037927936 1585267068834415872 729 2 1 900 730 2 1 900 925 2 72057594037927936 1 729 2 1 422 730 2 1 1224979098644774924 926 2 72057594037927936 1 2105 2 1224979098644774924 25 931 2 144115188075856701 1585267068834415162 931 2 144115188075856701 1585267068834415161 931 2 144115188075856701 1585267068834415519 931 2 144115188075856701 1585267068834415518 931 2 144115188075856701 1585267068834415517 931 2 144115188075856701 1585267068834415516 931 2 144115188075856701 1585267068834415042 729 2 1 500 730 2 1 600 925 2 144115188075856701 1 729 2 1 430 730 2 1 1224979098644774924 926 2 144115188075856701 1 921 2 144115188075856701 16737792 922 2 144115188075856701 96 927 2 144115188075856701 6 2105 2 1224979098644774924 35 931 2 144115188075856706 1585267068834415524 931 2 144115188075856706 1585267068834415523 931 2 144115188075856706 1585267068834415522 931 2 144115188075856706 1585267068834415521 931 2 144115188075856706 1585267068834415042 729 2 1 500 730 2 1 600 925 2 144115188075856706 1 729 2 1 555 730 2 1 1224979098644774924 926 2 144115188075856706 1 921 2 144115188075856706 16737792 922 2 144115188075856706 96 927 2 144115188075856706 4 931 2 144115188075856702 1585267068834415691 931 2 144115188075856702 1585267068834415692 931 2 144115188075856702 1585267068834415537 931 2 144115188075856702 1585267068834415536 931 2 144115188075856702 1585267068834415042 729 2 1 500 730 2 1 600 925 2 144115188075856702 1 729 2 1 175 730 2 1 1224979098644774924 926 2 144115188075856702 1 922 2 144115188075856702 96 927 2 144115188075856702 4 947 2 144115188075856702 0 931 2 144115188075856703 1585267068834415530 931 2 144115188075856703 1585267068834415529 931 2 144115188075856703 1585267068834415528 931 2 144115188075856703 1585267068834415527 931 2 144115188075856703 1585267068834415042 729 2 1 500 730 2 1 600 925 2 144115188075856703 1 729 2 1 305 730 2 1 1224979098644774924 926 2 144115188075856703 1 922 2 144115188075856703 96 927 2 144115188075856703 4 947 2 144115188075856703 0 931 2 144115188075856704 1585267068834415532 931 2 144115188075856704 1585267068834415541 931 2 144115188075856704 1585267068834415042 2105 2 1224979098644774924 35 729 2 1 500 730 2 1 600 925 2 144115188075856704 1 729 2 1 430 730 2 1 1224979098644774924 926 2 144115188075856704 1 922 2 144115188075856704 96 927 2 144115188075856704 2 947 2 144115188075856704 0 931 2 144115188075856705 1585267068834415533 931 2 144115188075856705 1585267068834415042 2105 2 1224979098644774924 18 729 2 1 500 730 2 1 600 925 2 144115188075856705 1 729 2 1 555 730 2 1 1224979098644774924 926 2 144115188075856705 1 922 2 144115188075856705 96 927 2 144115188075856705 1 947 2 144115188075856705 0 2106 2 1224979098644774924 53 2106 2 1224979098644774924 50 912 2 144115188075856709 1585267068834415873 729 2 1 900 730 2 1 900 925 2 144115188075856709 1 729 2 1 450 730 2 1 150 926 2 144115188075856709 1 940 2 144115188075856710 1585267068834415861 729 2 1 420 730 2 1 8 926 2 144115188075856710 1 940 2 144115188075856711 1585267068834415862 729 2 1 580 730 2 1 8 926 2 144115188075856711 1 940 2 144115188075856713 1585267068834415874 729 2 1 740 730 2 1 8 926 2 144115188075856713 1 940 2 144115188075856712 1585267068834415875 729 2 1 900 730 2 1 8 926 2 144115188075856712 1 1 1 936748722493063890 902 1 999999 
-62.000000  983 2071 1 1224979098644774912 2072 1 1224979098644774913 4 0 31 2 1224979098644774912 144115188075856710 2060 1 144115188075856193 902 1 0 5 0 31 2 1224979098644774912 144115188075856711 501 3 648518346341351424 231 0 1 1 936748722493063891 5 0 31 2 1224979098644774912 144115188075856713 1 1 936748722493063888 5 0 31 2 1224979098644774912 144115188075856712 501 3 648518346341351424 231 1 1 1 936748722493063889 2060 1 144115188075856193 902 1 0 5 0 31 2 1224979098644774912 144115188075856709 946 2 1 144115188075856709 726 2 1224979098644774914 1 4 0 31 2 1224979098644774914 450 947 2 144115188075856699 0 947 2 144115188075856700 0 947 2 144115188075856701 0 947 2 144115188075856706 0 947 2 72057594037927987 0 947 2 72057594037927988 0 947 2 144115188075856400 0 947 2 144115188075856401 0 947 2 144115188075856402 0 947 2 144115188075856403 0 2120 3 1224979098644774915 72057594037927987 2 947 2 1224979098644774915 0 2105 2 1224979098644774915 1 947 2 1224979098644774915 0 947 2 144115188075856702 1 947 2 144115188075856703 1 947 2 144115188075856704 1 947 2 144115188075856705 1 947 2 144115188075856404 1 947 2 144115188075856405 1 947 2 144115188075856406 1 947 2 144115188075856407 1 4 0 31 2 144115188075856635 1 947 2 144115188075856648 0 947 2 144115188075856649 0 947 2 144115188075856650 0 947 2 72057594037927942 0 947 2 72057594037927951 1 947 2 72057594037927960 1 947 2 72057594037927969 1 947 2 72057594037927978 1 3 0 4 0 31 2 144115188075856636 1 947 2 144115188075856654 0 947 2 144115188075856655 0 947 2 144115188075856656 0 947 2 72057594037927943 0 947 2 72057594037927952 1 947 2 72057594037927961 1 947 2 72057594037927970 1 947 2 72057594037927979 1 3 0 4 0 31 2 144115188075856637 1 947 2 144115188075856660 0 947 2 144115188075856661 0 947 2 144115188075856662 0 947 2 72057594037927944 0 947 2 72057594037927953 1 947 2 72057594037927962 1 947 2 72057594037927971 1 947 2 72057594037927980 1 3 0 4 0 31 2 144115188075856638 1 947 2 144115188075856666 0 947 2 144115188075856667 0 947 2 144115188075856668 0 947 2 72057594037927945 0 947 2 72057594037927954 1 947 2 72057594037927963 1 947 2 72057594037927972 1 947 2 72057594037927981 1 3 0 4 0 31 2 144115188075856639 1 947 2 144115188075856672 0 947 2 144115188075856673 0 947 2 144115188075856674 0 947 2 72057594037927946 0 947 2 72057594037927955 1 947 2 72057594037927964 1 947 2 72057594037927973 1 947 2 72057594037927982 1 3 0 4 0 31 2 144115188075856640 1 947 2 144115188075856678 0 947 2 144115188075856679 0 947 2 144115188075856680 0 947 2 72057594037927947 0 947 2 72057594037927956 1 947 2 72057594037927965 1 947 2 72057594037927974 1 947 2 72057594037927983 1 3 0 4 0 31 2 144115188075856641 1 947 2 144115188075856684 0 947 2 144115188075856685 0 947 2 144115188075856686 0 947 2 72057594037927948 0 947 2 72057594037927957 1 947 2 72057594037927966 1 947 2 72057594037927975 1 947 2 72057594037927984 1 3 0 4 0 31 2 144115188075856642 1 947 2 144115188075856690 0 947 2 144115188075856691 0 947 2 144115188075856692 0 947 2 72057594037927949 0 947 2 72057594037927958 1 947 2 72057594037927967 1 947 2 72057594037927976 1 947 2 72057594037927985 1 3 0 4 0 31 2 144115188075856643 1 947 2 144115188075856696 0 947 2 144115188075856697 0 947 2 144115188075856698 0 947 2 72057594037927950 0 947 2 72057594037927959 1 947 2 72057594037927968 1 947 2 72057594037927977 1 947 2 72057594037927986 1 3 0 729 2 1 150 920 2 144115188075856709 1585267068834415876 926 2 144115188075856709 1 5 0 31 2 1224979098644774914 150 947 2 144115188075856702 0 947 2 144115188075856703 0 947 2 144115188075856704 0 947 2 144115188075856705 0 947 2 144115188075856404 0 947 2 144115188075856405 0 947 2 144115188075856406 0 947 2 144115188075856407 0 947 2 144115188075856699 1 947 2 144115188075856700 1 947 2 144115188075856701 1 947 2 144115188075856706 1 947 2 72057594037927987 1 947 2 72057594037927988 1 947 2 144115188075856400 1 947 2 144115188075856401 1 947 2 144115188075856402 1 947 2 144115188075856403 1 2120 3 1224979098644774915 72057594037927987 2 947 2 1224979098644774915 1 2105 2 1224979098644774915 1 947 2 1224979098644774915 1 4 0 31 2 144115188075856635 1 947 2 144115188075856648 1 947 2 144115188075856649 1 947 2 144115188075856650 1 947 2 72057594037927942 1 947 2 72057594037927951 0 947 2 72057594037927960 0 947 2 72057594037927969 0 947 2 72057594037927978 0 3 0 4 0 31 2 144115188075856636 1 947 2 144115188075856654 1 947 2 144115188075856655 1 947 2 144115188075856656 1 947 2 72057594037927943 1 947 2 72057594037927952 0 947 2 72057594037927961 0 947 2 72057594037927970 0 947 2 72057594037927979 0 3 0 4 0 31 2 144115188075856637 1 947 2 144115188075856660 1 947 2 144115188075856661 1 947 2 144115188075856662 1 947 2 72057594037927944 1 947 2 72057594037927953 0 947 2 72057594037927962 0 947 2 72057594037927971 0 947 2 72057594037927980 0 3 0 4 0 31 2 144115188075856638 1 947 2 144115188075856666 1 947 2 144115188075856667 1 947 2 144115188075856668 1 947 2 72057594037927945 1 947 2 72057594037927954 0 947 2 72057594037927963 0 947 2 72057594037927972 0 947 2 72057594037927981 0 3 0 4 0 31 2 144115188075856639 1 947 2 144115188075856672 1 947 2 144115188075856673 1 947 2 144115188075856674 1 947 2 72057594037927946 1 947 2 72057594037927955 0 947 2 72057594037927964 0 947 2 72057594037927973 0 947 2 72057594037927982 0 3 0 4 0 31 2 144115188075856640 1 947 2 144115188075856678 1 947 2 144115188075856679 1 947 2 144115188075856680 1 947 2 72057594037927947 1 947 2 72057594037927956 0 947 2 72057594037927965 0 947 2 72057594037927974 0 947 2 72057594037927983 0 3 0 4 0 31 2 144115188075856641 1 947 2 144115188075856684 1 947 2 144115188075856685 1 947 2 144115188075856686 1 947 2 72057594037927948 1 947 2 72057594037927957 0 947 2 72057594037927966 0 947 2 72057594037927975 0 947 2 72057594037927984 0 3 0 4 0 31 2 144115188075856642 1 947 2 144115188075856690 1 947 2 144115188075856691 1 947 2 144115188075856692 1 947 2 72057594037927949 1 947 2 72057594037927958 0 947 2 72057594037927967 0 947 2 72057594037927976 0 947 2 72057594037927985 0 3 0 4 0 31 2 144115188075856643 1 947 2 144115188075856696 1 947 2 144115188075856697 1 947 2 144115188075856698 1 947 2 72057594037927950 1 947 2 72057594037927959 0 947 2 72057594037927968 0 947 2 72057594037927977 0 947 2 72057594037927986 0 3 0 729 2 1 450 920 2 144115188075856709 1585267068834415873 926 2 144115188075856709 1 3 0 5 0 31 2 144115188075856635 1 31 2 1224979098644774912 144115188075856646 2133 2 144115188075856626 1224979098644774913 4 0 31 2 1224979098644774913 1 933 3 144115188075856645 250 68 5 0 933 3 144115188075856645 250 0 3 0 5 0 31 2 144115188075856636 1 31 2 1224979098644774912 144115188075856652 2133 2 144115188075856627 1224979098644774913 4 0 31 2 1224979098644774913 1 933 3 144115188075856651 250 68 5 0 933 3 144115188075856651 250 0 3 0 5 0 31 2 144115188075856637 1 31 2 1224979098644774912 144115188075856658 2133 2 144115188075856628 1224979098644774913 4 0 31 2 1224979098644774913 1 933 3 144115188075856657 250 68 5 0 933 3 144115188075856657 250 0 3 0 5 0 31 2 144115188075856638 1 31 2 1224979098644774912 144115188075856664 2133 2 144115188075856629 1224979098644774913 4 0 31 2 1224979098644774913 1 933 3 144115188075856663 250 68 5 0 933 3 144115188075856663 250 0 3 0 5 0 31 2 144115188075856639 1 31 2 1224979098644774912 144115188075856670 2133 2 144115188075856630 1224979098644774913 4 0 31 2 1224979098644774913 1 933 3 144115188075856669 250 68 5 0 933 3 144115188075856669 250 0 3 0 5 0 31 2 144115188075856640 1 31 2 1224979098644774912 144115188075856676 2133 2 144115188075856631 1224979098644774913 4 0 31 2 1224979098644774913 1 933 3 144115188075856675 250 68 5 0 933 3 144115188075856675 250 0 3 0 5 0 31 2 144115188075856641 1 31 2 1224979098644774912 144115188075856682 2133 2 144115188075856632 1224979098644774913 4 0 31 2 1224979098644774913 1 933 3 144115188075856681 250 68 5 0 933 3 144115188075856681 250 0 3 0 5 0 31 2 144115188075856642 1 31 2 1224979098644774912 144115188075856688 2133 2 144115188075856633 1224979098644774913 4 0 31 2 1224979098644774913 1 933 3 144115188075856687 250 68 5 0 933 3 144115188075856687 250 0 3 0 5 0 31 2 144115188075856643 1 31 2 1224979098644774912 144115188075856694 2133 2 144115188075856634 1224979098644774913 4 0 31 2 1224979098644774913 1 933 3 144115188075856693 250 68 5 0 933 3 144115188075856693 250 0 3 0 5 0 31 2 1224979098644774912 144115188075856645 2133 2 144115188075856626 1 933 3 144115188075856645 250 68 927 2 144115188075856646 1 4 0 31 2 144115188075856636 1 2133 2 144115188075856627 0 927 2 144115188075856652 0 933 3 144115188075856651 250 0 3 0 4 0 31 2 144115188075856637 1 2133 2 144115188075856628 0 927 2 144115188075856658 0 933 3 144115188075856657 250 0 3 0 4 0 31 2 144115188075856638 1 2133 2 144115188075856629 0 927 2 144115188075856664 0 933 3 144115188075856663 250 0 3 0 4 0 31 2 144115188075856639 1 2133 2 144115188075856630 0 927 2 144115188075856670 0 933 3 144115188075856669 250 0 3 0 4 0 31 2 144115188075856640 1 2133 2 144115188075856631 0 927 2 144115188075856676 0 933 3 144115188075856675 250 0 3 0 4 0 31 2 144115188075856641 1 2133 2 144115188075856632 0 927 2 144115188075856682 0 933 3 144115188075856681 250 0 3 0 4 0 31 2 144115188075856642 1 2133 2 144115188075856633 0 927 2 144115188075856688 0 933 3 144115188075856687 250 0 3 0 4 0 31 2 144115188075856643 1 2133 2 144115188075856634 0 927 2 144115188075856694 0 933 3 144115188075856693 250 0 3 0 5 0 31 2 1224979098644774912 144115188075856651 2133 2 144115188075856627 1 933 3 144115188075856651 250 68 927 2 144115188075856652 1 4 0 31 2 144115188075856635 1 2133 2 144115188075856626 0 927 2 144115188075856646 0 933 3 144115188075856645 250 0 3 0 4 0 31 2 144115188075856637 1 2133 2 144115188075856628 0 927 2 144115188075856658 0 933 3 144115188075856657 250 0 3 0 4 0 31 2 144115188075856638 1 2133 2 144115188075856629 0 927 2 144115188075856664 0 933 3 144115188075856663 250 0 3 0 4 0 31 2 144115188075856639 1 2133 2 144115188075856630 0 927 2 144115188075856670 0 933 3 144115188075856669 250 0 3 0 4 0 31 2 144115188075856640 1 2133 2 144115188075856631 0 927 2 144115188075856676 0 933 3 144115188075856675 250 0 3 0 4 0 31 2 144115188075856641 1 2133 2 144115188075856632 0 927 2 144115188075856682 0 933 3 144115188075856681 250 0 3 0 4 0 31 2 144115188075856642 1 2133 2 144115188075856633 0 927 2 144115188075856688 0 933 3 144115188075856687 250 0 3 0 4 0 31 2 144115188075856643 1 2133 2 144115188075856634 0 927 2 144115188075856694 0 933 3 144115188075856693 250 0 3 0 5 0 31 2 1224979098644774912 144115188075856657 2133 2 144115188075856628 1 933 3 144115188075856657 250 68 927 2 144115188075856658 1 4 0 31 2 144115188075856635 1 2133 2 144115188075856626 0 927 2 144115188075856646 0 933 3 144115188075856645 250 0 3 0 4 0 31 2 144115188075856636 1 2133 2 144115188075856627 0 927 2 144115188075856652 0 933 3 144115188075856651 250 0 3 0 4 0 31 2 144115188075856638 1 2133 2 144115188075856629 0 927 2 144115188075856664 0 933 3 144115188075856663 250 0 3 0 4 0 31 2 144115188075856639 1 2133 2 144115188075856630 0 927 2 144115188075856670 0 933 3 144115188075856669 250 0 3 0 4 0 31 2 144115188075856640 1 2133 2 144115188075856631 0 927 2 144115188075856676 0 933 3 144115188075856675 250 0 3 0 4 0 31 2 144115188075856641 1 2133 2 144115188075856632 0 927 2 144115188075856682 0 933 3 144115188075856681 250 0 3 0 4 0 31 2 144115188075856642 1 2133 2 144115188075856633 0 927 2 144115188075856688 0 933 3 144115188075856687 250 0 3 0 4 0 31 2 144115188075856643 1 2133 2 144115188075856634 0 927 2 144115188075856694 0 933 3 144115188075856693 250 0 3 0 5 0 31 2 1224979098644774912 144115188075856663 2133 2 144115188075856629 1 933 3 144115188075856663 250 68 927 2 144115188075856664 1 4 0 31 2 144115188075856635 1 2133 2 144115188075856626 0 927 2 144115188075856646 0 933 3 144115188075856645 250 0 3 0 4 0 31 2 144115188075856636 1 2133 2 144115188075856627 0 927 2 144115188075856652 0 933 3 144115188075856651 250 0 3 0 4 0 31 2 144115188075856637 1 2133 2 144115188075856628 0 927 2 144115188075856658 0 933 3 144115188075856657 250 0 3 0 4 0 31 2 144115188075856639 1 2133 2 144115188075856630 0 927 2 144115188075856670 0 933 3 144115188075856669 250 0 3 0 4 0 31 2 144115188075856640 1 2133 2 144115188075856631 0 927 2 144115188075856676 0 933 3 144115188075856675 250 0 3 0 4 0 31 2 144115188075856641 1 2133 2 144115188075856632 0 927 2 144115188075856682 0 933 3 144115188075856681 250 0 3 0 4 0 31 2 144115188075856642 1 2133 2 144115188075856633 0 927 2 144115188075856688 0 933 3 144115188075856687 250 0 3 0 4 0 31 2 144115188075856643 1 2133 2 144115188075856634 0 927 2 144115188075856694 0 933 3 144115188075856693 250 0 3 0 5 0 31 2 1224979098644774912 144115188075856669 2133 2 144115188075856630 1 933 3 144115188075856669 250 68 927 2 144115188075856670 1 4 0 31 2 144115188075856635 1 2133 2 144115188075856626 0 927 2 144115188075856646 0 933 3 144115188075856645 250 0 3 0 4 0 31 2 144115188075856636 1 2133 2 144115188075856627 0 927 2 144115188075856652 0 933 3 144115188075856651 250 0 3 0 4 0 31 2 144115188075856637 1 2133 2 144115188075856628 0 927 2 144115188075856658 0 933 3 144115188075856657 250 0 3 0 4 0 31 2 144115188075856638 1 2133 2 144115188075856629 0 927 2 144115188075856664 0 933 3 144115188075856663 250 0 3 0 4 0 31 2 144115188075856640 1 2133 2 144115188075856631 0 927 2 144115188075856676 0 933 3 144115188075856675 250 0 3 0 4 0 31 2 144115188075856641 1 2133 2 144115188075856632 0 927 2 144115188075856682 0 933 3 144115188075856681 250 0 3 0 4 0 31 2 144115188075856642 1 2133 2 144115188075856633 0 927 2 144115188075856688 0 933 3 144115188075856687 250 0 3 0 4 0 31 2 144115188075856643 1 2133 2 144115188075856634 0 927 2 144115188075856694 0 933 3 144115188075856693 250 0 3 0 5 0 31 2 1224979098644774912 144115188075856675 2133 2 144115188075856631 1 933 3 144115188075856675 250 68 927 2 144115188075856676 1 4 0 31 2 144115188075856635 1 2133 2 144115188075856626 0 927 2 144115188075856646 0 933 3 144115188075856645 250 0 3 0 4 0 31 2 144115188075856636 1 2133 2 144115188075856627 0 927 2 144115188075856652 0 933 3 144115188075856651 250 0 3 0 4 0 31 2 144115188075856637 1 2133 2 144115188075856628 0 927 2 144115188075856658 0 933 3 144115188075856657 250 0 3 0 4 0 31 2 144115188075856638 1 2133 2 144115188075856629 0 927 2 144115188075856664 0 933 3 144115188075856663 250 0 3 0 4 0 31 2 144115188075856639 1 2133 2 144115188075856630 0 927 2 144115188075856670 0 933 3 144115188075856669 250 0 3 0 4 0 31 2 144115188075856641 1 2133 2 144115188075856632 0 927 2 144115188075856682 0 933 3 144115188075856681 250 0 3 0 4 0 31 2 144115188075856642 1 2133 2 144115188075856633 0 927 2 144115188075856688 0 933 3 144115188075856687 250 0 3 0 4 0 31 2 144115188075856643 1 2133 2 144115188075856634 0 927 2 144115188075856694 0 933 3 144115188075856693 250 0 3 0 5 0 31 2 1224979098644774912 144115188075856681 2133 2 144115188075856632 1 933 3 144115188075856681 250 68 927 2 144115188075856682 1 4 0 31 2 144115188075856635 1 2133 2 144115188075856626 0 927 2 144115188075856646 0 933 3 144115188075856645 250 0 3 0 4 0 31 2 144115188075856636 1 2133 2 144115188075856627 0 927 2 144115188075856652 0 933 3 144115188075856651 250 0 3 0 4 0 31 2 144115188075856637 1 2133 2 144115188075856628 0 927 2 144115188075856658 0 933 3 144115188075856657 250 0 3 0 4 0 31 2 144115188075856638 1 2133 2 144115188075856629 0 927 2 144115188075856664 0 933 3 144115188075856663 250 0 3 0 4 0 31 2 144115188075856639 1 2133 2 144115188075856630 0 927 2 144115188075856670 0 933 3 144115188075856669 250 0 3 0 4 0 31 2 144115188075856640 1 2133 2 144115188075856631 0 927 2 144115188075856676 0 933 3 144115188075856675 250 0 3 0 4 0 31 2 144115188075856642 1 2133 2 144115188075856633 0 927 2 144115188075856688 0 933 3 144115188075856687 250 0 3 0 4 0 31 2 144115188075856643 1 2133 2 144115188075856634 0 927 2 144115188075856694 0 933 3 144115188075856693 250 0 3 0 5 0 31 2 1224979098644774912 144115188075856687 2133 2 144115188075856633 1 933 3 144115188075856687 250 68 927 2 144115188075856688 1 4 0 31 2 144115188075856635 1 2133 2 144115188075856626 0 927 2 144115188075856646 0 933 3 144115188075856645 250 0 3 0 4 0 31 2 144115188075856636 1 2133 2 144115188075856627 0 927 2 144115188075856652 0 933 3 144115188075856651 250 0 3 0 4 0 31 2 144115188075856637 1 2133 2 144115188075856628 0 927 2 144115188075856658 0 933 3 144115188075856657 250 0 3 0 4 0 31 2 144115188075856638 1 2133 2 144115188075856629 0 927 2 144115188075856664 0 933 3 144115188075856663 250 0 3 0 4 0 31 2 144115188075856639 1 2133 2 144115188075856630 0 927 2 144115188075856670 0 933 3 144115188075856669 250 0 3 0 4 0 31 2 144115188075856640 1 2133 2 144115188075856631 0 927 2 144115188075856676 0 933 3 144115188075856675 250 0 3 0 4 0 31 2 144115188075856641 1 2133 2 144115188075856632 0 927 2 144115188075856682 0 933 3 144115188075856681 250 0 3 0 4 0 31 2 144115188075856643 1 2133 2 144115188075856634 0 927 2 144115188075856694 0 933 3 144115188075856693 250 0 3 0 5 0 31 2 1224979098644774912 144115188075856693 2133 2 144115188075856634 1 933 3 144115188075856693 250 68 927 2 144115188075856694 1 4 0 31 2 144115188075856635 1 2133 2 144115188075856626 0 927 2 144115188075856646 0 933 3 144115188075856645 250 0 3 0 4 0 31 2 144115188075856636 1 2133 2 144115188075856627 0 927 2 144115188075856652 0 933 3 144115188075856651 250 0 3 0 4 0 31 2 144115188075856637 1 2133 2 144115188075856628 0 927 2 144115188075856658 0 933 3 144115188075856657 250 0 3 0 4 0 31 2 144115188075856638 1 2133 2 144115188075856629 0 927 2 144115188075856664 0 933 3 144115188075856663 250 0 3 0 4 0 31 2 144115188075856639 1 2133 2 144115188075856630 0 927 2 144115188075856670 0 933 3 144115188075856669 250 0 3 0 4 0 31 2 144115188075856640 1 2133 2 144115188075856631 0 927 2 144115188075856676 0 933 3 144115188075856675 250 0 3 0 4 0 31 2 144115188075856641 1 2133 2 144115188075856632 0 927 2 144115188075856682 0 933 3 144115188075856681 250 0 3 0 4 0 31 2 144115188075856642 1 2133 2 144115188075856633 0 927 2 144115188075856688 0 933 3 144115188075856687 250 0 3 0 5 0 31 2 1224979098644774912 144115188075856699 4 0 31 2 1224979098644774913 4 1 4 936748722493063887 0 -1 0 5 0 31 2 1224979098644774913 3 1 4 936748722493063887 0 0 0 5 0 31 2 1224979098644774913 2 1 4 936748722493063887 0 1 0 5 0 31 2 1224979098644774913 1 1 4 936748722493063887 0 2 0 5 0 31 2 1224979098644774913 0 1 4 936748722493063887 0 3 0 3 0 5 0 1073741855 2 1224979098644774912 144115188075856700 31 2 1224979098644774912 144115188075856701 4 0 31 2 1224979098644774912 144115188075856700 2133 2 1224979098644774916 1 2133 2 1224979098644774917 72057594037927989 5 0 31 2 1224979098644774912 144115188075856701 2133 2 1224979098644774916 2 2133 2 1224979098644774917 72057594037927990 3 0 4 0 31 2 1224979098644774913 6 1 4 936748722493063887 1224979098644774916 -1 0 5 0 31 2 1224979098644774913 1 1 4 936748722493063887 1224979098644774916 3 0 5 0 31 2 1224979098644774913 0 1 4 936748722493063887 1224979098644774916 4 0 5 0 31 2 1224979098644774913 5 1 4 936748722493063887 1224979098644774916 5 1224979098644774917 1 4 936748722493063887 0 0 0 5 0 31 2 1224979098644774913 4 1 4 936748722493063887 1224979098644774916 6 1224979098644774917 1 4 936748722493063887 0 0 0 5 0 31 2 1224979098644774913 3 1 4 936748722493063887 1224979098644774916 7 1224979098644774917 5 0 31 2 1224979098644774913 2 1 4 936748722493063887 1224979098644774916 8 1224979098644774917 3 0 5 0 31 2 1224979098644774912 144115188075856706 4 0 31 2 1224979098644774913 4 1 4 936748722493063887 3 -1 0 5 0 31 2 1224979098644774913 3 1 4 936748722493063887 3 2 0 1 4 936748722493063887 0 0 0 5 0 31 2 1224979098644774913 2 1 4 936748722493063887 3 3 0 1 4 936748722493063887 0 0 0 5 0 31 2 1224979098644774913 1 1 4 936748722493063887 3 4 0 1 4 936748722493063887 0 0 0 5 0 31 2 1224979098644774913 0 1 4 936748722493063887 3 5 0 1 4 936748722493063887 0 0 0 3 0 5 0 31 2 1224979098644774912 144115188075856702 4 0 31 2 1224979098644774913 4 1 4 936748722493063887 4 -1 0 5 0 31 2 1224979098644774913 1 1 4 936748722493063887 4 2 0 5 0 31 2 1224979098644774913 0 1 4 936748722493063887 4 3 0 5 0 31 2 1224979098644774913 3 1 4 936748722493063887 4 0 0 5 0 31 2 1224979098644774913 2 1 4 936748722493063887 4 9 0 3 0 5 0 31 2 1224979098644774912 144115188075856703 4 0 31 2 1224979098644774913 4 1 4 936748722493063887 5 -1 0 5 0 31 2 1224979098644774913 3 1 4 936748722493063887 5 1 0 5 0 31 2 1224979098644774913 2 1 4 936748722493063887 5 2 0 5 0 31 2 1224979098644774913 1 1 4 936748722493063887 5 3 0 5 0 31 2 1224979098644774913 0 1 4 936748722493063887 5 0 0 3 0 5 0 31 2 1224979098644774912 144115188075856704 4 0 31 2 1224979098644774913 2 1 4 936748722493063887 6 -1 0 5 0 31 2 1224979098644774913 1 1 4 936748722493063887 6 4 0 5 0 31 2 1224979098644774913 0 1 4 936748722493063887 6 5 0 3 0 5 0 31 2 1224979098644774912 144115188075856705 4 0 31 2 1224979098644774913 1 1 4 936748722493063887 7 -1 0 5 0 31 2 1224979098644774913 0 1 4 936748722493063887 7 1 0 3 0 5 0 31 2 1224979098644774912 72057594037927987 2133 2 72057594037927989 1224979098644774913 5 0 31 2 1224979098644774912 72057594037927988 2133 2 72057594037927990 1224979098644774913 3 0 
-63.000000  219 2071 1 1224979098644774912 2072 1 1224979098644774913 4 0 31 2 1224979098644774912 144115188075856645 4 0 31 2 1224979098644774913 0 932 3 144115188075856648 250 16777215 932 3 144115188075856649 250 16777215 932 3 144115188075856650 250 16777215 932 3 72057594037927942 250 16777215 932 3 72057594037927951 250 16777215 932 3 72057594037927960 250 16777215 932 3 72057594037927969 250 16777215 932 3 72057594037927978 250 16777215 932 3 144115188075856647 250 16777215 5 0 932 3 144115188075856648 250 0 932 3 144115188075856649 250 0 932 3 144115188075856650 250 0 932 3 72057594037927942 250 0 932 3 72057594037927951 250 0 932 3 72057594037927960 250 0 932 3 72057594037927969 250 0 932 3 72057594037927978 250 0 932 3 144115188075856647 250 0 3 0 5 0 31 2 1224979098644774912 144115188075856651 4 0 31 2 1224979098644774913 0 932 3 144115188075856654 250 16777215 932 3 144115188075856655 250 16777215 932 3 144115188075856656 250 16777215 932 3 72057594037927943 250 16777215 932 3 72057594037927952 250 16777215 932 3 72057594037927961 250 16777215 932 3 72057594037927970 250 16777215 932 3 72057594037927979 250 16777215 932 3 144115188075856653 250 16777215 5 0 932 3 144115188075856654 250 0 932 3 144115188075856655 250 0 932 3 144115188075856656 250 0 932 3 72057594037927943 250 0 932 3 72057594037927952 250 0 932 3 72057594037927961 250 0 932 3 72057594037927970 250 0 932 3 72057594037927979 250 0 932 3 144115188075856653 250 0 3 0 5 0 31 2 1224979098644774912 144115188075856657 4 0 31 2 1224979098644774913 0 932 3 144115188075856660 250 16777215 932 3 144115188075856661 250 16777215 932 3 144115188075856662 250 16777215 932 3 72057594037927944 250 16777215 932 3 72057594037927953 250 16777215 932 3 72057594037927962 250 16777215 932 3 72057594037927971 250 16777215 932 3 72057594037927980 250 16777215 932 3 144115188075856659 250 16777215 5 0 932 3 144115188075856660 250 0 932 3 144115188075856661 250 0 932 3 144115188075856662 250 0 932 3 72057594037927944 250 0 932 3 72057594037927953 250 0 932 3 72057594037927962 250 0 932 3 72057594037927971 250 0 932 3 72057594037927980 250 0 932 3 144115188075856659 250 0 3 0 5 0 31 2 1224979098644774912 144115188075856663 4 0 31 2 1224979098644774913 0 932 3 144115188075856666 250 16777215 932 3 144115188075856667 250 16777215 932 3 144115188075856668 250 16777215 932 3 72057594037927945 250 16777215 932 3 72057594037927954 250 16777215 932 3 72057594037927963 250 16777215 932 3 72057594037927972 250 16777215 932 3 72057594037927981 250 16777215 932 3 144115188075856665 250 16777215 5 0 932 3 144115188075856666 250 0 932 3 144115188075856667 250 0 932 3 144115188075856668 250 0 932 3 72057594037927945 250 0 932 3 72057594037927954 250 0 932 3 72057594037927963 250 0 932 3 72057594037927972 250 0 932 3 72057594037927981 250 0 932 3 144115188075856665 250 0 3 0 5 0 31 2 1224979098644774912 144115188075856669 4 0 31 2 1224979098644774913 0 932 3 144115188075856672 250 16777215 932 3 144115188075856673 250 16777215 932 3 144115188075856674 250 16777215 932 3 72057594037927946 250 16777215 932 3 72057594037927955 250 16777215 932 3 72057594037927964 250 16777215 932 3 72057594037927973 250 16777215 932 3 72057594037927982 250 16777215 932 3 144115188075856671 250 16777215 5 0 932 3 144115188075856672 250 0 932 3 144115188075856673 250 0 932 3 144115188075856674 250 0 932 3 72057594037927946 250 0 932 3 72057594037927955 250 0 932 3 72057594037927964 250 0 932 3 72057594037927973 250 0 932 3 72057594037927982 250 0 932 3 144115188075856671 250 0 3 0 5 0 31 2 1224979098644774912 144115188075856675 4 0 31 2 1224979098644774913 0 932 3 144115188075856678 250 16777215 932 3 144115188075856679 250 16777215 932 3 144115188075856680 250 16777215 932 3 72057594037927947 250 16777215 932 3 72057594037927956 250 16777215 932 3 72057594037927965 250 16777215 932 3 72057594037927974 250 16777215 932 3 72057594037927983 250 16777215 932 3 144115188075856677 250 16777215 5 0 932 3 144115188075856678 250 0 932 3 144115188075856679 250 0 932 3 144115188075856680 250 0 932 3 72057594037927947 250 0 932 3 72057594037927956 250 0 932 3 72057594037927965 250 0 932 3 72057594037927974 250 0 932 3 72057594037927983 250 0 932 3 144115188075856677 250 0 3 0 5 0 31 2 1224979098644774912 144115188075856681 4 0 31 2 1224979098644774913 0 932 3 144115188075856684 250 16777215 932 3 144115188075856685 250 16777215 932 3 144115188075856686 250 16777215 932 3 72057594037927948 250 16777215 932 3 72057594037927957 250 16777215 932 3 72057594037927966 250 16777215 932 3 72057594037927975 250 16777215 932 3 72057594037927984 250 16777215 932 3 144115188075856683 250 16777215 5 0 932 3 144115188075856684 250 0 932 3 144115188075856685 250 0 932 3 144115188075856686 250 0 932 3 72057594037927948 250 0 932 3 72057594037927957 250 0 932 3 72057594037927966 250 0 932 3 72057594037927975 250 0 932 3 72057594037927984 250 0 932 3 144115188075856683 250 0 3 0 5 0 31 2 1224979098644774912 144115188075856687 4 0 31 2 1224979098644774913 0 932 3 144115188075856690 250 16777215 932 3 144115188075856691 250 16777215 932 3 144115188075856692 250 16777215 932 3 72057594037927949 250 16777215 932 3 72057594037927958 250 16777215 932 3 72057594037927967 250 16777215 932 3 72057594037927976 250 16777215 932 3 72057594037927985 250 16777215 932 3 144115188075856689 250 16777215 5 0 932 3 144115188075856690 250 0 932 3 144115188075856691 250 0 932 3 144115188075856692 250 0 932 3 72057594037927949 250 0 932 3 72057594037927958 250 0 932 3 72057594037927967 250 0 932 3 72057594037927976 250 0 932 3 72057594037927985 250 0 932 3 144115188075856689 250 0 3 0 5 0 31 2 1224979098644774912 144115188075856693 4 0 31 2 1224979098644774913 0 932 3 144115188075856696 250 16777215 932 3 144115188075856697 250 16777215 932 3 144115188075856698 250 16777215 932 3 72057594037927950 250 16777215 932 3 72057594037927959 250 16777215 932 3 72057594037927968 250 16777215 932 3 72057594037927977 250 16777215 932 3 72057594037927986 250 16777215 932 3 144115188075856695 250 16777215 5 0 932 3 144115188075856696 250 0 932 3 144115188075856697 250 0 932 3 144115188075856698 250 0 932 3 72057594037927950 250 0 932 3 72057594037927959 250 0 932 3 72057594037927968 250 0 932 3 72057594037927977 250 0 932 3 72057594037927986 250 0 932 3 144115188075856695 250 0 3 0 3 0 
-61.000000  6 4 0 71 1 1 501 3 648518346341351424 231 0 2060 1 144115188075856193 902 1 0 3 0 


prsnt_pbod_preferences 0 53 3
-60.000000  385 902 1 999999 2124 1 1000 4 0 541 3 648518346341351424 72 0 1 1 936748722493063892 501 3 648518346341351424 72 1 3 0 2319 1 0 910 3 72057594037927936 0 8192 729 2 1 50 730 2 1 50 926 2 72057594037927936 1 729 2 1 550 730 2 1 630 929 2 72057594037927936 1 945 1 72057594037927936 2133 2 1224979098644774912 19 2105 2 1224979098644774912 2 2133 2 1224979098644774913 50 2123 3 1224979098644774914 1224979098644774913 2 2122 3 1224979098644774915 1224979098644774913 1224979098644774912 2121 3 1224979098644774916 1224979098644774915 5 729 2 1 50 910 3 72057594037927936 1585267068834415877 4096 730 2 1 1224979098644774915 926 2 72057594037927936 1 2106 2 1224979098644774915 1224979098644774913 2133 2 1224979098644774917 1224979098644774915 2106 2 1224979098644774915 20 910 3 72057594037927936 1585267068834415878 4096 730 2 1 1224979098644774915 926 2 72057594037927936 1 2106 2 1224979098644774915 1224979098644774913 2133 2 144115188075857329 72057594037927936 910 3 72057594037927936 1585267068834415879 4096 730 2 1 1224979098644774915 926 2 72057594037927936 1 2106 2 1224979098644774915 1224979098644774913 910 3 72057594037927936 1585267068834415880 4096 730 2 1 1224979098644774915 926 2 72057594037927936 1 2106 2 1224979098644774915 1224979098644774913 2120 3 1224979098644774918 1224979098644774915 1224979098644774914 910 3 72057594037927936 1585267068834415881 4096 730 2 1 1224979098644774915 926 2 72057594037927936 1 2106 2 1224979098644774915 1224979098644774913 910 3 72057594037927936 1585267068834415882 4096 730 2 1 1224979098644774915 926 2 72057594037927936 1 2106 2 1224979098644774915 1224979098644774913 910 3 72057594037927936 1585267068834415883 4096 730 2 1 1224979098644774915 926 2 72057594037927936 1 2106 2 1224979098644774915 1224979098644774913 910 3 72057594037927936 1585267068834415884 4096 730 2 1 1224979098644774915 926 2 72057594037927936 1 2106 2 1224979098644774915 1224979098644774913 910 3 72057594037927936 1585267068834415885 4096 730 2 1 1224979098644774915 926 2 72057594037927936 1 2106 2 1224979098644774915 1224979098644774913 910 3 72057594037927936 1585267068834415886 4096 730 2 1 1224979098644774915 926 2 72057594037927936 1 2106 2 1224979098644774915 1224979098644774913 910 3 72057594037927936 1585267068834415887 4096 730 2 1 1224979098644774915 926 2 72057594037927936 1 2106 2 1224979098644774915 1224979098644774913 2120 3 1224979098644774919 1224979098644774915 1224979098644774914 910 3 72057594037927936 1585267068834415888 4096 730 2 1 1224979098644774915 926 2 72057594037927936 1 2106 2 1224979098644774915 1224979098644774913 910 3 72057594037927936 1585267068834415889 4096 730 2 1 1224979098644774915 926 2 72057594037927936 1 2106 2 1224979098644774915 1224979098644774913 910 3 72057594037927936 1585267068834415890 4096 730 2 1 1224979098644774915 926 2 72057594037927936 1 2106 2 1224979098644774915 1224979098644774913 910 3 72057594037927936 1585267068834415891 4096 730 2 1 1224979098644774915 926 2 72057594037927936 1 2106 2 1224979098644774915 1224979098644774913 2120 3 1224979098644774920 1224979098644774915 1224979098644774914 910 3 72057594037927936 1585267068834415892 4096 730 2 1 1224979098644774915 926 2 72057594037927936 1 2106 2 1224979098644774915 1224979098644774913 910 3 72057594037927936 1585267068834415893 4096 730 2 1 1224979098644774915 926 2 72057594037927936 1 2106 2 1224979098644774915 1224979098644774913 2120 3 1224979098644774921 1224979098644774915 1224979098644774914 910 3 72057594037927936 1585267068834415894 4096 730 2 1 1224979098644774915 926 2 72057594037927936 1 2106 2 1224979098644774915 1224979098644774913 910 3 72057594037927936 1585267068834415895 4096 730 2 1 1224979098644774915 926 2 72057594037927936 1 2106 2 1224979098644774915 1224979098644774913 910 3 72057594037927936 1585267068834415896 4096 730 2 1 1224979098644774915 926 2 72057594037927936 1 2106 2 1224979098644774915 1224979098644774913 911 2 72057594037927936 1441151880758558776 729 2 1 23500 730 2 1 100 925 2 72057594037927936 1 729 2 1 50 730 2 1 1224979098644774917 926 2 72057594037927936 1 921 2 72057594037927936 0 911 2 72057594037927936 1441151880758558776 729 2 1 23500 730 2 1 100 925 2 72057594037927936 1 729 2 1 50 730 2 1 1224979098644774918 926 2 72057594037927936 1 921 2 72057594037927936 0 911 2 72057594037927936 1441151880758558776 729 2 1 23500 730 2 1 100 925 2 72057594037927936 1 729 2 1 50 730 2 1 1224979098644774919 926 2 72057594037927936 1 921 2 72057594037927936 0 911 2 72057594037927936 1441151880758558776 729 2 1 23500 730 2 1 100 925 2 72057594037927936 1 729 2 1 50 730 2 1 1224979098644774920 926 2 72057594037927936 1 921 2 72057594037927936 0 911 2 72057594037927936 1441151880758558776 729 2 1 23500 730 2 1 100 925 2 72057594037927936 1 729 2 1 50 730 2 1 1224979098644774921 926 2 72057594037927936 1 921 2 72057594037927936 0 729 2 1 450 2133 2 144115188075856574 72057594037927936 2106 2 1224979098644774916 1224979098644774913 2106 2 1224979098644774916 23 918 3 72057594037927936 1441151880758558774 1441151880758558775 730 2 1 1224979098644774916 926 2 72057594037927936 1 2106 2 1224979098644774916 1224979098644774913 918 3 72057594037927936 1441151880758558774 1441151880758558775 730 2 1 1224979098644774916 926 2 72057594037927936 1 2106 2 1224979098644774916 1224979098644774913 918 3 72057594037927936 1441151880758558774 1441151880758558775 730 2 1 1224979098644774916 926 2 72057594037927936 1 2106 2 1224979098644774916 1224979098644774913 918 3 72057594037927936 1441151880758558774 1441151880758558775 730 2 1 1224979098644774916 926 2 72057594037927936 1 2106 2 1224979098644774916 1224979098644774913 916 1 72057594037927936 729 2 1 485 2106 2 1224979098644774916 8 730 2 1 1224979098644774916 926 2 72057594037927936 1 729 2 1 700 730 2 1 800 925 2 72057594037927936 1 6 3 1224979098644774922 0 9 2346 2 1 1224979098644774922 931 2 72057594037927936 1 3 0 931 2 72057594037927936 1585267068834415897 729 2 1 450 2105 2 1224979098644774916 8 2106 2 1224979098644774916 1224979098644774913 916 1 72057594037927936 729 2 1 485 2106 2 1224979098644774916 8 730 2 1 1224979098644774916 926 2 72057594037927936 1 729 2 1 700 730 2 1 800 925 2 72057594037927936 1 6 3 1224979098644774922 0 9 2346 2 1 1224979098644774922 931 2 72057594037927936 1 3 0 931 2 72057594037927936 1585267068834415897 729 2 1 450 2105 2 1224979098644774916 8 2106 2 1224979098644774916 1224979098644774913 918 3 72057594037927936 1441151880758558774 1441151880758558775 730 2 1 1224979098644774916 926 2 72057594037927936 1 2106 2 1224979098644774916 1224979098644774913 918 3 72057594037927936 1441151880758558774 1441151880758558775 730 2 1 1224979098644774916 926 2 72057594037927936 1 2106 2 1224979098644774916 1224979098644774913 916 1 72057594037927936 729 2 1 485 2106 2 1224979098644774916 8 730 2 1 1224979098644774916 926 2 72057594037927936 1 729 2 1 700 730 2 1 800 925 2 72057594037927936 1 931 2 72057594037927936 1585267068834415897 931 2 72057594037927936 1585267068834415898 931 2 72057594037927936 1585267068834415899 729 2 1 450 2105 2 1224979098644774916 8 2106 2 1224979098644774916 1224979098644774913 916 1 72057594037927936 729 2 1 485 2106 2 1224979098644774916 8 730 2 1 1224979098644774916 926 2 72057594037927936 1 729 2 1 700 730 2 1 800 925 2 72057594037927936 1 931 2 72057594037927936 1585267068834415897 931 2 72057594037927936 1585267068834415899 931 2 72057594037927936 1585267068834415900 729 2 1 450 2105 2 1224979098644774916 8 2106 2 1224979098644774916 1224979098644774913 918 3 72057594037927936 1441151880758558774 1441151880758558775 730 2 1 1224979098644774916 926 2 72057594037927936 1 2106 2 1224979098644774916 1224979098644774913 918 3 72057594037927936 1441151880758558774 1441151880758558775 730 2 1 1224979098644774916 926 2 72057594037927936 1 2106 2 1224979098644774916 1224979098644774913 918 3 72057594037927936 1441151880758558774 1441151880758558775 730 2 1 1224979098644774916 926 2 72057594037927936 1 2106 2 1224979098644774916 1224979098644774913 918 3 72057594037927936 1441151880758558774 1441151880758558775 730 2 1 1224979098644774916 926 2 72057594037927936 1 2106 2 1224979098644774916 1224979098644774913 918 3 72057594037927936 1441151880758558774 1441151880758558775 730 2 1 1224979098644774916 926 2 72057594037927936 1 2106 2 1224979098644774916 1224979098644774913 918 3 72057594037927936 1441151880758558774 1441151880758558775 730 2 1 1224979098644774916 926 2 72057594037927936 1 2106 2 1224979098644774916 1224979098644774913 918 3 72057594037927936 1441151880758558774 1441151880758558775 730 2 1 1224979098644774916 926 2 72057594037927936 1 927 2 72057594037927936 144115188075856758 2106 2 1224979098644774916 1224979098644774913 918 3 72057594037927936 1441151880758558774 1441151880758558775 730 2 1 1224979098644774916 926 2 72057594037927936 1 927 2 72057594037927936 144115188075856163 2106 2 1224979098644774916 1224979098644774913 916 1 72057594037927936 729 2 1 485 2106 2 1224979098644774916 8 730 2 1 1224979098644774916 926 2 72057594037927936 1 729 2 1 700 730 2 1 800 925 2 72057594037927936 1 931 2 72057594037927936 1585267068834415901 931 2 72057594037927936 1585267068834415902 931 2 72057594037927936 1585267068834415903 729 2 1 450 2105 2 1224979098644774916 8 2106 2 1224979098644774916 1224979098644774913 945 1 -1 521 3 1224979098644774923 648518346341351424 78 521 3 1224979098644774924 648518346341351424 79 521 3 1224979098644774925 648518346341351424 80 521 3 1224979098644774926 648518346341351424 81 521 3 1224979098644774927 648518346341351424 83 521 3 1224979098644774928 648518346341351424 84 521 3 1224979098644774929 648518346341351424 85 521 3 1224979098644774930 648518346341351424 76 521 3 1224979098644774931 648518346341351424 77 521 3 1224979098644774932 648518346341351424 82 521 3 1224979098644774933 648518346341351424 86 521 3 1224979098644774934 648518346341351424 87 521 3 1224979098644774935 648518346341351424 88 521 3 1224979098644774936 648518346341351424 89 521 3 1224979098644774937 648518346341351424 90 521 3 1224979098644774938 648518346341351424 91 521 3 1224979098644774939 648518346341351424 92 2120 3 1224979098644774940 144115188075856574 1 927 2 1224979098644774940 1224979098644774923 2105 2 1224979098644774940 1 927 2 1224979098644774940 1224979098644774924 2105 2 1224979098644774940 1 927 2 1224979098644774940 1224979098644774925 2105 2 1224979098644774940 1 927 2 1224979098644774940 1224979098644774926 2105 2 1224979098644774940 1 927 2 1224979098644774940 1224979098644774930 2105 2 1224979098644774940 1 927 2 1224979098644774940 1224979098644774931 2105 2 1224979098644774940 1 927 2 1224979098644774940 1224979098644774934 2105 2 1224979098644774940 1 927 2 1224979098644774940 1224979098644774928 2105 2 1224979098644774940 1 927 2 1224979098644774940 1224979098644774929 2105 2 1224979098644774940 1 927 2 1224979098644774940 1224979098644774932 2105 2 1224979098644774940 1 927 2 1224979098644774940 1224979098644774936 2105 2 1224979098644774940 1 927 2 1224979098644774940 1224979098644774937 2105 2 1224979098644774940 1 927 2 1224979098644774940 1224979098644774938 2105 2 1224979098644774940 1 927 2 1224979098644774940 1224979098644774939 2105 2 1224979098644774940 1 927 2 1224979098644774940 1224979098644774927 2105 2 1224979098644774940 1 927 2 1224979098644774940 1224979098644774933 2105 2 1224979098644774940 3 927 2 1224979098644774940 1224979098644774935 910 3 72057594037927936 1585267068834415904 65552 921 2 72057594037927936 4294967295 729 2 1 800 730 2 1 600 926 2 72057594037927936 1 729 2 1 2000 730 2 1 2000 925 2 72057594037927936 1 2123 3 72057594037927936 963 10 2119 3 72057594037927937 963 10 4 0 31 2 72057594037927937 0 2320 2 1 216172782113785522 5 0 2320 2 1 1585267068834414598 3 0 2320 2 1 1585267068834415905 910 3 72057594037927936 1 65552 921 2 72057594037927936 4294967295 729 2 1 800 730 2 1 570 926 2 72057594037927936 1 729 2 1 900 730 2 1 900 925 2 72057594037927936 1 2320 2 0 1585267068834415906 910 3 144115188075856577 0 10240 729 2 1 650 730 2 1 400 926 2 144115188075856577 1 729 2 1 800 730 2 1 800 925 2 144115188075856577 1 729 2 1 300 730 2 1 150 929 2 144115188075856577 1 729 2 1 900 730 2 1 25 940 3 144115188075856575 1585267068834415907 16 926 2 144115188075856575 1 729 2 1 740 940 3 72057594037927936 1585267068834415908 16 926 2 72057594037927936 1 729 2 1 900 730 2 1 75 940 3 72057594037927936 1585267068834415909 16 926 2 72057594037927936 1 
-62.000000  99 2071 1 1224979098644774912 2072 1 1224979098644774913 4 0 31 2 1224979098644774912 144115188075856575 902 1 0 5 0 2120 3 1224979098644774914 144115188075856575 1 31 2 1224979098644774912 1224979098644774914 1 1 936748722493063892 4 0 31 2 144115188075857037 1 902 1 0 3 0 900 1 1513209474796486692 5 0 2105 2 1224979098644774914 1 31 2 1224979098644774912 1224979098644774914 4 0 31 2 144115188075857037 1 902 1 0 3 0 900 1 1513209474796486693 5 0 2120 3 1224979098644774914 144115188075856574 1 31 2 1224979098644774912 1224979098644774914 501 3 648518346341351424 78 1224979098644774913 5 0 2105 2 1224979098644774914 1 31 2 1224979098644774912 1224979098644774914 501 3 648518346341351424 79 1224979098644774913 5 0 2105 2 1224979098644774914 1 31 2 1224979098644774912 1224979098644774914 501 3 648518346341351424 80 1224979098644774913 5 0 2105 2 1224979098644774914 1 31 2 1224979098644774912 1224979098644774914 501 3 648518346341351424 81 1224979098644774913 5 0 2105 2 1224979098644774914 1 31 2 1224979098644774912 1224979098644774914 501 3 648518346341351424 76 1224979098644774913 5 0 2105 2 1224979098644774914 1 31 2 1224979098644774912 1224979098644774914 501 3 648518346341351424 77 1224979098644774913 5 0 2105 2 1224979098644774914 1 31 2 1224979098644774912 1224979098644774914 501 3 648518346341351424 87 1224979098644774913 5 0 2105 2 1224979098644774914 1 31 2 1224979098644774912 1224979098644774914 501 3 648518346341351424 84 1224979098644774913 5 0 2105 2 1224979098644774914 1 31 2 1224979098644774912 1224979098644774914 501 3 648518346341351424 85 1224979098644774913 5 0 2105 2 1224979098644774914 1 31 2 1224979098644774912 1224979098644774914 501 3 648518346341351424 82 1224979098644774913 5 0 2105 2 1224979098644774914 1 31 2 1224979098644774912 1224979098644774914 501 3 648518346341351424 89 1224979098644774913 5 0 2105 2 1224979098644774914 1 31 2 1224979098644774912 1224979098644774914 501 3 648518346341351424 90 1224979098644774913 5 0 2105 2 1224979098644774914 1 31 2 1224979098644774912 1224979098644774914 501 3 648518346341351424 91 1224979098644774913 5 0 2105 2 1224979098644774914 1 31 2 1224979098644774912 1224979098644774914 501 3 648518346341351424 92 1224979098644774913 5 0 2105 2 1224979098644774914 1 31 2 1224979098644774912 1224979098644774914 501 3 648518346341351424 83 1224979098644774913 5 0 2105 2 1224979098644774914 1 31 2 1224979098644774912 1224979098644774914 501 3 648518346341351424 86 1224979098644774913 5 0 2105 2 1224979098644774914 1 31 2 1224979098644774912 1224979098644774914 2133 2 144115188075856758 1224979098644774913 5 0 2105 2 1224979098644774914 1 31 2 1224979098644774912 1224979098644774914 2133 2 144115188075856163 1224979098644774913 5 0 2105 2 1224979098644774914 1 31 2 1224979098644774912 1224979098644774914 501 3 648518346341351424 88 1224979098644774913 3 0 
-63.000000  127 2071 1 1224979098644774912 2072 1 1224979098644774913 4 0 31 2 1224979098644774913 1 5 0 31 2 1224979098644774913 0 2120 3 1224979098644774914 144115188075856574 1 2133 2 1224979098644774915 144115188075857329 4 0 2147483678 2 1224979098644774912 1224979098644774915 920 2 144115188075856577 1585267068834415906 5 0 1073741855 2 1224979098644774912 1224979098644774915 31 2 1224979098644774912 1224979098644774914 920 2 144115188075856577 1585267068834415910 5 0 2105 2 1224979098644774914 1 2105 2 1224979098644774915 1 1073741855 2 1224979098644774912 1224979098644774915 31 2 1224979098644774912 1224979098644774914 920 2 144115188075856577 1585267068834415911 5 0 2105 2 1224979098644774914 1 2105 2 1224979098644774915 1 1073741855 2 1224979098644774912 1224979098644774915 31 2 1224979098644774912 1224979098644774914 920 2 144115188075856577 1585267068834415912 5 0 2105 2 1224979098644774914 1 2105 2 1224979098644774915 1 1073741855 2 1224979098644774912 1224979098644774915 31 2 1224979098644774912 1224979098644774914 920 2 144115188075856577 1585267068834415913 5 0 2105 2 1224979098644774914 1 2105 2 1224979098644774915 1 1073741855 2 1224979098644774912 1224979098644774915 31 2 1224979098644774912 1224979098644774914 920 2 144115188075856577 1585267068834415914 5 0 2105 2 1224979098644774914 1 2105 2 1224979098644774915 1 1073741855 2 1224979098644774912 1224979098644774915 31 2 1224979098644774912 1224979098644774914 920 2 144115188075856577 1585267068834415915 5 0 2105 2 1224979098644774914 1 2105 2 1224979098644774915 1 1073741855 2 1224979098644774912 1224979098644774915 31 2 1224979098644774912 1224979098644774914 920 2 144115188075856577 1585267068834415916 5 0 2105 2 1224979098644774914 1 2105 2 1224979098644774915 1 1073741855 2 1224979098644774912 1224979098644774915 31 2 1224979098644774912 1224979098644774914 920 2 144115188075856577 1585267068834415917 5 0 2105 2 1224979098644774914 1 2105 2 1224979098644774915 1 1073741855 2 1224979098644774912 1224979098644774915 31 2 1224979098644774912 1224979098644774914 920 2 144115188075856577 1585267068834415918 5 0 2105 2 1224979098644774914 1 2105 2 1224979098644774915 1 1073741855 2 1224979098644774912 1224979098644774915 31 2 1224979098644774912 1224979098644774914 920 2 144115188075856577 1585267068834415919 5 0 2105 2 1224979098644774914 1 2105 2 1224979098644774915 1 1073741855 2 1224979098644774912 1224979098644774915 31 2 1224979098644774912 1224979098644774914 920 2 144115188075856577 1585267068834415920 5 0 2105 2 1224979098644774914 1 2105 2 1224979098644774915 1 1073741855 2 1224979098644774912 1224979098644774915 31 2 1224979098644774912 1224979098644774914 920 2 144115188075856577 1585267068834415920 5 0 2105 2 1224979098644774914 1 2105 2 1224979098644774915 1 1073741855 2 1224979098644774912 1224979098644774915 31 2 1224979098644774912 1224979098644774914 920 2 144115188075856577 1585267068834415920 5 0 2105 2 1224979098644774914 1 2105 2 1224979098644774915 1 1073741855 2 1224979098644774912 1224979098644774915 31 2 1224979098644774912 1224979098644774914 920 2 144115188075856577 1585267068834415920 5 0 2105 2 1224979098644774914 1 2105 2 1224979098644774915 1 1073741855 2 1224979098644774912 1224979098644774915 31 2 1224979098644774912 1224979098644774914 920 2 144115188075856577 1585267068834415921 5 0 2105 2 1224979098644774914 1 2105 2 1224979098644774915 1 1073741855 2 1224979098644774912 1224979098644774915 31 2 1224979098644774912 1224979098644774914 920 2 144115188075856577 1585267068834415922 5 0 2105 2 1224979098644774914 1 2105 2 1224979098644774915 1 1073741855 2 1224979098644774912 1224979098644774915 31 2 1224979098644774912 1224979098644774914 920 2 144115188075856577 1585267068834415923 5 0 2105 2 1224979098644774914 1 2105 2 1224979098644774915 1 1073741855 2 1224979098644774912 1224979098644774915 31 2 1224979098644774912 1224979098644774914 920 2 144115188075856577 1585267068834415924 5 0 2105 2 1224979098644774914 1 2105 2 1224979098644774915 1 1073741855 2 1224979098644774912 1224979098644774915 31 2 1224979098644774912 1224979098644774914 920 2 144115188075856577 1585267068834415925 5 0 920 2 144115188075856577 1585267068834415906 3 0 3 0 


prsnt_pbod_redefine_keys 0 53 3
-60.000000  170 902 1 999999 2124 1 1000 2133 2 144115188075856401 0 1 1 936748722493063910 701 1 1 730 2 1 650 729 2 1 500 729 2 2 2000 730 2 2 2000 910 3 72057594037927936 1585267068834415926 16 921 2 72057594037927936 0 926 2 72057594037927936 1 925 2 72057594037927936 2 730 2 1 100 729 2 1 100 729 2 2 1000 730 2 2 1000 910 3 144115188075856402 1585267068834415927 4 926 2 144115188075856402 1 925 2 144115188075856402 2 921 2 144115188075856402 6291456 922 2 144115188075856402 0 730 2 1 600 4 0 2147483680 2 18 20 729 2 2 1000 730 2 2 1000 729 2 1 50 5 0 729 2 2 750 730 2 2 750 729 2 1 25 3 0 729 2 3 120 730 2 3 28 6 3 1224979098644774912 0 18 2120 3 1224979098644774913 1224979098644774912 216172782113787849 2120 3 1224979098644774914 1224979098644774912 36 2120 3 1224979098644774915 1224979098644774914 18 910 3 72057594037927936 1224979098644774913 4 500 3 360287970189640693 1224979098644774915 72057594037927936 926 2 72057594037927936 1 925 2 72057594037927936 2 4 0 2147483680 2 18 20 720 2 1 35 5 0 720 2 1 24 3 0 940 3 72057594037927936 216172782113783808 16 500 3 360287970189640693 1224979098644774914 72057594037927936 926 2 72057594037927936 1 925 2 72057594037927936 3 4 0 2147483680 2 18 20 720 2 1 -35 5 0 720 2 1 -24 3 0 721 2 1 -4 4 0 2147483680 2 18 20 2119 3 1224979098644774913 18 2 4 0 31 2 1224979098644774912 9 31 2 1224979098644774913 1 2133 2 1224979098644774916 10 2107 2 1224979098644774916 4 721 2 1 1224979098644774916 720 2 1 50 5 0 31 2 1224979098644774912 8 31 2 1224979098644774913 0 2133 2 1224979098644774916 9 2107 2 1224979098644774916 4 721 2 1 1224979098644774916 720 2 1 50 3 0 5 0 2119 3 1224979098644774913 18 3 4 0 31 2 1224979098644774913 0 4 0 31 2 1224979098644774912 5 2133 2 1224979098644774916 6 2107 2 1224979098644774916 4 721 2 1 1224979098644774916 720 2 1 33 5 0 31 2 1224979098644774912 11 2133 2 1224979098644774916 6 2107 2 1224979098644774916 4 721 2 1 1224979098644774916 720 2 1 33 3 0 5 0 31 2 1224979098644774913 1 4 0 31 2 1224979098644774912 6 2133 2 1224979098644774916 7 2107 2 1224979098644774916 4 721 2 1 1224979098644774916 720 2 1 33 5 0 31 2 1224979098644774912 12 2133 2 1224979098644774916 6 2107 2 1224979098644774916 4 721 2 1 1224979098644774916 720 2 1 33 3 0 5 0 31 2 1224979098644774913 2 4 0 31 2 1224979098644774912 6 2133 2 1224979098644774916 7 2107 2 1224979098644774916 4 721 2 1 1224979098644774916 720 2 1 33 5 0 31 2 1224979098644774912 13 2133 2 1224979098644774916 7 2107 2 1224979098644774916 4 721 2 1 1224979098644774916 720 2 1 33 3 0 3 0 3 0 3 0 1 1 936748722493063911 1 1 936748722493063909 910 3 72057594037927937 1585267068834415928 4 4 0 2147483680 2 18 20 729 2 1 50 5 0 729 2 1 33 3 0 721 2 1 -8 926 2 72057594037927937 1 925 2 72057594037927937 2 4 0 2147483680 2 18 20 720 2 1 38 5 0 720 2 1 27 3 0 914 3 72057594037927938 1 10 926 2 72057594037927938 1 729 2 3 700 730 2 3 700 925 2 72057594037927938 3 4 0 2147483681 3 144115188075857184 1 11 2133 2 144115188075857184 3 3 0 2121 3 1224979098644774917 11 144115188075857184 927 2 72057594037927938 1224979098644774917 940 3 144115188075856403 1585267068834415929 16 940 3 144115188075856404 1585267068834415930 16 940 3 144115188075856405 1585267068834415901 16 940 2 144115188075856406 1585267068834415931 730 2 1 25 729 2 1 900 926 2 144115188075856403 1 729 2 1 740 926 2 144115188075856404 1 729 2 1 580 926 2 144115188075856405 1 729 2 1 420 926 2 144115188075856406 1 
-62.000000  50 2071 1 1224979098644774912 2133 2 1224979098644774913 0 2120 3 1224979098644774914 36 18 6 3 1224979098644774915 36 1224979098644774914 540 3 360287970189640693 1224979098644774915 1224979098644774912 2133 2 144115188075856401 1 2133 2 144115188075856399 1224979098644774912 920 3 144115188075856399 1585267068834415932 16 921 2 144115188075856399 255 923 2 144115188075856399 255 2121 3 144115188075856400 1224979098644774915 18 2133 2 1224979098644774913 1224979098644774915 2133 2 1224979098644774914 1224979098644774915 3 0 4 0 32 2 1224979098644774913 0 5 0 2121 3 1224979098644774916 144115188075856403 1 31 2 1224979098644774912 1224979098644774916 2072 1 1224979098644774917 2121 3 144115188075857184 11 1224979098644774917 927 2 1224979098644774916 1224979098644774917 5 0 31 2 1224979098644774912 144115188075856403 1 1 936748722493063912 1 1 936748722493063909 4 0 31 2 144115188075857037 1 902 1 0 3 0 900 1 1513209474796486692 5 0 31 2 1224979098644774912 144115188075856404 1 1 936748722493063911 1 1 936748722493063909 5 0 31 2 1224979098644774912 144115188075856405 1 1 936748722493063913 1 1 936748722493063909 5 0 31 2 1224979098644774912 144115188075856406 6 3 1224979098644774918 18 36 500 3 360287970189640693 1224979098644774918 255 3 0 1 1 936748722493063909 3 0 4 0 31 2 144115188075856401 1 922 2 144115188075856402 255 3 0 
-61.000000  32 31 2 144115188075856401 1 2133 2 144115188075856401 0 2133 2 1224979098644774912 0 2120 3 1224979098644774913 72 108 6 3 1224979098644774914 72 1224979098644774913 520 3 1224979098644774915 360287970189640693 1224979098644774914 71 1 1224979098644774915 500 3 360287970189640693 144115188075856400 1224979098644774915 2133 2 1224979098644774912 1224979098644774915 2133 2 1224979098644774913 1224979098644774914 3 0 4 0 32 2 1224979098644774912 0 5 0 71 1 1 500 3 360287970189640693 144115188075856400 255 5 0 2133 2 144115188075856401 1 3 0 4 0 31 2 144115188075856401 0 6 3 1224979098644774914 18 36 2147483679 2 1224979098644774914 144115188075856400 2147483681 3 144115188075856400 24 26 2147483681 3 1224979098644774914 24 26 540 3 360287970189640693 1224979098644774914 1224979098644774912 500 3 360287970189640693 1224979098644774914 255 3 0 923 2 144115188075856399 65280 922 2 144115188075856402 0 1 1 936748722493063909 3 0 


prsnt_caba_order_display 3 0 2
-60.000000  125 2124 1 1000 6 3 1224979098644774912 0 9 500 3 360287970189640752 1224979098644774912 -1 3 0 1 1 936748722493063910 3100 2 72057594037927936 26 1 3 936748722493063915 10 72057594037927936 3100 2 72057594037927936 27 1 3 936748722493063915 11 72057594037927936 3100 2 72057594037927936 28 1 3 936748722493063915 12 72057594037927936 1 3 936748722493063915 13 144115188075857174 1 3 936748722493063915 14 144115188075857175 1 3 936748722493063915 15 144115188075857274 2133 2 1224979098644774913 560 4 0 549 3 2 467 0 4 0 3600 1 72057594037927936 1073741855 2 72057594037927936 792633534417207305 2320 2 1 1585267068834415933 2320 2 2 1585267068834415934 2320 2 3 1585267068834415935 2320 2 4 1585267068834415936 2320 2 5 1585267068834415937 2133 2 1224979098644774914 5 5 0 2320 2 1 1585267068834415934 2320 2 2 1585267068834415935 2320 2 3 1585267068834415937 2133 2 1224979098644774914 3 3 0 2133 2 1224979098644774913 473 5 0 549 3 2 467 26 2320 2 1 1585267068834415938 2320 2 2 1585267068834415939 2320 2 3 1585267068834415940 2320 2 4 1585267068834415941 2320 2 5 1585267068834415942 2320 2 6 1585267068834415943 2133 2 1224979098644774914 6 5 0 549 3 2 467 27 2320 2 1 1585267068834415944 2320 2 2 1585267068834415945 2320 2 3 1585267068834415946 2320 2 4 1585267068834415947 2320 2 5 1585267068834415943 2133 2 1224979098644774914 5 5 0 549 3 2 467 28 2320 2 1 1585267068834415948 2320 2 2 1585267068834415949 2320 2 3 1585267068834415950 2320 2 4 1585267068834415943 2133 2 1224979098644774914 4 5 0 549 3 2 467 144115188075857174 2320 2 1 1585267068834415951 2320 2 2 1585267068834415952 2320 2 3 1585267068834415953 2320 2 4 1585267068834415954 2320 2 5 1585267068834415943 2133 2 1224979098644774914 5 5 0 549 3 2 467 144115188075857175 2320 2 1 1585267068834415955 2320 2 2 1585267068834415956 2320 2 3 1585267068834415957 2320 2 4 1585267068834415958 2320 2 5 1585267068834415943 2133 2 1224979098644774914 5 5 0 549 3 2 467 24 2320 2 1 1585267068834415959 2320 2 2 1585267068834415960 2320 2 3 1585267068834415943 2133 2 1224979098644774914 3 2133 2 1224979098644774913 383 5 0 549 3 2 467 25 2320 2 1 1585267068834415961 2320 2 2 1585267068834415962 2320 2 3 1585267068834415963 2320 2 4 1585267068834415943 2133 2 1224979098644774914 4 2133 2 1224979098644774913 443 3 0 529 3 1224979098644774915 2 467 509 3 3 467 1224979098644774915 4 0 2147483679 2 1224979098644774915 0 2147483679 2 1224979098644774915 24 2147483679 2 1224979098644774915 25 1789 0 3 0 6 3 1224979098644774912 0 1224979098644774914 2120 3 1224979098644774916 1224979098644774912 1 2321 2 0 1224979098644774916 910 2 1224979098644774917 0 921 2 1224979098644774917 16777215 729 2 1 1000 730 2 1 1000 925 2 1224979098644774917 1 729 2 1 0 730 2 1 1224979098644774913 926 2 1224979098644774917 1 500 3 360287970189640752 1224979098644774912 1224979098644774917 2106 2 1224979098644774913 30 3 0 2122 3 1224979098644774918 30 1224979098644774914 2105 2 1224979098644774913 1224979098644774918 2106 2 1224979098644774913 3 6 3 1224979098644774912 0 1224979098644774914 911 2 1224979098644774917 1441151880758559296 729 2 1 700 730 2 1 700 925 2 1224979098644774917 1 729 2 1 0 730 2 1 1224979098644774913 926 2 1224979098644774917 1 2106 2 1224979098644774913 30 3 0 902 1 999999 
-61.000000  105 2071 1 1224979098644774912 32 2 1224979098644774912 50 4 0 1073741895 1 1 1073741895 1 144115188075857274 1073741897 1 23 1073741897 1 24 1073741897 1 25 1073741897 1 30 1073741897 1 31 1073741897 1 32 1073741897 1 33 1073741897 1 34 1073741897 1 35 1073741897 1 36 1073741897 1 37 1073741897 1 38 1073741897 1 29 1073741897 1 40 73 1 39 902 1 0 4 0 1073741895 1 1 71 1 144115188075857274 509 3 2 467 0 1789 0 3 0 5 0 2133 2 1224979098644774913 -1 4 0 73 1 26 2133 2 1224979098644774913 4 5 0 73 1 27 2133 2 1224979098644774913 5 5 0 73 1 28 2133 2 1224979098644774913 6 5 0 71 1 144115188075857174 2133 2 1224979098644774913 7 5 0 71 1 144115188075857175 2133 2 1224979098644774913 8 3 0 2147483679 2 1224979098644774913 -1 4 0 549 3 3 467 0 902 1 0 5 0 2133 2 1224979098644774914 99 4 0 549 3 3 467 26 2133 2 1224979098644774915 4 2133 2 1224979098644774916 8 5 0 549 3 3 467 27 2133 2 1224979098644774915 5 2133 2 1224979098644774916 8 5 0 549 3 3 467 28 2133 2 1224979098644774915 5 2133 2 1224979098644774916 7 5 0 549 3 3 467 144115188075857174 2133 2 1224979098644774915 4 2133 2 1224979098644774916 7 5 0 549 3 3 467 144115188075857175 2133 2 1224979098644774915 5 2133 2 1224979098644774916 8 5 0 2133 2 1224979098644774914 4 549 3 3 467 24 2133 2 1224979098644774915 7 2133 2 1224979098644774916 8 33 3 1224979098644774913 7 9 1789 0 5 0 549 3 3 467 25 2133 2 1224979098644774915 5 2133 2 1224979098644774916 7 33 3 1224979098644774913 5 8 1789 0 3 0 2121 3 1224979098644774917 1224979098644774916 1224979098644774915 2105 2 1224979098644774917 1 2121 3 1224979098644774918 1224979098644774913 1224979098644774915 1073741857 3 1224979098644774913 1224979098644774914 1224979098644774915 33 3 1224979098644774918 0 1224979098644774917 2105 2 1224979098644774917 1 6 3 1224979098644774919 0 1224979098644774917 520 3 1224979098644774920 360287970189640752 1224979098644774919 2147483679 2 1224979098644774919 1224979098644774918 933 3 1224979098644774920 400 0 2105 2 1224979098644774920 1224979098644774917 933 3 1224979098644774920 400 0 5 0 933 3 1224979098644774920 1100 0 2105 2 1224979098644774920 1224979098644774917 933 3 1224979098644774920 1100 0 3 0 902 1 200 3 0 3 0 


prsnt_caba_camera_mode_display 3 0 2
-60.000000  34 2124 1 1000 902 1 200 4 0 1006 0 2320 2 0 1585267068834415964 5 0 2320 2 0 1585267068834415965 3 0 4 0 31 2 144115188075857177 0 2320 2 1 1585267068834415901 5 0 31 2 144115188075857177 1 2320 2 1 1585267068834415966 5 0 31 2 144115188075857177 2 2320 2 1 1585267068834415160 3 0 2320 2 0 1585267068834415967 910 2 144115188075856574 0 921 2 144115188075856574 16777215 729 2 1 1000 730 2 1 1000 925 2 144115188075856574 1 729 2 1 750 730 2 1 625 926 2 144115188075856574 1 911 2 144115188075856575 1441151880758559296 729 2 1 570 730 2 1 725 925 2 144115188075856575 1 729 2 1 745 730 2 1 622 926 2 144115188075856575 1 
-61.000000  4 2071 1 1224979098644774912 30 2 1224979098644774912 1000 933 3 144115188075856574 400 0 933 3 144115188075856575 400 0 


prsnt_prebattle_custom_divisions 0 53 3
-60.000000  240 2124 1 1000 6 3 1224979098644774912 360287970189639705 360287970189639837 500 3 360287970189640691 1224979098644774912 -1 500 3 360287970189640692 1224979098644774912 -1 500 3 360287970189640693 1224979098644774912 -1 3 0 910 3 72057594037927936 1585267068834415968 98320 921 2 72057594037927936 4294967295 729 2 1 1500 730 2 1 1500 925 2 72057594037927936 1 729 2 1 500 730 2 1 680 926 2 72057594037927936 1 910 3 72057594037927936 1585267068834415969 32784 729 2 1 500 730 2 1 650 926 2 72057594037927936 1 910 3 72057594037927936 1585267068834415970 16 729 2 1 170 730 2 1 600 926 2 72057594037927936 1 729 2 2 800 730 2 2 800 910 3 72057594037927936 1585267068834415971 16 729 2 1 352 926 2 72057594037927936 1 925 2 72057594037927936 2 910 3 72057594037927936 1585267068834415972 16 729 2 1 425 926 2 72057594037927936 1 925 2 72057594037927936 2 910 3 72057594037927936 1585267068834415973 16 729 2 1 630 926 2 72057594037927936 1 925 2 72057594037927936 2 910 3 72057594037927936 1585267068834415974 16 729 2 1 755 926 2 72057594037927936 1 925 2 72057594037927936 2 2319 1 0 910 3 144115188075857051 0 131072 729 2 1 105 730 2 1 80 926 2 144115188075857051 1 729 2 1 750 730 2 1 500 929 2 144115188075857051 1 945 1 144115188075857051 1650 2 1224979098644774913 648518346341351424 2133 2 1224979098644774914 0 6 3 1224979098644774915 0 9 2133 2 1224979098644774916 1224979098644774913 6 3 1224979098644774912 0 1224979098644774916 1652 3 1224979098644774917 648518346341351424 1224979098644774912 2147483679 2 1224979098644774917 360287970189639680 2147485155 1 1224979098644774917 1516 2 1224979098644774918 1224979098644774917 31 2 1224979098644774918 1224979098644774915 2105 2 1224979098644774914 1 2133 2 1224979098644774916 0 3 0 3 0 2133 2 1224979098644774919 20 2122 3 1224979098644774920 1224979098644774913 1224979098644774919 2122 3 1224979098644774921 1224979098644774914 3 2107 2 1224979098644774921 1224979098644774919 2105 2 1224979098644774920 1224979098644774921 6 3 1224979098644774915 0 9 2133 2 1224979098644774922 0 2133 2 1224979098644774923 0 2133 2 1224979098644774924 1224979098644774920 6 3 1224979098644774912 0 1224979098644774913 1652 3 1224979098644774917 648518346341351424 1224979098644774912 2147483679 2 1224979098644774917 360287970189639680 2147485155 1 1224979098644774917 1516 2 1224979098644774918 1224979098644774917 31 2 1224979098644774918 1224979098644774915 1653 3 1224979098644774925 648518346341351424 1224979098644774912 1654 3 1224979098644774926 648518346341351424 1224979098644774912 2106 2 1224979098644774925 1224979098644774926 32 2 1224979098644774925 0 2133 2 1224979098644774922 1 2106 2 1224979098644774920 1224979098644774919 4 0 31 2 1224979098644774923 1 911 2 72057594037927936 1441151880758558776 729 2 1 36200 730 2 1 1000 925 2 72057594037927936 1 729 2 1 15 730 2 1 1224979098644774920 926 2 72057594037927936 1 921 2 72057594037927936 16777215 922 2 72057594037927936 80 2133 2 1224979098644774923 0 5 0 2133 2 1224979098644774923 1 3 0 2322 2 1 1224979098644774917 910 2 72057594037927936 1 729 2 2 900 730 2 2 900 925 2 72057594037927936 2 729 2 1 15 730 2 1 1224979098644774920 926 2 72057594037927936 1 2133 2 72057594037927936 1224979098644774925 2320 2 1 216172782113785522 910 2 72057594037927936 1 729 2 1 240 730 2 1 1224979098644774920 926 2 72057594037927936 1 925 2 72057594037927936 2 918 3 72057594037927936 1441151880758558774 1441151880758558775 729 2 1 315 730 2 1 1224979098644774920 926 2 72057594037927936 1 914 3 72057594037927936 0 51 729 2 1 465 730 2 1 1224979098644774920 926 2 72057594037927936 1 729 2 1 500 730 2 1 500 925 2 72057594037927936 1 500 3 360287970189640691 1224979098644774917 72057594037927936 910 2 72057594037927936 1585267068834415975 729 2 1 700 730 2 1 700 925 2 72057594037927936 1 729 2 1 465 730 2 1 1224979098644774920 926 2 72057594037927936 1 2319 1 0 910 2 72057594037927936 0 925 2 72057594037927936 2 729 2 1 520 730 2 1 1224979098644774920 926 2 72057594037927936 1 916 1 72057594037927936 6 3 1224979098644774927 0 9 2346 2 0 1224979098644774927 931 2 72057594037927936 0 3 0 931 2 72057594037927936 1585267068834415897 729 2 1 700 730 2 1 1224979098644774920 926 2 72057594037927936 1 729 2 1 600 730 2 1 600 925 2 72057594037927936 1 927 2 72057594037927936 9 520 3 1224979098644774928 1224979098644774917 51 520 3 1224979098644774929 1224979098644774917 50 2133 2 1224979098644774930 0 4 0 1073741856 2 1224979098644774928 0 33 3 1224979098644774929 1 9 2133 2 1224979098644774930 1 3 0 520 3 1224979098644774931 360287970189640691 1224979098644774917 2120 3 1224979098644774916 1224979098644774931 4 6 3 1224979098644774932 1224979098644774931 1224979098644774916 947 2 1224979098644774932 1224979098644774930 3 0 31 2 1224979098644774930 1 2121 3 1224979098644774932 1224979098644774931 1 927 2 1224979098644774932 1 4 0 33 3 1224979098644774929 0 9 2105 2 1224979098644774932 4 927 2 1224979098644774932 1224979098644774929 3 0 32 2 1224979098644774928 0 927 2 1224979098644774931 1224979098644774928 2120 3 1224979098644774932 1224979098644774931 1 2133 2 72057594037927936 1224979098644774928 920 2 1224979098644774932 216172782113786768 2122 3 1224979098644774933 1224979098644774928 1224979098644774925 2108 2 1224979098644774933 100 2106 2 1224979098644774925 1224979098644774933 2106 2 1224979098644774932 3 2133 2 72057594037927936 1224979098644774925 920 2 1224979098644774932 216172782113785522 2105 2 1224979098644774932 4 2133 2 72057594037927936 1224979098644774933 920 2 1224979098644774932 216172782113785522 3 0 31 2 1224979098644774922 1 2346 2 1 1224979098644774915 910 3 72057594037927936 1 65536 729 2 1 1000 730 2 1 1000 925 2 72057594037927936 1 729 2 1 25 730 2 1 1224979098644774924 926 2 72057594037927936 1 2106 2 1224979098644774920 1224979098644774919 911 2 72057594037927936 1441151880758558776 729 2 1 37000 730 2 1 150 925 2 72057594037927936 1 729 2 1 5 730 2 1 1224979098644774920 926 2 72057594037927936 1 921 2 72057594037927936 0 2106 2 1224979098644774920 1224979098644774919 2106 2 1224979098644774920 1224979098644774919 3 0 945 1 -1 918 3 144115188075856977 1441151880758558774 1441151880758558775 729 2 1 830 730 2 1 680 926 2 144115188075856977 1 521 3 1224979098644774934 648518346341351424 51 927 2 144115188075856977 1224979098644774934 2320 2 0 1585267068834415548 2320 2 1 1585267068834415976 2321 2 2 1224979098644774934 910 2 72057594037927936 2 729 2 1 850 730 2 1 675 926 2 72057594037927936 1 940 2 144115188075856710 1585267068834415977 729 2 1 420 730 2 1 25 926 2 144115188075856710 1 940 2 144115188075856711 1585267068834415978 729 2 1 580 730 2 1 25 926 2 144115188075856711 1 940 2 144115188075856713 1585267068834415979 729 2 1 740 730 2 1 25 926 2 144115188075856713 1 940 2 144115188075856712 1585267068834415907 729 2 1 900 730 2 1 25 926 2 144115188075856712 1 902 1 999999 
-61.000000  5 4 0 71 1 1 902 1 0 501 3 648518346341351424 51 0 3 0 
-62.000000  82 2071 1 1224979098644774912 2072 1 1224979098644774913 4 0 31 2 1224979098644774912 144115188075856712 902 1 0 5 0 31 2 1224979098644774912 144115188075856713 1650 2 1224979098644774914 648518346341351424 6 3 1224979098644774915 0 1224979098644774914 1652 3 1224979098644774916 648518346341351424 1224979098644774915 520 3 1224979098644774917 360287970189640692 1224979098644774916 4 0 32 2 1224979098644774917 -1 500 3 1224979098644774916 51 1224979098644774917 3 0 520 3 1224979098644774918 360287970189640693 1224979098644774916 4 0 32 2 1224979098644774918 -1 500 3 1224979098644774916 50 1224979098644774918 3 0 3 0 501 3 648518346341351424 51 1 927 2 144115188075856977 1 2120 3 1224979098644774919 144115188075856977 1 920 2 1224979098644774919 1585267068834415976 5 0 31 2 1224979098644774912 144115188075856711 900 1 1513209474796486696 5 0 31 2 1224979098644774912 144115188075856710 6 3 1224979098644774916 360287970189639705 360287970189639837 500 3 1224979098644774916 50 -1 500 3 1224979098644774916 51 -1 3 0 501 3 648518346341351424 51 0 900 1 1513209474796486696 5 0 31 2 1224979098644774912 144115188075856977 2320 2 1 1585267068834415976 2320 2 0 1585267068834415548 2321 2 2 1224979098644774913 2120 3 1224979098644774919 1224979098644774912 1 920 2 1224979098644774919 2 501 3 648518346341351424 51 1224979098644774913 5 0 1650 2 1224979098644774914 648518346341351424 6 3 1224979098644774915 0 1224979098644774914 1652 3 1224979098644774916 648518346341351424 1224979098644774915 520 3 1224979098644774919 360287970189640691 1224979098644774916 31 2 1224979098644774912 1224979098644774919 33 3 1224979098644774913 0 51 500 3 360287970189640692 1224979098644774916 1224979098644774913 927 2 1224979098644774912 1224979098644774913 2120 3 1224979098644774920 1224979098644774919 1 2133 2 72057594037927936 1224979098644774913 920 2 1224979098644774920 216172782113786768 1653 3 1224979098644774921 648518346341351424 1224979098644774915 1654 3 1224979098644774922 648518346341351424 1224979098644774915 2106 2 1224979098644774921 1224979098644774922 2122 3 1224979098644774923 1224979098644774913 1224979098644774921 2108 2 1224979098644774923 100 2106 2 1224979098644774921 1224979098644774923 2106 2 1224979098644774920 3 2133 2 72057594037927936 1224979098644774921 920 2 1224979098644774920 216172782113785522 2105 2 1224979098644774920 4 2133 2 72057594037927936 1224979098644774923 920 2 1224979098644774920 216172782113785522 5 0 2106 2 1224979098644774919 1 31 2 1224979098644774912 1224979098644774919 2120 3 1224979098644774924 1224979098644774919 1 2120 3 1224979098644774925 1224979098644774919 5 6 3 1224979098644774920 1224979098644774924 1224979098644774925 947 2 1224979098644774920 1224979098644774913 3 0 5 0 2105 2 1224979098644774919 4 31 2 1224979098644774912 1224979098644774919 500 3 360287970189640693 1224979098644774916 1224979098644774913 3 0 3 0 


prsnt_tournament_options_panel 0 53 3
-60.000000  677 902 1 999999 2124 1 1000 911 2 72057594037927937 1441151880758559269 729 2 1 0 730 2 1 0 926 2 72057594037927937 1 2133 2 144115188075857288 360287970189640905 2133 2 144115188075857289 360287970189640905 2133 2 1224979098644774912 0 2133 2 1224979098644774913 -290 2133 2 1224979098644774914 -10 2121 3 1224979098644774915 1224979098644774912 5 2133 2 1224979098644774916 20 2133 2 1224979098644774917 10 2133 2 1224979098644774918 -28 2133 2 1224979098644774919 -38 4 0 31 2 0 1 2133 2 1224979098644774920 500 5 0 540 3 360287970189640905 225 0 2133 2 1224979098644774920 1000 5 0 540 3 360287970189640905 225 1 2133 2 1224979098644774920 500 3 0 729 2 1 290 730 2 1 345 520 3 1224979098644774921 360287970189640914 2 948 1 72057594037927937 926 2 72057594037927937 1 500 3 360287970189640905 242 72057594037927937 1650 2 1224979098644774922 648518346341351424 2133 2 1224979098644774923 0 6 3 1224979098644774924 0 1224979098644774922 2120 3 1224979098644774925 300 1224979098644774923 1652 3 1224979098644774926 648518346341351424 1224979098644774924 1507 1 1224979098644774926 2319 1 1 2322 2 1 1224979098644774926 500 3 360287970189640905 1224979098644774925 1224979098644774926 4 0 30 2 0 2 2133 2 72057594037927967 1224979098644774925 1106 1 1585267068834415980 3 0 2105 2 1224979098644774923 1 931 2 72057594037927937 1585267068834415628 3 0 927 2 72057594037927937 1224979098644774921 910 3 72057594037927937 1585267068834415981 65552 921 2 72057594037927937 4294967295 729 2 1 745 730 2 1 665 926 2 72057594037927937 1 729 2 1 1400 730 2 1 1400 925 2 72057594037927937 1 1 6 936748722493064059 216172782113788099 745 650 233 2 1 1 936748722493064041 4 0 31 2 0 0 910 1 144115188075857281 729 2 1 80 730 2 1 310 926 2 144115188075857281 1 920 2 144115188075857281 1585267068834415982 3 0 910 1 144115188075857283 729 2 1 80 730 2 1 285 926 2 144115188075857283 1 920 2 144115188075857283 1585267068834415582 1 2 936748722493064001 144115188075857279 940 2 144115188075857120 1585267068834415907 729 2 1 820 730 2 1 50 926 2 144115188075857120 1 4 0 540 3 360287970189640905 225 0 2320 2 1 1585267068834415983 5 0 540 3 360287970189640905 225 1 2320 2 1 1585267068834415984 5 0 2320 2 1 1585267068834415985 3 0 940 2 144115188075857330 1585267068834415628 729 2 1 660 730 2 1 50 926 2 144115188075857330 1 939 4 144115188075857331 -1 1729382256910270499 144115188075857279 729 2 2 165 730 2 2 390 926 2 144115188075857331 2 729 2 2 800 730 2 2 800 925 2 144115188075857331 2 2319 1 0 910 3 72057594037927937 0 131072 729 2 1 580 730 2 1 105 926 2 72057594037927937 1 729 2 1 340 730 2 1 530 929 2 72057594037927937 1 945 1 72057594037927937 2133 2 1224979098644774927 1224979098644774912 2133 2 1224979098644774928 1224979098644774920 2319 1 1 910 3 144115188075857332 1 69632 729 2 1 1224979098644774915 730 2 1 1224979098644774928 926 2 144115188075857332 1 4 0 540 3 360287970189640905 225 1 2105 2 1224979098644774928 1224979098644774919 910 3 144115188075857332 1585267068834415986 69632 921 2 144115188075857332 4294967295 729 2 1 1224979098644774915 730 2 1 1224979098644774928 926 2 144115188075857332 1 4 0 31 2 1 1 2105 2 1224979098644774928 1224979098644774919 2120 3 1224979098644774929 1224979098644774927 1224979098644774916 729 2 1 1224979098644774929 2120 3 1224979098644774930 1224979098644774928 1224979098644774917 730 2 1 1224979098644774930 910 3 72057594037927937 1585267068834415987 4100 926 2 72057594037927937 1 500 3 360287970189640905 235 72057594037927937 2120 3 1224979098644774931 1224979098644774927 0 729 2 1 1224979098644774931 2120 3 1224979098644774932 1224979098644774928 5 730 2 1 1224979098644774932 918 3 72057594037927937 1441151880758558774 1441151880758558775 926 2 72057594037927937 1 500 3 360287970189640905 234 72057594037927937 927 2 72057594037927937 144115188075857284 3 0 2105 2 1224979098644774928 1224979098644774919 2120 3 1224979098644774929 1224979098644774927 1224979098644774916 729 2 1 1224979098644774929 2120 3 1224979098644774930 1224979098644774928 1224979098644774917 730 2 1 1224979098644774930 910 3 72057594037927937 1585267068834415988 4100 926 2 72057594037927937 1 2120 3 1224979098644774931 1224979098644774927 0 729 2 1 1224979098644774931 2120 3 1224979098644774932 1224979098644774928 5 730 2 1 1224979098644774932 918 3 72057594037927937 1441151880758558774 1441151880758558775 926 2 72057594037927937 1 500 3 360287970189640905 211 72057594037927937 520 3 1224979098644774933 360287970189640914 1 927 2 72057594037927937 1224979098644774933 2105 2 1224979098644774928 1224979098644774919 2105 2 1224979098644774928 1224979098644774919 910 3 144115188075857332 1585267068834415989 69632 921 2 144115188075857332 4294967295 729 2 1 1224979098644774915 730 2 1 1224979098644774928 926 2 144115188075857332 1 2105 2 1224979098644774928 1224979098644774919 2120 3 1224979098644774929 1224979098644774927 1224979098644774916 729 2 1 1224979098644774929 2120 3 1224979098644774930 1224979098644774928 1224979098644774917 730 2 1 1224979098644774930 910 3 72057594037927937 1585267068834415990 4100 926 2 72057594037927937 1 2120 3 1224979098644774931 1224979098644774927 0 729 2 1 1224979098644774931 2120 3 1224979098644774932 1224979098644774928 5 730 2 1 1224979098644774932 918 3 72057594037927937 1441151880758558774 1441151880758558775 926 2 72057594037927937 1 500 3 360287970189640905 215 72057594037927937 927 2 72057594037927937 144115188075857233 4 0 31 2 0 1 2105 2 1224979098644774928 1224979098644774919 2120 3 1224979098644774929 1224979098644774927 1224979098644774916 729 2 1 1224979098644774929 2120 3 1224979098644774930 1224979098644774928 1224979098644774917 730 2 1 1224979098644774930 910 3 72057594037927937 1585267068834415991 4100 926 2 72057594037927937 1 2120 3 1224979098644774931 1224979098644774927 0 729 2 1 1224979098644774931 2120 3 1224979098644774932 1224979098644774928 5 730 2 1 1224979098644774932 918 3 72057594037927937 1441151880758558774 1441151880758558775 926 2 72057594037927937 1 500 3 360287970189640905 245 72057594037927937 520 3 72057594037927938 360287970189640914 3 927 2 72057594037927937 72057594037927938 3 0 2105 2 1224979098644774928 1224979098644774919 2120 3 1224979098644774929 1224979098644774927 1224979098644774916 729 2 1 1224979098644774929 2120 3 1224979098644774930 1224979098644774928 1224979098644774917 730 2 1 1224979098644774930 910 3 72057594037927937 1585267068834415992 4100 926 2 72057594037927937 1 2120 3 1224979098644774931 1224979098644774927 0 729 2 1 1224979098644774931 2120 3 1224979098644774932 1224979098644774928 5 730 2 1 1224979098644774932 918 3 72057594037927937 1441151880758558774 1441151880758558775 926 2 72057594037927937 1 500 3 360287970189640905 238 72057594037927937 520 3 72057594037927938 360287970189640914 4 927 2 72057594037927937 72057594037927938 2105 2 1224979098644774928 1224979098644774919 2120 3 1224979098644774929 1224979098644774927 1224979098644774916 729 2 1 1224979098644774929 2120 3 1224979098644774930 1224979098644774928 1224979098644774917 730 2 1 1224979098644774930 910 3 72057594037927937 1585267068834415993 4100 926 2 72057594037927937 1 2120 3 1224979098644774931 1224979098644774927 0 729 2 1 1224979098644774931 2120 3 1224979098644774932 1224979098644774928 5 730 2 1 1224979098644774932 918 3 72057594037927937 1441151880758558774 1441151880758558775 926 2 72057594037927937 1 500 3 360287970189640905 216 72057594037927937 927 2 72057594037927937 144115188075857238 2105 2 1224979098644774928 1224979098644774919 2120 3 1224979098644774929 1224979098644774927 1224979098644774916 729 2 1 1224979098644774929 2120 3 1224979098644774930 1224979098644774928 1224979098644774917 730 2 1 1224979098644774930 910 3 72057594037927937 1585267068834415994 4100 926 2 72057594037927937 1 2120 3 1224979098644774931 1224979098644774927 0 729 2 1 1224979098644774931 2120 3 1224979098644774932 1224979098644774928 5 730 2 1 1224979098644774932 918 3 72057594037927937 1441151880758558774 1441151880758558775 926 2 72057594037927937 1 500 3 360287970189640905 226 72057594037927937 520 3 72057594037927938 360287970189640914 7 927 2 72057594037927937 72057594037927938 2105 2 1224979098644774928 1224979098644774919 2120 3 1224979098644774929 1224979098644774927 1224979098644774916 729 2 1 1224979098644774929 2120 3 1224979098644774930 1224979098644774928 1224979098644774917 730 2 1 1224979098644774930 910 3 72057594037927937 1585267068834415995 4100 926 2 72057594037927937 1 2120 3 1224979098644774931 1224979098644774927 0 729 2 1 1224979098644774931 2120 3 1224979098644774932 1224979098644774928 5 730 2 1 1224979098644774932 918 3 72057594037927937 1441151880758558774 1441151880758558775 926 2 72057594037927937 1 500 3 360287970189640905 232 72057594037927937 520 3 72057594037927938 360287970189640914 6 927 2 72057594037927937 72057594037927938 5 0 540 3 360287970189640905 225 0 2106 2 1224979098644774928 75 2120 3 1224979098644774930 1224979098644774928 0 730 2 1 1224979098644774930 2120 3 1224979098644774929 1224979098644774927 155 729 2 1 1224979098644774929 914 3 72057594037927937 0 4 500 3 360287970189640905 219 72057594037927937 926 2 72057594037927937 1 520 3 1224979098644774934 360287970189639680 364 927 2 72057594037927937 1224979098644774934 2120 3 1224979098644774930 1224979098644774928 30 730 2 1 1224979098644774930 2120 3 1224979098644774929 1224979098644774927 15 729 2 1 1224979098644774929 910 3 72057594037927937 1585267068834415996 65540 921 2 72057594037927937 14540253 926 2 72057594037927937 1 2120 3 1224979098644774930 1224979098644774928 30 730 2 1 1224979098644774930 2120 3 1224979098644774929 1224979098644774927 300 729 2 1 1224979098644774929 520 3 72057594037927938 360287970189639680 364 1 2 936748722493064030 72057594037927938 2133 2 1224979098644774935 72057594037927937 910 3 72057594037927937 1585267068834415628 65544 921 2 72057594037927937 1224979098644774935 926 2 72057594037927937 1 500 3 360287970189640905 220 72057594037927937 2106 2 1224979098644774928 75 2120 3 1224979098644774930 1224979098644774928 0 730 2 1 1224979098644774930 2120 3 1224979098644774929 1224979098644774927 155 729 2 1 1224979098644774929 914 3 72057594037927937 0 200 500 3 360287970189640905 217 72057594037927937 926 2 72057594037927937 1 520 3 1224979098644774936 360287970189640914 10 927 2 72057594037927937 1224979098644774936 2120 3 1224979098644774930 1224979098644774928 30 730 2 1 1224979098644774930 2120 3 1224979098644774929 1224979098644774927 15 729 2 1 1224979098644774929 910 3 72057594037927937 1585267068834415997 65540 921 2 72057594037927937 14540253 926 2 72057594037927937 1 2120 3 1224979098644774930 1224979098644774928 30 730 2 1 1224979098644774930 2120 3 1224979098644774929 1224979098644774927 300 729 2 1 1224979098644774929 910 3 72057594037927937 1585267068834415998 65544 500 3 360287970189640905 218 72057594037927937 921 2 72057594037927937 14540253 926 2 72057594037927937 1 520 3 72057594037927957 360287970189640914 10 920 2 72057594037927937 1585267068834415999 2106 2 1224979098644774928 75 2120 3 1224979098644774930 1224979098644774928 0 730 2 1 1224979098644774930 2120 3 1224979098644774929 1224979098644774927 155 729 2 1 1224979098644774929 914 3 72057594037927937 2 10 500 3 360287970189640905 231 72057594037927937 926 2 72057594037927937 1 520 3 1224979098644774936 360287970189640914 11 927 2 72057594037927937 1224979098644774936 2120 3 1224979098644774930 1224979098644774928 30 730 2 1 1224979098644774930 2120 3 1224979098644774929 1224979098644774927 15 729 2 1 1224979098644774929 910 3 72057594037927937 1585267068834416000 65540 921 2 72057594037927937 14540253 926 2 72057594037927937 1 2120 3 1224979098644774930 1224979098644774928 30 730 2 1 1224979098644774930 2120 3 1224979098644774929 1224979098644774927 300 729 2 1 1224979098644774929 910 3 72057594037927937 1585267068834415998 65544 500 3 360287970189640905 222 72057594037927937 921 2 72057594037927937 14540253 926 2 72057594037927937 1 2106 2 1224979098644774928 35 2120 3 1224979098644774930 1224979098644774928 0 730 2 1 1224979098644774930 2120 3 1224979098644774929 1224979098644774927 155 729 2 1 1224979098644774929 910 3 72057594037927937 1585267068834415998 16 500 3 360287970189640905 227 72057594037927937 926 2 72057594037927937 1 1 1 936748722493064007 520 3 1224979098644774937 360287970189640914 222 4 0 31 2 1224979098644774937 0 500 3 360287970189640905 224 1 3 0 2106 2 1224979098644774928 75 2120 3 1224979098644774930 1224979098644774928 0 730 2 1 1224979098644774930 2120 3 1224979098644774929 1224979098644774927 155 729 2 1 1224979098644774929 914 3 72057594037927937 0 24 500 3 360287970189640905 221 72057594037927937 926 2 72057594037927937 1 4 0 2147484188 3 360287970189640905 224 1 927 2 72057594037927937 1224979098644774937 5 0 927 2 72057594037927937 0 3 0 2120 3 1224979098644774930 1224979098644774928 30 730 2 1 1224979098644774930 2120 3 1224979098644774929 1224979098644774927 15 729 2 1 1224979098644774929 910 3 72057594037927937 1585267068834416001 65540 921 2 72057594037927937 14540253 926 2 72057594037927937 1 2120 3 1224979098644774930 1224979098644774928 30 730 2 1 1224979098644774930 2120 3 1224979098644774929 1224979098644774927 300 729 2 1 1224979098644774929 520 3 72057594037927938 360287970189640914 222 2133 2 1224979098644774937 72057594037927938 1 2 936748722493064019 1224979098644774937 910 3 72057594037927937 1585267068834415628 65544 921 2 72057594037927937 72057594037927941 926 2 72057594037927937 1 500 3 360287970189640905 223 72057594037927937 2105 2 1224979098644774928 1224979098644774918 2120 3 1224979098644774930 1224979098644774928 0 730 2 1 1224979098644774930 2120 3 1224979098644774929 1224979098644774927 0 729 2 1 1224979098644774929 4 0 31 2 1224979098644774937 0 2320 2 1 1585267068834415618 5 0 2133 2 72057594037927938 144115188075856255 2133 2 72057594037927939 144115188075856256 2320 2 1 1585267068834415619 3 0 910 3 72057594037927937 1585267068834415628 4100 500 3 360287970189640905 213 72057594037927937 926 2 72057594037927937 1 2105 2 1224979098644774928 1224979098644774918 2105 2 1224979098644774928 1224979098644774918 910 3 144115188075857332 1585267068834416002 69632 921 2 144115188075857332 4294967295 729 2 1 1224979098644774915 2120 3 1224979098644774930 1224979098644774928 1224979098644774917 730 2 1 1224979098644774930 926 2 144115188075857332 1 4 0 31 2 0 0 2105 2 1224979098644774928 1224979098644774918 2120 3 1224979098644774929 1224979098644774927 1224979098644774916 729 2 1 1224979098644774929 2120 3 1224979098644774930 1224979098644774928 1224979098644774917 730 2 1 1224979098644774930 910 3 144115188075857282 1585267068834416003 4100 926 2 144115188075857282 1 2120 3 1224979098644774931 1224979098644774927 0 729 2 1 1224979098644774931 2120 3 1224979098644774932 1224979098644774928 5 730 2 1 1224979098644774932 918 3 144115188075857282 1441151880758558774 1441151880758558775 926 2 144115188075857282 1 3 0 2105 2 1224979098644774928 1224979098644774918 2120 3 1224979098644774929 1224979098644774927 1224979098644774916 729 2 1 1224979098644774929 2120 3 1224979098644774930 1224979098644774928 1224979098644774917 730 2 1 1224979098644774930 910 3 144115188075857280 1585267068834416004 4100 926 2 144115188075857280 1 2120 3 1224979098644774931 1224979098644774927 0 729 2 1 1224979098644774931 2120 3 1224979098644774932 1224979098644774928 5 730 2 1 1224979098644774932 918 3 144115188075857280 1441151880758558774 1441151880758558775 926 2 144115188075857280 1 4 0 31 2 0 0 2105 2 1224979098644774928 1224979098644774918 2105 2 1224979098644774928 1224979098644774918 910 3 72057594037927937 1585267068834416005 69632 921 2 72057594037927937 4294967295 729 2 1 1224979098644774915 730 2 1 1224979098644774928 926 2 72057594037927937 1 2105 2 1224979098644774928 1224979098644774919 2120 3 1224979098644774929 1224979098644774927 1224979098644774916 729 2 1 1224979098644774929 2120 3 1224979098644774930 1224979098644774928 1224979098644774917 730 2 1 1224979098644774930 910 3 144115188075857122 1585267068834416006 4100 926 2 144115188075857122 1 2120 3 1224979098644774931 1224979098644774927 0 729 2 1 1224979098644774931 2120 3 1224979098644774932 1224979098644774928 5 730 2 1 1224979098644774932 918 3 144115188075857122 1441151880758558774 1441151880758558775 926 2 144115188075857122 1 2176 3 72057594037927938 144115188075857279 2 2121 3 1224979098644774938 1224979098644774927 1224979098644774913 729 2 1 1224979098644774938 2121 3 1224979098644774939 1224979098644774928 1224979098644774914 730 2 1 1224979098644774939 910 3 72057594037927937 1585267068834415631 4112 926 2 72057594037927937 1 2105 2 1224979098644774928 1224979098644774918 2120 3 1224979098644774929 1224979098644774927 1224979098644774916 729 2 1 1224979098644774929 2120 3 1224979098644774930 1224979098644774928 1224979098644774917 730 2 1 1224979098644774930 910 3 144115188075857131 1585267068834416007 4100 926 2 144115188075857131 1 2120 3 1224979098644774931 1224979098644774927 0 729 2 1 1224979098644774931 2120 3 1224979098644774932 1224979098644774928 5 730 2 1 1224979098644774932 918 3 144115188075857131 1441151880758558774 1441151880758558775 926 2 144115188075857131 1 2176 3 72057594037927938 144115188075857279 3 2121 3 1224979098644774938 1224979098644774927 1224979098644774913 729 2 1 1224979098644774938 2121 3 1224979098644774939 1224979098644774928 1224979098644774914 730 2 1 1224979098644774939 910 3 72057594037927937 1585267068834415631 4112 926 2 72057594037927937 1 2105 2 1224979098644774928 1224979098644774918 2120 3 1224979098644774929 1224979098644774927 1224979098644774916 729 2 1 1224979098644774929 2120 3 1224979098644774930 1224979098644774928 1224979098644774917 730 2 1 1224979098644774930 910 3 144115188075857132 1585267068834416008 4100 926 2 144115188075857132 1 2120 3 1224979098644774931 1224979098644774927 0 729 2 1 1224979098644774931 2120 3 1224979098644774932 1224979098644774928 5 730 2 1 1224979098644774932 918 3 144115188075857132 1441151880758558774 1441151880758558775 926 2 144115188075857132 1 2176 3 72057594037927938 144115188075857279 0 2121 3 1224979098644774938 1224979098644774927 1224979098644774913 729 2 1 1224979098644774938 2121 3 1224979098644774939 1224979098644774928 1224979098644774914 730 2 1 1224979098644774939 910 3 72057594037927937 1585267068834415631 4112 926 2 72057594037927937 1 2105 2 1224979098644774928 1224979098644774918 2120 3 1224979098644774929 1224979098644774927 1224979098644774916 729 2 1 1224979098644774929 2120 3 1224979098644774930 1224979098644774928 1224979098644774917 730 2 1 1224979098644774930 910 3 144115188075857133 1585267068834416009 4100 926 2 144115188075857133 1 2120 3 1224979098644774931 1224979098644774927 0 729 2 1 1224979098644774931 2120 3 1224979098644774932 1224979098644774928 5 730 2 1 1224979098644774932 918 3 144115188075857133 1441151880758558774 1441151880758558775 926 2 144115188075857133 1 2176 3 72057594037927938 144115188075857279 1 2121 3 1224979098644774938 1224979098644774927 1224979098644774913 729 2 1 1224979098644774938 2121 3 1224979098644774939 1224979098644774928 1224979098644774914 730 2 1 1224979098644774939 910 3 72057594037927937 1585267068834415631 4112 926 2 72057594037927937 1 2105 2 1224979098644774928 1224979098644774918 2120 3 1224979098644774929 1224979098644774927 1224979098644774916 729 2 1 1224979098644774929 2120 3 1224979098644774930 1224979098644774928 1224979098644774917 730 2 1 1224979098644774930 910 3 144115188075857134 1585267068834416010 4100 926 2 144115188075857134 1 2120 3 1224979098644774931 1224979098644774927 0 729 2 1 1224979098644774931 2120 3 1224979098644774932 1224979098644774928 5 730 2 1 1224979098644774932 918 3 144115188075857134 1441151880758558774 1441151880758558775 926 2 144115188075857134 1 2176 3 72057594037927938 144115188075857279 4 2121 3 1224979098644774938 1224979098644774927 1224979098644774913 729 2 1 1224979098644774938 2121 3 1224979098644774939 1224979098644774928 1224979098644774914 730 2 1 1224979098644774939 910 3 72057594037927937 1585267068834415631 4112 926 2 72057594037927937 1 2105 2 1224979098644774928 1224979098644774918 2120 3 1224979098644774929 1224979098644774927 1224979098644774916 729 2 1 1224979098644774929 2120 3 1224979098644774930 1224979098644774928 1224979098644774917 730 2 1 1224979098644774930 910 3 144115188075857135 1585267068834416011 4100 926 2 144115188075857135 1 2120 3 1224979098644774931 1224979098644774927 0 729 2 1 1224979098644774931 2120 3 1224979098644774932 1224979098644774928 5 730 2 1 1224979098644774932 918 3 144115188075857135 1441151880758558774 1441151880758558775 926 2 144115188075857135 1 2176 3 72057594037927938 144115188075857279 5 2121 3 1224979098644774938 1224979098644774927 1224979098644774913 729 2 1 1224979098644774938 2121 3 1224979098644774939 1224979098644774928 1224979098644774914 730 2 1 1224979098644774939 910 3 72057594037927937 1585267068834415631 4112 926 2 72057594037927937 1 2105 2 1224979098644774928 1224979098644774918 2120 3 1224979098644774929 1224979098644774927 1224979098644774916 729 2 1 1224979098644774929 2120 3 1224979098644774930 1224979098644774928 1224979098644774917 730 2 1 1224979098644774930 910 3 144115188075857118 1585267068834416012 4100 926 2 144115188075857118 1 2120 3 1224979098644774931 1224979098644774927 0 729 2 1 1224979098644774931 2120 3 1224979098644774932 1224979098644774928 5 730 2 1 1224979098644774932 918 3 144115188075857118 1441151880758558774 1441151880758558775 926 2 144115188075857118 1 2176 3 72057594037927938 144115188075857279 2 2121 3 1224979098644774938 1224979098644774927 1224979098644774913 729 2 1 1224979098644774938 2121 3 1224979098644774939 1224979098644774928 1224979098644774914 730 2 1 1224979098644774939 910 3 72057594037927937 1585267068834415631 4112 926 2 72057594037927937 1 2105 2 1224979098644774928 1224979098644774918 910 3 72057594037927937 1585267068834416013 69632 921 2 72057594037927937 4294967295 729 2 1 1224979098644774915 730 2 1 1224979098644774928 926 2 72057594037927937 1 2105 2 1224979098644774928 1224979098644774919 2120 3 1224979098644774929 1224979098644774927 1224979098644774916 729 2 1 1224979098644774929 2120 3 1224979098644774930 1224979098644774928 1224979098644774917 730 2 1 1224979098644774930 910 3 144115188075857123 1585267068834415819 4100 926 2 144115188075857123 1 2120 3 1224979098644774931 1224979098644774927 0 729 2 1 1224979098644774931 2120 3 1224979098644774932 1224979098644774928 5 730 2 1 1224979098644774932 918 3 144115188075857123 1441151880758558774 1441151880758558775 926 2 144115188075857123 1 2105 2 1224979098644774928 1224979098644774918 2120 3 1224979098644774929 1224979098644774927 1224979098644774916 729 2 1 1224979098644774929 2120 3 1224979098644774930 1224979098644774928 1224979098644774917 730 2 1 1224979098644774930 910 3 144115188075857128 1585267068834416014 4100 926 2 144115188075857128 1 2120 3 1224979098644774931 1224979098644774927 0 729 2 1 1224979098644774931 2120 3 1224979098644774932 1224979098644774928 5 730 2 1 1224979098644774932 918 3 144115188075857128 1441151880758558774 1441151880758558775 926 2 144115188075857128 1 2105 2 1224979098644774928 1224979098644774918 2120 3 1224979098644774929 1224979098644774927 1224979098644774916 729 2 1 1224979098644774929 2120 3 1224979098644774930 1224979098644774928 1224979098644774917 730 2 1 1224979098644774930 910 3 144115188075857124 1585267068834416015 4100 926 2 144115188075857124 1 2120 3 1224979098644774931 1224979098644774927 0 729 2 1 1224979098644774931 2120 3 1224979098644774932 1224979098644774928 5 730 2 1 1224979098644774932 918 3 144115188075857124 1441151880758558774 1441151880758558775 926 2 144115188075857124 1 2105 2 1224979098644774928 1224979098644774918 2120 3 1224979098644774929 1224979098644774927 1224979098644774916 729 2 1 1224979098644774929 2120 3 1224979098644774930 1224979098644774928 1224979098644774917 730 2 1 1224979098644774930 910 3 144115188075857125 1585267068834416016 4100 926 2 144115188075857125 1 2120 3 1224979098644774931 1224979098644774927 0 729 2 1 1224979098644774931 2120 3 1224979098644774932 1224979098644774928 5 730 2 1 1224979098644774932 918 3 144115188075857125 1441151880758558774 1441151880758558775 926 2 144115188075857125 1 2105 2 1224979098644774928 1224979098644774918 2120 3 1224979098644774929 1224979098644774927 1224979098644774916 729 2 1 1224979098644774929 2120 3 1224979098644774930 1224979098644774928 1224979098644774917 730 2 1 1224979098644774930 910 3 144115188075857126 1585267068834416017 4100 926 2 144115188075857126 1 2120 3 1224979098644774931 1224979098644774927 0 729 2 1 1224979098644774931 2120 3 1224979098644774932 1224979098644774928 5 730 2 1 1224979098644774932 918 3 144115188075857126 1441151880758558774 1441151880758558775 926 2 144115188075857126 1 3 0 3 0 945 1 -1 729 2 1 65 730 2 1 175 2320 2 1 1585267068834416018 910 3 144115188075857121 1585267068834415628 65540 921 2 144115188075857121 4294967295 926 2 144115188075857121 1 2320 2 2 1585267068834416019 910 2 144115188075857127 1585267068834416020 729 2 1 70 730 2 1 55 926 2 144115188075857127 1 1 1 936748722493063999 
-63.000000  96 2071 1 1224979098644774912 2072 1 1224979098644774913 4 0 31 2 1224979098644774913 1 2319 1 1 2319 1 2 5 0 31 2 1224979098644774912 144115188075857120 2320 2 1 1585267068834416021 2320 2 2 1585267068834416022 5 0 31 2 1224979098644774912 144115188075857330 2320 2 1 1585267068834416023 2320 2 2 1585267068834416024 5 0 540 3 360287970189640905 242 1224979098644774912 2320 2 1 1585267068834416025 2320 2 2 1585267068834416026 5 0 1073742364 3 360287970189640905 217 1224979098644774912 540 3 360287970189640905 218 1224979098644774912 540 3 360287970189640905 225 0 2320 2 1 1585267068834416027 2320 2 2 1585267068834416028 5 0 1073742364 3 360287970189640905 219 1224979098644774912 540 3 360287970189640905 220 1224979098644774912 540 3 360287970189640905 225 0 2320 2 1 1585267068834416029 2320 2 2 1585267068834416030 5 0 1073742364 3 360287970189640905 221 1224979098644774912 1073742364 3 360287970189640905 213 1224979098644774912 540 3 360287970189640905 223 1224979098644774912 540 3 360287970189640905 225 0 1 1 936748722493064020 5 0 1073742364 3 360287970189640905 234 1224979098644774912 540 3 360287970189640905 235 1224979098644774912 540 3 360287970189640905 225 1 2320 2 1 1585267068834416031 2320 2 2 1585267068834416032 5 0 540 3 360287970189640905 245 1224979098644774912 31 2 0 1 540 3 360287970189640905 225 1 2320 2 1 1585267068834416033 2320 2 2 1585267068834416034 5 0 31 2 1224979098644774912 144115188075857282 540 3 360287970189640905 225 0 2320 2 1 1585267068834416035 2320 2 2 1585267068834416036 5 0 31 2 1224979098644774912 144115188075857280 540 3 360287970189640905 225 0 2320 2 1 1585267068834416037 2320 2 2 1585267068834416038 5 0 31 2 1224979098644774912 144115188075857123 540 3 360287970189640905 225 0 2320 2 1 1585267068834416039 2320 2 2 1585267068834416040 5 0 540 3 360287970189640905 215 1224979098644774912 540 3 360287970189640905 225 1 2320 2 1 1585267068834416041 2320 2 2 1585267068834416042 5 0 540 3 360287970189640905 216 1224979098644774912 540 3 360287970189640905 225 1 2320 2 1 1585267068834416043 2320 2 2 1585267068834416044 5 0 540 3 360287970189640905 226 1224979098644774912 540 3 360287970189640905 225 1 2320 2 1 1585267068834416045 2320 2 2 1585267068834416046 5 0 540 3 360287970189640905 232 1224979098644774912 540 3 360287970189640905 225 1 2320 2 1 1585267068834416047 2320 2 2 1585267068834416048 5 0 540 3 360287970189640905 238 1224979098644774912 540 3 360287970189640905 225 1 2320 2 1 1585267068834416049 2320 2 2 1585267068834416050 5 0 540 3 360287970189640905 211 1224979098644774912 540 3 360287970189640905 225 1 2320 2 1 1585267068834416051 2320 2 2 1585267068834416052 3 0 920 2 144115188075857121 1585267068834415628 920 2 144115188075857127 1585267068834416020 
-62.000000  157 2071 1 1224979098644774912 2072 1 1224979098644774913 4 0 31 2 1224979098644774912 144115188075857120 500 3 360287970189640914 5 0 902 1 0 5 0 31 2 1224979098644774912 144115188075857330 4 0 540 3 360287970189640905 225 0 500 3 360287970189640905 225 1 5 0 540 3 360287970189640905 225 1 500 3 360287970189640905 225 0 3 0 900 1 1513209474796486697 5 0 31 2 1224979098644774912 144115188075857122 1 5 936748722493064002 144115188075857279 350 1224979098644774913 1224979098644774912 5 0 31 2 1224979098644774912 144115188075857131 1 5 936748722493064002 144115188075857279 351 1224979098644774913 1224979098644774912 5 0 31 2 1224979098644774912 144115188075857132 1 5 936748722493064002 144115188075857279 352 1224979098644774913 1224979098644774912 5 0 31 2 1224979098644774912 144115188075857133 1 5 936748722493064002 144115188075857279 353 1224979098644774913 1224979098644774912 5 0 31 2 1224979098644774912 144115188075857134 1 5 936748722493064002 144115188075857279 354 1224979098644774913 1224979098644774912 5 0 31 2 1224979098644774912 144115188075857135 1 5 936748722493064002 144115188075857279 355 1224979098644774913 1224979098644774912 5 0 31 2 1224979098644774912 144115188075857118 1 5 936748722493064002 144115188075857279 356 1224979098644774913 1224979098644774912 5 0 31 2 1224979098644774912 144115188075857123 1 5 936748722493064002 144115188075857279 357 1224979098644774913 1224979098644774912 5 0 31 2 1224979098644774912 144115188075857128 1 5 936748722493064002 144115188075857279 358 1224979098644774913 1224979098644774912 5 0 31 2 1224979098644774912 144115188075857124 1 5 936748722493064002 144115188075857279 359 1224979098644774913 1224979098644774912 5 0 31 2 1224979098644774912 144115188075857125 1 5 936748722493064002 144115188075857279 360 1224979098644774913 1224979098644774912 5 0 31 2 1224979098644774912 144115188075857126 1 5 936748722493064002 144115188075857279 361 1224979098644774913 1224979098644774912 5 0 540 3 360287970189640905 242 1224979098644774912 500 3 360287970189640914 2 1224979098644774913 2120 3 1224979098644774914 300 1224979098644774913 520 3 144115188075857279 360287970189640905 1224979098644774914 900 1 1513209474796486697 5 0 540 3 360287970189640905 217 1224979098644774912 520 3 1224979098644774915 360287970189640905 218 927 2 1224979098644774912 1224979098644774913 500 3 360287970189640914 10 1224979098644774913 2133 2 72057594037927938 1224979098644774913 920 2 1224979098644774915 1585267068834416053 1 1 936748722493064007 5 0 540 3 360287970189640905 231 1224979098644774912 520 3 1224979098644774916 360287970189640905 222 500 3 360287970189640914 11 1224979098644774913 1 1 936748722493064007 5 0 540 3 360287970189640905 219 1224979098644774912 520 3 1224979098644774916 360287970189640905 220 1 2 936748722493064030 1224979098644774913 920 2 1224979098644774916 1585267068834415628 921 2 1224979098644774916 72057594037927937 927 2 1224979098644774912 1224979098644774913 500 3 360287970189639680 364 1224979098644774913 1 1 936748722493064041 5 0 540 3 360287970189640905 234 1224979098644774912 2133 2 144115188075857284 1224979098644774913 5 0 31 2 1224979098644774912 144115188075857282 4 0 31 2 1224979098644774913 1 1 2 936748722493064003 144115188075857279 500 3 144115188075857279 366 0 1 1 936748722493063999 5 0 500 3 144115188075857279 366 1 3 0 1 1 936748722493064041 5 0 31 2 1224979098644774912 144115188075857280 4 0 2147483679 2 144115188075857279 360287970189639680 500 3 144115188075857279 367 1224979098644774913 5 0 1106 1 1585267068834416054 927 2 144115188075857280 0 3 0 5 0 540 3 360287970189640905 221 1224979098644774912 500 3 360287970189640914 222 1224979098644774913 927 2 1224979098644774912 1224979098644774913 4 0 30 2 1224979098644774913 1 500 3 360287970189640905 224 0 5 0 500 3 360287970189640905 224 1 3 0 1 2 936748722493064019 1224979098644774913 520 3 1224979098644774916 360287970189640905 223 920 2 1224979098644774916 1585267068834415628 921 2 1224979098644774916 72057594037927941 520 3 1224979098644774917 360287970189640905 213 4 0 1073741855 2 1224979098644774913 0 540 3 360287970189640905 224 1 2320 2 1 1585267068834415618 5 0 2133 2 72057594037927938 144115188075856255 2133 2 72057594037927939 144115188075856256 2320 2 1 1585267068834415619 3 0 920 2 1224979098644774917 1585267068834415628 1 1 936748722493064007 1 1 936748722493064020 920 2 144115188075857121 1585267068834415628 920 2 144115188075857127 1585267068834416020 1 1 936748722493064041 5 0 540 3 360287970189640905 216 1224979098644774912 2133 2 144115188075857238 1224979098644774913 520 3 1224979098644774916 360287970189640905 216 927 2 1224979098644774912 144115188075857238 5 0 540 3 360287970189640905 215 1224979098644774912 2133 2 144115188075857233 1224979098644774913 520 3 1224979098644774916 360287970189640905 215 927 2 1224979098644774912 144115188075857233 5 0 540 3 360287970189640905 211 1224979098644774912 500 3 360287970189640914 1 1224979098644774913 1 1 936748722493064041 5 0 540 3 360287970189640905 226 1224979098644774912 500 3 360287970189640914 7 1224979098644774913 5 0 540 3 360287970189640905 232 1224979098644774912 500 3 360287970189640914 6 1224979098644774913 5 0 540 3 360287970189640905 245 1224979098644774912 500 3 360287970189640914 3 1224979098644774913 3 0 


prsnt_tpe_ranking_display 0 53 2
-60.000000  492 2124 1 1000 911 2 72057594037927937 1441151880758559269 729 2 1 0 730 2 1 0 926 2 72057594037927937 1 2133 2 144115188075857288 360287970189640905 2133 2 144115188075857289 360287970189640905 4 0 31 2 0 1 940 2 144115188075857119 1585267068834416055 5 0 940 2 144115188075857119 1585267068834416056 3 0 729 2 1 140 730 2 1 60 926 2 144115188075857119 1 4 0 2147483678 2 144115188075856250 6 2320 2 22 1585267068834416057 5 0 2320 2 22 1585267068834416058 3 0 940 2 144115188075857120 1585267068834416059 729 2 1 140 730 2 1 110 926 2 144115188075857120 1 940 2 144115188075857122 1585267068834416060 729 2 1 280 730 2 1 290 926 2 144115188075857122 1 1 4 936748722493064014 360287970189640908 360287970189640907 32 4 0 31 2 144115188075857285 1 2320 2 11 1585267068834416061 1 2 936748722493064016 369 2133 2 1224979098644774912 369 2320 2 12 1585267068834416062 5 0 31 2 144115188075857285 0 2320 2 11 1585267068834416063 1 2 936748722493064016 368 2133 2 1224979098644774912 368 2133 2 72057594037927939 144115188075856250 2320 2 12 1585267068834416064 3 0 940 2 144115188075857121 1585267068834416065 729 2 1 140 730 2 1 160 926 2 144115188075857121 1 910 3 72057594037927937 1585267068834416066 65552 921 2 72057594037927937 14540253 729 2 1 740 730 2 1 665 926 2 72057594037927937 1 729 2 1 1200 730 2 1 1200 925 2 72057594037927937 1 2133 2 1224979098644774913 235 2133 2 1224979098644774914 210 520 3 1224979098644774915 360287970189640914 222 4 0 31 2 1224979098644774915 0 500 3 360287970189640905 224 1 3 0 2106 2 1224979098644774914 75 2120 3 1224979098644774916 1224979098644774914 0 730 2 1 1224979098644774916 2120 3 1224979098644774917 1224979098644774913 125 729 2 1 1224979098644774917 914 3 72057594037927937 0 24 500 3 360287970189640905 221 72057594037927937 926 2 72057594037927937 1 4 0 2147484188 3 360287970189640905 224 1 927 2 72057594037927937 1224979098644774915 5 0 927 2 72057594037927937 0 3 0 2120 3 1224979098644774916 1224979098644774914 35 730 2 1 1224979098644774916 2120 3 1224979098644774917 1224979098644774913 -15 729 2 1 1224979098644774917 910 3 72057594037927937 1585267068834416001 65540 921 2 72057594037927937 14540253 926 2 72057594037927937 1 2120 3 1224979098644774916 1224979098644774914 35 730 2 1 1224979098644774916 2120 3 1224979098644774917 1224979098644774913 235 729 2 1 1224979098644774917 520 3 72057594037927938 360287970189640914 222 2133 2 1224979098644774915 72057594037927938 1 2 936748722493064019 1224979098644774915 910 3 72057594037927937 1585267068834415628 65544 921 2 72057594037927937 72057594037927941 926 2 72057594037927937 1 500 3 360287970189640905 223 72057594037927937 2105 2 1224979098644774914 -23 2120 3 1224979098644774916 1224979098644774914 0 730 2 1 1224979098644774916 2120 3 1224979098644774917 1224979098644774913 -5 729 2 1 1224979098644774917 4 0 31 2 1224979098644774915 0 2320 2 1 1585267068834415618 5 0 2133 2 72057594037927938 144115188075856255 2133 2 72057594037927939 144115188075856256 2320 2 1 1585267068834416067 3 0 910 3 72057594037927937 1585267068834415628 4100 500 3 360287970189640905 213 72057594037927937 926 2 72057594037927937 1 2106 2 1224979098644774914 80 2120 3 1224979098644774916 1224979098644774914 30 730 2 1 1224979098644774916 2120 3 1224979098644774917 1224979098644774913 -15 729 2 1 1224979098644774917 910 3 72057594037927937 1585267068834416000 65540 921 2 72057594037927937 14540253 926 2 72057594037927937 1 2120 3 1224979098644774916 1224979098644774914 30 730 2 1 1224979098644774916 2120 3 1224979098644774917 1224979098644774913 235 729 2 1 1224979098644774917 910 3 72057594037927937 216172782113788094 65544 500 3 360287970189640905 218 72057594037927937 2149 2 1224979098644774918 360287970189639680 4 0 30 2 1224979098644774918 72057594037927939 921 2 72057594037927937 14540253 5 0 921 2 72057594037927937 4294945450 3 0 926 2 72057594037927937 1 1 1 936748722493064007 1 6 936748722493064055 1441151880758559303 458 65 250 250 4 0 31 2 144115188075857285 1 948 1 144115188075857134 729 2 1 740 730 2 1 55 926 2 144115188075857134 1 931 2 144115188075857134 1585267068834416068 931 2 144115188075857134 1585267068834416069 927 2 144115188075857134 144115188075857135 3 0 4 0 31 2 144115188075857285 1 931 2 144115188075857134 1585267068834416070 927 2 144115188075857134 144115188075857135 3 0 4 0 31 2 144115188075857285 1 931 2 144115188075857134 1585267068834416071 927 2 144115188075857134 144115188075857135 3 0 2133 2 1224979098644774919 0 2133 2 1224979098644774920 10 2133 2 1224979098644774921 0 4 0 31 2 144115188075857135 1 2133 2 1224979098644774919 10 2133 2 1224979098644774920 20 2133 2 1224979098644774921 10 5 0 31 2 144115188075857135 2 2133 2 1224979098644774919 20 2133 2 1224979098644774920 30 2133 2 1224979098644774921 20 5 0 31 2 144115188075857135 3 2133 2 1224979098644774919 30 2133 2 1224979098644774920 32 2133 2 1224979098644774921 30 3 0 2133 2 1224979098644774922 0 6 3 1224979098644774923 0 32 520 3 1224979098644774924 360287970189640908 1224979098644774923 31 2 1224979098644774924 360287970189639680 31 2 1224979098644774922 0 2105 2 1224979098644774922 1 2133 2 1224979098644774925 1224979098644774923 3 0 6 3 1224979098644774926 1224979098644774919 1224979098644774920 2120 3 1224979098644774927 1224979098644774926 1 2106 2 1224979098644774927 1224979098644774921 2120 3 1224979098644774928 30 1224979098644774927 500 3 360287970189640905 1224979098644774928 0 2122 3 1224979098644774929 55 1224979098644774926 2121 3 1224979098644774914 600 1224979098644774929 2122 3 1224979098644774930 10 1224979098644774926 2105 2 1224979098644774930 100 2120 3 1224979098644774931 1224979098644774930 6 2120 3 1224979098644774932 1224979098644774930 7 2120 3 1224979098644774933 1224979098644774930 8 520 3 1224979098644774924 360287970189640908 1224979098644774926 520 3 1224979098644774934 1224979098644774924 1224979098644774912 500 3 360287970189640905 1224979098644774931 525 500 3 360287970189640905 1224979098644774932 1224979098644774914 500 3 360287970189640905 1224979098644774933 3 4 0 1073741854 2 144115188075856266 1224979098644774927 31 2 144115188075857285 1 3221225503 2 1224979098644774924 360287970189639680 31 2 1224979098644774926 1224979098644774925 1 5 936748722493064026 1224979098644774924 1224979098644774934 1224979098644774927 0 3 0 3 0 4 0 31 2 0 0 520 3 1224979098644774935 360287970189640909 11 2105 2 1224979098644774935 1 500 3 360287970189640909 11 1224979098644774935 910 3 72057594037927937 1585267068834416072 65552 921 2 72057594037927937 14540253 729 2 1 280 730 2 1 630 926 2 72057594037927937 1 729 2 1 1200 730 2 1 1200 925 2 72057594037927937 1 1 6 936748722493064059 216172782113788099 280 615 233 2 1 1 936748722493064041 2319 1 0 910 3 72057594037927937 0 131072 729 2 1 40 730 2 1 335 926 2 72057594037927937 1 729 2 1 460 730 2 1 270 929 2 72057594037927937 1 945 1 72057594037927937 4 0 540 3 360287970189640909 11 1 2319 1 25 2133 2 1224979098644774936 0 4 0 560 3 360287970189640909 1 0 520 3 1224979098644774924 360287970189640909 1 2322 2 2 1224979098644774924 1 3 936748722493064035 1224979098644774924 50 2133 2 72057594037927957 2 2320 2 25 1585267068834416073 4 0 31 2 1224979098644774924 360287970189639680 2105 2 1224979098644774936 2 5 0 1 3 936748722493063373 1224979098644774924 2 3 0 1 3 936748722493064039 1224979098644774924 1 3 0 4 0 560 3 360287970189640909 2 0 520 3 1224979098644774924 360287970189640909 2 520 3 1224979098644774937 360287970189640909 10 2133 2 72057594037927938 1224979098644774937 2322 2 2 1224979098644774924 1 3 936748722493064035 1224979098644774924 100 2133 2 72057594037927957 3 2320 2 25 1585267068834416074 4 0 31 2 1224979098644774924 360287970189639680 2105 2 1224979098644774936 3 5 0 1 3 936748722493063373 1224979098644774924 3 3 0 1 3 936748722493064039 1224979098644774924 1 3 0 4 0 560 3 360287970189640909 5 0 520 3 1224979098644774924 360287970189640909 5 2322 2 2 1224979098644774924 1 3 936748722493064035 1224979098644774924 100 2133 2 72057594037927957 2 2320 2 25 1585267068834416075 4 0 31 2 1224979098644774924 360287970189639680 2105 2 1224979098644774936 2 5 0 1 3 936748722493063373 1224979098644774924 2 3 0 1 3 936748722493064039 1224979098644774924 1 3 0 4 0 560 3 360287970189640909 6 0 520 3 1224979098644774924 360287970189640909 6 2322 2 2 1224979098644774924 1 3 936748722493064035 1224979098644774924 100 2133 2 72057594037927957 2 2320 2 25 1585267068834416075 4 0 31 2 1224979098644774924 360287970189639680 2105 2 1224979098644774936 2 5 0 1 3 936748722493063373 1224979098644774924 2 3 0 1 3 936748722493064039 1224979098644774924 1 3 0 4 0 560 3 360287970189640909 7 0 520 3 1224979098644774924 360287970189640909 7 2322 2 2 1224979098644774924 1 3 936748722493064035 1224979098644774924 100 2133 2 72057594037927957 2 2320 2 25 1585267068834416075 4 0 31 2 1224979098644774924 360287970189639680 2105 2 1224979098644774936 2 5 0 1 3 936748722493063373 1224979098644774924 2 3 0 3 0 4 0 560 3 360287970189640909 8 0 520 3 1224979098644774924 360287970189640909 8 2322 2 2 1224979098644774924 1 3 936748722493064035 1224979098644774924 200 2133 2 72057594037927957 3 2320 2 25 1585267068834416076 4 0 31 2 1224979098644774924 360287970189639680 2105 2 1224979098644774936 3 5 0 1 3 936748722493063373 1224979098644774924 3 3 0 1 3 936748722493064039 1224979098644774924 1 3 0 4 0 560 3 360287970189640909 9 0 520 3 1224979098644774924 360287970189640909 9 2322 2 2 1224979098644774924 1 3 936748722493064035 1224979098644774924 200 2133 2 72057594037927957 3 2320 2 25 1585267068834416076 4 0 31 2 1224979098644774924 360287970189639680 2105 2 1224979098644774936 3 5 0 1 3 936748722493063373 1224979098644774924 3 3 0 1 3 936748722493064039 1224979098644774924 1 3 0 4 0 560 3 360287970189640909 13 0 520 3 1224979098644774924 360287970189640909 13 2322 2 2 1224979098644774924 1 3 936748722493064035 1224979098644774924 400 2133 2 72057594037927957 10 2320 2 25 1585267068834416077 4 0 31 2 1224979098644774924 360287970189639680 2105 2 1224979098644774936 10 5 0 1 3 936748722493063373 1224979098644774924 10 3 0 1 3 936748722493064039 1224979098644774924 1 3 0 4 0 560 3 360287970189640909 14 0 520 3 1224979098644774924 360287970189640909 14 2322 2 2 1224979098644774924 2133 2 72057594037927957 -2 2320 2 25 1585267068834416078 4 0 31 2 1224979098644774924 360287970189639680 2105 2 1224979098644774936 -2 5 0 1 3 936748722493063373 1224979098644774924 -2 3 0 1 3 936748722493064039 1224979098644774924 1 3 0 4 0 2147483679 2 1224979098644774936 0 1 3 936748722493063373 360287970189639680 1224979098644774936 3 0 3 0 910 3 72057594037927937 1585267068834416079 16 729 2 1 240 730 2 1 590 926 2 72057594037927937 1 945 1 -1 5 0 30 2 0 1 1107 1 0 2133 2 1224979098644774938 55 2133 2 1224979098644774939 95 2120 3 1224979098644774940 1224979098644774938 30 2120 3 1224979098644774941 1224979098644774940 40 2120 3 1224979098644774942 1224979098644774940 130 2120 3 1224979098644774943 1224979098644774942 40 2120 3 1224979098644774944 1224979098644774942 90 2120 3 1224979098644774945 1224979098644774944 40 2133 2 1224979098644774946 660 2133 2 1224979098644774947 645 2133 2 1224979098644774948 620 2133 2 1224979098644774949 20 2133 2 1224979098644774950 500 910 3 72057594037927937 1585267068834416080 4 729 2 1 1224979098644774939 730 2 1 1224979098644774946 926 2 72057594037927937 1 729 2 1 1224979098644774950 730 2 1 1224979098644774950 925 2 72057594037927937 1 910 3 72057594037927937 1585267068834415472 4 729 2 1 1224979098644774939 730 2 1 1224979098644774947 926 2 72057594037927937 1 729 2 1 1224979098644774950 730 2 1 1224979098644774950 925 2 72057594037927937 1 729 2 1 1224979098644774950 730 2 1 1224979098644774950 925 2 72057594037927937 1 910 3 72057594037927937 1585267068834416081 4 729 2 1 1224979098644774941 730 2 1 1224979098644774947 926 2 72057594037927937 1 729 2 1 1224979098644774950 730 2 1 1224979098644774950 925 2 72057594037927937 1 729 2 1 1224979098644774950 730 2 1 1224979098644774950 925 2 72057594037927937 1 910 3 72057594037927937 1585267068834416082 4 729 2 1 1224979098644774943 730 2 1 1224979098644774947 926 2 72057594037927937 1 729 2 1 1224979098644774950 730 2 1 1224979098644774950 925 2 72057594037927937 1 729 2 1 1224979098644774950 730 2 1 1224979098644774950 925 2 72057594037927937 1 910 3 72057594037927937 1585267068834416083 4 729 2 1 1224979098644774945 730 2 1 1224979098644774947 926 2 72057594037927937 1 729 2 1 1224979098644774950 730 2 1 1224979098644774950 925 2 72057594037927937 1 2319 1 0 910 3 72057594037927937 0 131072 729 2 1 40 730 2 1 285 926 2 72057594037927937 1 729 2 1 420 730 2 1 350 929 2 72057594037927937 1 945 1 72057594037927937 500 3 360287970189640905 41 72057594037927937 2133 2 1224979098644774914 1224979098644774948 6 3 1224979098644774923 0 32 2133 2 72057594037927938 1224979098644774923 910 3 72057594037927937 1585267068834415631 4 729 2 1 1224979098644774938 730 2 1 1224979098644774914 926 2 72057594037927937 1 729 2 1 1224979098644774950 730 2 1 1224979098644774950 925 2 72057594037927937 1 520 3 1224979098644774924 360287970189640908 1224979098644774923 2322 2 1 1224979098644774924 910 3 72057594037927937 1585267068834415628 4 729 2 1 1224979098644774940 730 2 1 1224979098644774914 926 2 72057594037927937 1 729 2 1 1224979098644774950 730 2 1 1224979098644774950 925 2 72057594037927937 1 520 3 72057594037927938 1224979098644774924 368 910 3 72057594037927937 1585267068834415631 4 729 2 1 1224979098644774942 730 2 1 1224979098644774914 926 2 72057594037927937 1 729 2 1 1224979098644774950 730 2 1 1224979098644774950 925 2 72057594037927937 1 520 3 72057594037927938 1224979098644774924 369 910 3 72057594037927937 1585267068834415631 4 729 2 1 1224979098644774944 730 2 1 1224979098644774914 926 2 72057594037927937 1 729 2 1 1224979098644774950 730 2 1 1224979098644774950 925 2 72057594037927937 1 2106 2 1224979098644774914 1224979098644774949 3 0 945 1 -1 1107 1 1 3 0 902 1 999999 
-62.000000  70 2071 1 1224979098644774912 2072 1 1224979098644774913 4 0 2147483678 2 0 1 31 2 1224979098644774912 144115188075857119 902 1 0 2060 1 864691128455135501 5 0 31 2 1224979098644774912 144115188075857119 30 2 0 1 902 1 0 501 3 144115188075856213 156 1 2060 1 864691128455135341 5 0 31 2 1224979098644774912 144115188075857122 902 1 0 500 3 360287970189640914 5 1 2060 1 864691128455135500 5 0 31 2 1224979098644774912 144115188075857120 902 1 0 4 0 2147483678 2 144115188075856250 6 2060 1 864691128455135499 5 0 500 3 360287970189640914 5 2 2060 1 864691128455135500 3 0 5 0 31 2 1224979098644774912 144115188075857121 4 0 31 2 144115188075857285 0 2133 2 144115188075857285 1 5 0 31 2 144115188075857285 1 2133 2 144115188075857285 0 3 0 2133 2 144115188075857135 0 900 1 1513209474796486698 5 0 31 2 1224979098644774912 144115188075857134 2133 2 144115188075857135 1224979098644774913 900 1 1513209474796486698 5 0 540 3 360287970189640905 221 1224979098644774912 500 3 360287970189640914 222 1224979098644774913 927 2 1224979098644774912 1224979098644774913 4 0 30 2 1224979098644774913 1 500 3 360287970189640905 224 0 5 0 500 3 360287970189640905 224 1 3 0 1 2 936748722493064019 1224979098644774913 520 3 1224979098644774914 360287970189640905 223 920 2 1224979098644774914 1585267068834415628 921 2 1224979098644774914 72057594037927941 520 3 1224979098644774915 360287970189640905 213 4 0 1073741855 2 1224979098644774913 0 540 3 360287970189640905 224 1 2320 2 1 1585267068834416084 5 0 2133 2 72057594037927938 144115188075856255 2133 2 72057594037927939 144115188075856256 2320 2 1 1585267068834416067 3 0 920 2 1224979098644774915 1585267068834415628 1 1 936748722493064041 3 0 


prsnt_tpe_final_display 0 53 2
-60.000000  310 2124 1 1000 940 2 144115188075857119 1585267068834416056 729 2 1 895 730 2 1 30 926 2 144115188075857119 1 2133 2 1224979098644774912 -1 2133 2 1224979098644774913 -1 2133 2 1224979098644774914 -1 2133 2 1224979098644774915 -1 2133 2 1224979098644774916 -1 2133 2 1224979098644774917 -1 6 3 1224979098644774918 0 32 520 3 1224979098644774919 360287970189640908 1224979098644774918 520 3 1224979098644774920 1224979098644774919 369 2147483678 2 1224979098644774915 1224979098644774920 2133 2 1224979098644774912 1224979098644774919 2133 2 1224979098644774915 1224979098644774920 3 0 6 3 1224979098644774918 0 32 520 3 1224979098644774919 360287970189640908 1224979098644774918 520 3 1224979098644774920 1224979098644774919 369 2147483679 2 1224979098644774919 1224979098644774912 2147483678 2 1224979098644774916 1224979098644774920 2133 2 1224979098644774913 1224979098644774919 2133 2 1224979098644774916 1224979098644774920 3 0 6 3 1224979098644774918 0 32 520 3 1224979098644774919 360287970189640908 1224979098644774918 520 3 1224979098644774920 1224979098644774919 369 2147483679 2 1224979098644774919 1224979098644774912 2147483679 2 1224979098644774919 1224979098644774913 2147483678 2 1224979098644774917 1224979098644774920 2133 2 1224979098644774914 1224979098644774919 2133 2 1224979098644774917 1224979098644774920 3 0 4 0 1073741855 2 1224979098644774912 -1 1073741855 2 1224979098644774913 -1 31 2 1224979098644774914 -1 2133 2 72057594037927967 1224979098644774912 2133 2 72057594037927967 1224979098644774913 2133 2 72057594037927967 1224979098644774914 1106 1 1585267068834416085 3 0 4 0 31 2 1224979098644774912 360287970189639680 2330 2 3 144115188075856213 521 3 1224979098644774921 144115188075856213 233 2105 2 1224979098644774921 1 501 3 144115188075856213 233 1224979098644774921 3 0 4 0 1073741855 2 1224979098644774912 360287970189639680 1073741855 2 1224979098644774913 360287970189639680 31 2 1224979098644774914 360287970189639680 2133 2 144115188075856094 5 2133 2 144115188075856177 144115188075856213 5 0 2133 2 144115188075856094 1 2133 2 144115188075856177 -1 3 0 910 3 72057594037927937 1585267068834416086 65552 921 2 72057594037927937 4289374975 729 2 1 500 730 2 1 635 926 2 72057594037927937 1 729 2 1 1500 730 2 1 1500 925 2 72057594037927937 1 2133 2 1224979098644774922 400 2133 2 1224979098644774923 2500 2133 2 1224979098644774924 115 2133 2 1224979098644774925 215 2133 2 1224979098644774926 50 2133 2 1224979098644774927 375 2133 2 1224979098644774928 625 2133 2 1224979098644774929 450 2133 2 1224979098644774930 280 2133 2 1224979098644774931 110 2133 2 1224979098644774932 25 2133 2 1224979098644774933 40 1 6 936748722493064029 900 3 50 419 4278190080 1 6 936748722493064029 900 3 50 250 4278190080 910 3 72057594037927937 1585267068834416087 65552 921 2 72057594037927937 14540253 729 2 1 1224979098644774924 2120 3 1224979098644774934 1224979098644774929 1224979098644774933 730 2 1 1224979098644774934 926 2 72057594037927937 1 729 2 1 1224979098644774923 730 2 1 1224979098644774923 925 2 72057594037927937 1 1 2 936748722493064018 1224979098644774912 939 4 72057594037927937 -1 1729382256910270499 72057594037927937 729 2 2 1224979098644774925 730 2 2 1224979098644774929 926 2 72057594037927937 2 729 2 2 1224979098644774922 730 2 2 1224979098644774922 925 2 72057594037927937 2 2322 2 1 1224979098644774912 910 3 72057594037927937 1585267068834415628 16 2120 3 1224979098644774935 1224979098644774925 1224979098644774926 2121 3 1224979098644774934 1224979098644774929 1224979098644774932 729 2 1 1224979098644774935 730 2 1 1224979098644774934 926 2 72057594037927937 1 910 3 72057594037927937 1585267068834416088 65540 2120 3 1224979098644774934 1224979098644774929 80 2121 3 1224979098644774935 1224979098644774927 5 729 2 1 1224979098644774935 730 2 1 1224979098644774934 926 2 72057594037927937 1 921 2 72057594037927937 14540253 1 3 936748722493064008 1224979098644774912 1 910 3 72057594037927937 1585267068834416089 4 2120 3 1224979098644774934 1224979098644774929 54 729 2 1 1224979098644774927 730 2 1 1224979098644774934 926 2 72057594037927937 1 910 3 72057594037927937 1585267068834416090 4 2120 3 1224979098644774934 1224979098644774929 32 729 2 1 1224979098644774927 730 2 1 1224979098644774934 926 2 72057594037927937 1 910 3 72057594037927937 1585267068834416091 4 2120 3 1224979098644774934 1224979098644774929 10 729 2 1 1224979098644774927 730 2 1 1224979098644774934 926 2 72057594037927937 1 4 0 31 2 1224979098644774912 360287970189639680 372 1 33 3 0 4 0 31 2 0 1 910 3 72057594037927937 1585267068834416092 65540 2120 3 1224979098644774934 1224979098644774929 80 2121 3 1224979098644774935 1224979098644774928 5 729 2 1 1224979098644774935 730 2 1 1224979098644774934 926 2 72057594037927937 1 921 2 72057594037927937 14540253 1 2 936748722493064010 100 2133 2 1224979098644774936 72057594037927937 4 0 1073741855 2 1224979098644774912 360287970189639680 33 3 1224979098644774912 360287970189639895 360287970189639911 1530 2 1224979098644774912 1224979098644774936 3 0 2325 2 1 1224979098644774936 910 3 72057594037927937 1585267068834415628 4 2120 3 1224979098644774934 1224979098644774929 54 729 2 1 1224979098644774928 730 2 1 1224979098644774934 926 2 72057594037927937 1 3 0 4 0 2147483679 2 1224979098644774913 -1 910 3 72057594037927937 1585267068834416093 65552 921 2 72057594037927937 14540253 729 2 1 1224979098644774924 2120 3 1224979098644774934 1224979098644774930 1224979098644774933 730 2 1 1224979098644774934 926 2 72057594037927937 1 729 2 1 1224979098644774923 730 2 1 1224979098644774923 925 2 72057594037927937 1 1 2 936748722493064018 1224979098644774913 939 4 72057594037927937 -1 1729382256910270499 72057594037927937 729 2 2 1224979098644774925 730 2 2 1224979098644774930 926 2 72057594037927937 2 729 2 2 1224979098644774922 730 2 2 1224979098644774922 925 2 72057594037927937 2 2322 2 1 1224979098644774913 910 3 72057594037927937 1585267068834415628 16 2120 3 1224979098644774935 1224979098644774925 1224979098644774926 2121 3 1224979098644774934 1224979098644774930 1224979098644774932 729 2 1 1224979098644774935 730 2 1 1224979098644774934 926 2 72057594037927937 1 910 3 72057594037927937 1585267068834416088 65540 2121 3 1224979098644774935 1224979098644774927 5 2120 3 1224979098644774934 1224979098644774930 80 729 2 1 1224979098644774935 730 2 1 1224979098644774934 926 2 72057594037927937 1 921 2 72057594037927937 14540253 1 3 936748722493064008 1224979098644774913 2 910 3 72057594037927937 1585267068834416089 4 2120 3 1224979098644774934 1224979098644774930 54 729 2 1 1224979098644774927 730 2 1 1224979098644774934 926 2 72057594037927937 1 910 3 72057594037927937 1585267068834416090 4 2120 3 1224979098644774934 1224979098644774930 32 729 2 1 1224979098644774927 730 2 1 1224979098644774934 926 2 72057594037927937 1 910 3 72057594037927937 1585267068834416091 4 2120 3 1224979098644774934 1224979098644774930 10 729 2 1 1224979098644774927 730 2 1 1224979098644774934 926 2 72057594037927937 1 4 0 31 2 0 1 910 3 72057594037927937 1585267068834416092 65540 2120 3 1224979098644774934 1224979098644774930 80 2121 3 1224979098644774935 1224979098644774928 5 729 2 1 1224979098644774935 730 2 1 1224979098644774934 926 2 72057594037927937 1 921 2 72057594037927937 14540253 1 2 936748722493064010 70 2133 2 1224979098644774936 72057594037927937 4 0 1073741855 2 1224979098644774913 360287970189639680 33 3 1224979098644774913 360287970189639895 360287970189639911 1530 2 1224979098644774913 1224979098644774936 3 0 2325 2 1 1224979098644774936 910 3 72057594037927937 1585267068834415628 4 2120 3 1224979098644774934 1224979098644774930 54 729 2 1 1224979098644774928 730 2 1 1224979098644774934 926 2 72057594037927937 1 3 0 3 0 4 0 2147483679 2 1224979098644774917 -1 910 3 72057594037927937 1585267068834416094 65552 921 2 72057594037927937 14540253 729 2 1 1224979098644774924 2120 3 1224979098644774934 1224979098644774931 1224979098644774933 730 2 1 1224979098644774934 926 2 72057594037927937 1 729 2 1 1224979098644774923 730 2 1 1224979098644774923 925 2 72057594037927937 1 1 2 936748722493064018 1224979098644774914 939 4 72057594037927937 -1 1729382256910270499 72057594037927937 729 2 2 1224979098644774925 730 2 2 1224979098644774931 926 2 72057594037927937 2 729 2 2 1224979098644774922 730 2 2 1224979098644774922 925 2 72057594037927937 2 2322 2 1 1224979098644774914 910 3 72057594037927937 1585267068834415628 16 2120 3 1224979098644774935 1224979098644774925 1224979098644774926 2121 3 1224979098644774934 1224979098644774931 1224979098644774932 729 2 1 1224979098644774935 730 2 1 1224979098644774934 926 2 72057594037927937 1 910 3 72057594037927937 1585267068834416088 65540 2121 3 1224979098644774935 1224979098644774927 5 2120 3 1224979098644774934 1224979098644774931 80 729 2 1 1224979098644774935 730 2 1 1224979098644774934 926 2 72057594037927937 1 921 2 72057594037927937 14540253 1 3 936748722493064008 1224979098644774914 3 910 3 72057594037927937 1585267068834416089 4 2120 3 1224979098644774934 1224979098644774931 54 729 2 1 1224979098644774927 730 2 1 1224979098644774934 926 2 72057594037927937 1 910 3 72057594037927937 1585267068834416090 4 2120 3 1224979098644774934 1224979098644774931 32 729 2 1 1224979098644774927 730 2 1 1224979098644774934 926 2 72057594037927937 1 910 3 72057594037927937 1585267068834416091 4 2120 3 1224979098644774934 1224979098644774931 10 729 2 1 1224979098644774927 730 2 1 1224979098644774934 926 2 72057594037927937 1 4 0 31 2 0 1 910 3 72057594037927937 1585267068834416092 65540 2120 3 1224979098644774934 1224979098644774931 80 2121 3 1224979098644774935 1224979098644774928 5 729 2 1 1224979098644774935 730 2 1 1224979098644774934 926 2 72057594037927937 1 921 2 72057594037927937 14540253 1 2 936748722493064010 40 2133 2 1224979098644774936 72057594037927937 4 0 1073741855 2 1224979098644774914 360287970189639680 33 3 1224979098644774914 360287970189639895 360287970189639911 1530 2 1224979098644774914 1224979098644774936 3 0 2325 2 1 1224979098644774936 910 3 72057594037927937 1585267068834415628 4 2120 3 1224979098644774934 1224979098644774931 54 729 2 1 1224979098644774928 730 2 1 1224979098644774934 926 2 72057594037927937 1 3 0 3 0 4 0 31 2 1 1 1 1 936748722493064022 1 1 936748722493064021 3 0 2319 1 8 902 1 999999 
-62.000000  6 2071 1 1224979098644774912 4 0 31 2 1224979098644774912 144115188075857119 902 1 0 2060 1 864691128455135341 3 0 


prsnt_tpe_team_display 1 0 1
-60.000000  137 2124 1 1000 2133 2 144115188075857288 360287970189640905 2133 2 144115188075857289 360287970189640905 4 0 2133 2 1224979098644774912 15 2120 3 1224979098644774913 1224979098644774912 185 2120 3 1224979098644774914 1224979098644774913 0 2133 2 1224979098644774915 30 2133 2 1224979098644774916 720 2121 3 1224979098644774917 1224979098644774916 1224979098644774915 2121 3 1224979098644774918 1224979098644774917 1224979098644774915 2121 3 1224979098644774919 1224979098644774918 1224979098644774915 2121 3 1224979098644774920 1224979098644774919 1224979098644774915 2121 3 1224979098644774921 1224979098644774920 1224979098644774915 2121 3 1224979098644774922 1224979098644774921 35 2133 2 144115188075857234 0 2133 2 144115188075857235 0 2133 2 144115188075857236 0 2133 2 144115188075857237 0 12 1 1224979098644774923 1702 1 1224979098644774923 1770 2 1224979098644774924 1224979098644774923 4 0 31 2 1224979098644774924 0 2105 2 144115188075857234 1 5 0 31 2 1224979098644774924 1 2105 2 144115188075857235 1 5 0 31 2 1224979098644774924 2 2105 2 144115188075857236 1 5 0 31 2 1224979098644774924 3 2105 2 144115188075857237 1 3 0 3 0 1 6 936748722493064059 216172782113788079 1224979098644774912 1224979098644774916 60 3 921 2 72057594037927937 4294945450 520 3 72057594037927941 360287970189640905 21 1 6 936748722493064059 216172782113788083 1224979098644774913 1224979098644774916 70 5 921 2 72057594037927937 4294967295 2122 3 1224979098644774925 144115188075857234 20 2120 3 1224979098644774926 1224979098644774925 4 1 6 936748722493064065 1224979098644774926 9 1224979098644774914 1224979098644774916 4278190080 500 3 360287970189640905 90 72057594037927937 2120 3 1224979098644774927 1224979098644774914 2 2120 3 1224979098644774928 1224979098644774916 2 1 6 936748722493064065 1224979098644774925 5 1224979098644774927 1224979098644774928 4294945450 500 3 360287970189640905 80 72057594037927937 1 6 936748722493064059 216172782113788080 1224979098644774912 1224979098644774917 61 3 921 2 72057594037927937 4289374975 520 3 72057594037927941 360287970189640905 22 1 6 936748722493064059 216172782113788083 1224979098644774913 1224979098644774917 71 5 921 2 72057594037927937 4294967295 2122 3 1224979098644774925 144115188075857235 20 2120 3 1224979098644774926 1224979098644774925 4 1 6 936748722493064065 1224979098644774926 9 1224979098644774914 1224979098644774917 4278190080 500 3 360287970189640905 91 72057594037927937 2120 3 1224979098644774927 1224979098644774914 2 2120 3 1224979098644774928 1224979098644774917 2 1 6 936748722493064065 1224979098644774925 5 1224979098644774927 1224979098644774928 4289374975 500 3 360287970189640905 81 72057594037927937 4 0 30 2 144115188075856255 3 1 6 936748722493064059 216172782113788081 1224979098644774912 1224979098644774918 62 3 921 2 72057594037927937 4289396650 520 3 72057594037927941 360287970189640905 23 1 6 936748722493064059 216172782113788083 1224979098644774913 1224979098644774918 72 5 921 2 72057594037927937 4294967295 2122 3 1224979098644774925 144115188075857236 20 2120 3 1224979098644774926 1224979098644774925 4 1 6 936748722493064065 1224979098644774926 9 1224979098644774914 1224979098644774918 4278190080 500 3 360287970189640905 92 72057594037927937 2120 3 1224979098644774927 1224979098644774914 2 2120 3 1224979098644774928 1224979098644774918 2 1 6 936748722493064065 1224979098644774925 5 1224979098644774927 1224979098644774928 4289396650 500 3 360287970189640905 82 72057594037927937 3 0 4 0 30 2 144115188075856255 4 1 6 936748722493064059 216172782113788082 1224979098644774912 1224979098644774919 63 3 921 2 72057594037927937 4294967210 520 3 72057594037927941 360287970189640905 24 1 6 936748722493064059 216172782113788083 1224979098644774913 1224979098644774919 73 5 921 2 72057594037927937 4294967295 2122 3 1224979098644774925 144115188075857237 20 2120 3 1224979098644774926 1224979098644774925 4 1 6 936748722493064065 1224979098644774926 9 1224979098644774914 1224979098644774919 4278190080 500 3 360287970189640905 93 72057594037927937 2120 3 1224979098644774927 1224979098644774914 2 2120 3 1224979098644774928 1224979098644774919 2 1 6 936748722493064065 1224979098644774925 5 1224979098644774927 1224979098644774928 4294967210 500 3 360287970189640905 83 72057594037927937 3 0 1 6 936748722493064059 216172782113788088 1224979098644774912 1224979098644774921 241 3 921 2 72057594037927937 4294967295 2319 1 21 1 6 936748722493064059 216172782113788084 1224979098644774912 1224979098644774922 19 3 921 2 72057594037927937 4294967295 2133 2 1224979098644774929 595 2120 3 1224979098644774930 1224979098644774929 30 2120 3 1224979098644774931 1224979098644774930 220 2133 2 1224979098644774932 11 2121 3 1224979098644774933 1224979098644774916 0 2121 3 1224979098644774934 1224979098644774917 1224979098644774932 2121 3 1224979098644774935 1224979098644774918 1224979098644774932 2121 3 1224979098644774936 1224979098644774919 1224979098644774932 2121 3 1224979098644774937 1224979098644774920 1224979098644774932 2121 3 1224979098644774938 1224979098644774921 1224979098644774932 2319 1 21 1 6 936748722493064059 216172782113788085 1224979098644774929 1224979098644774933 16 1 921 2 72057594037927937 4294967295 1 6 936748722493064059 216172782113788084 1224979098644774929 1224979098644774934 1 1 1 6 936748722493064059 216172782113788084 1224979098644774929 1224979098644774935 2 1 1 6 936748722493064059 216172782113788084 1224979098644774929 1224979098644774936 3 1 1 6 936748722493064059 216172782113788084 1224979098644774929 1224979098644774937 4 1 1 6 936748722493064059 216172782113788084 1224979098644774929 1224979098644774938 5 1 1 6 936748722493064059 216172782113788086 1224979098644774930 1224979098644774933 17 3 921 2 72057594037927937 4294967295 1 6 936748722493064059 216172782113788084 1224979098644774930 1224979098644774934 6 3 1 6 936748722493064059 216172782113788084 1224979098644774930 1224979098644774935 7 3 1 6 936748722493064059 216172782113788084 1224979098644774930 1224979098644774936 8 3 1 6 936748722493064059 216172782113788084 1224979098644774930 1224979098644774937 9 3 1 6 936748722493064059 216172782113788084 1224979098644774930 1224979098644774938 10 3 1 6 936748722493064059 216172782113788087 1224979098644774931 1224979098644774933 18 3 921 2 72057594037927937 4294967295 1 6 936748722493064059 216172782113788084 1224979098644774931 1224979098644774934 11 3 1 6 936748722493064059 216172782113788084 1224979098644774931 1224979098644774935 12 3 1 6 936748722493064059 216172782113788084 1224979098644774931 1224979098644774936 13 3 1 6 936748722493064059 216172782113788084 1224979098644774931 1224979098644774937 14 3 1 6 936748722493064059 216172782113788084 1224979098644774931 1224979098644774938 15 3 4 0 31 2 0 1 3 0 2133 2 144115188075857232 1 3 0 902 1 999999 


prsnt_tpe_design_settings 0 53 2
-60.000000  348 2124 1 1000 2133 2 144115188075857288 360287970189640905 2133 2 144115188075857289 360287970189640910 1 1 936748722493064045 6 3 1224979098644774912 648518346341351448 648518346341351479 2121 3 1224979098644774913 1224979098644774912 648518346341351448 2120 3 1224979098644774914 720575940379279960 1224979098644774913 501 3 1224979098644774912 234 1224979098644774914 3 0 911 2 72057594037927937 1441151880758559304 729 2 1 0 730 2 1 0 926 2 72057594037927937 1 1 5 936748722493064058 216172782113788100 895 15 1 1 5 936748722493064058 216172782113788101 730 15 3 1 5 936748722493064058 216172782113788102 565 15 2 2133 2 1224979098644774915 30 2133 2 1224979098644774916 240 2133 2 1224979098644774917 465 2133 2 1224979098644774918 620 2133 2 1224979098644774919 735 2133 2 1224979098644774920 600 2133 2 1224979098644774921 560 2133 2 1224979098644774922 520 2133 2 1224979098644774923 480 2133 2 1224979098644774924 420 2133 2 1224979098644774925 380 2133 2 1224979098644774926 340 2133 2 1224979098644774927 300 2133 2 1224979098644774928 240 2133 2 1224979098644774929 180 2133 2 1224979098644774930 13 2121 3 1224979098644774931 1224979098644774924 1224979098644774930 2121 3 1224979098644774932 1224979098644774925 1224979098644774930 2121 3 1224979098644774933 1224979098644774921 1224979098644774930 2121 3 1224979098644774934 1224979098644774922 1224979098644774930 2121 3 1224979098644774935 1224979098644774926 1224979098644774930 2121 3 1224979098644774936 1224979098644774927 1224979098644774930 2121 3 1224979098644774937 1224979098644774923 1224979098644774930 2121 3 1224979098644774938 1224979098644774928 1224979098644774930 2121 3 1224979098644774939 1224979098644774929 1224979098644774930 2330 2 21 144115188075857287 2320 2 21 1585267068834416095 1 6 936748722493064059 216172782113788084 25 680 0 3 921 2 72057594037927937 4294967295 1 3 936748722493064062 0 150 1 2 936748722493064054 144115188075857287 2335 2 21 72057594037927936 1 6 936748722493064059 216172782113788084 1224979098644774915 650 0 4 1 6 936748722493064065 770 2 15 630 3289650 1 6 936748722493064065 2 650 785 75 3289650 1 6 936748722493064065 770 1 15 450 3289650 1 6 936748722493064065 770 1 15 270 3289650 1 6 936748722493064065 770 1 15 210 3289650 1 6 936748722493064059 216172782113788115 855 680 0 1 921 2 72057594037927937 4294967295 1 6 936748722493064059 216172782113788113 325 1224979098644774920 0 2 1 6 936748722493064059 216172782113788114 585 1224979098644774920 0 2 1 6 936748722493064059 216172782113788119 730 1224979098644774920 0 2 1 6 936748722493064059 216172782113788103 1224979098644774915 1224979098644774924 6 4 1 6 936748722493064059 216172782113788106 1224979098644774915 1224979098644774925 7 4 1 6 936748722493064059 216172782113788104 1224979098644774915 1224979098644774921 8 4 1 6 936748722493064059 216172782113788105 1224979098644774915 1224979098644774922 9 4 1 6 936748722493064059 216172782113788107 1224979098644774915 1224979098644774926 10 4 1 6 936748722493064059 216172782113788108 1224979098644774915 1224979098644774927 11 4 1 6 936748722493064059 216172782113788109 1224979098644774915 1224979098644774923 12 4 1 6 936748722493064059 216172782113788110 1224979098644774915 1224979098644774928 13 4 1 6 936748722493064059 216172782113788111 1224979098644774915 1224979098644774929 14 4 2133 2 1224979098644774940 70 1 3 936748722493064062 6 1224979098644774940 1 3 936748722493064062 7 1224979098644774940 1 3 936748722493064062 8 1224979098644774940 1 3 936748722493064062 9 1224979098644774940 1 3 936748722493064062 10 1224979098644774940 1 3 936748722493064062 11 1224979098644774940 1 3 936748722493064062 12 1224979098644774940 1 3 936748722493064062 13 1224979098644774940 1 3 936748722493064062 14 1224979098644774940 1 5 936748722493064042 1224979098644774916 1224979098644774931 15 1 1 5 936748722493064042 1224979098644774916 1224979098644774932 16 2 1 5 936748722493064042 1224979098644774916 1224979098644774933 17 3 1 5 936748722493064042 1224979098644774916 1224979098644774934 18 4 1 5 936748722493064042 1224979098644774916 1224979098644774935 19 5 1 5 936748722493064042 1224979098644774916 1224979098644774936 20 6 1 5 936748722493064042 1224979098644774916 1224979098644774937 21 7 1 5 936748722493064042 1224979098644774916 1224979098644774938 22 8 2133 2 1224979098644774940 70 1 3 936748722493064062 15 1224979098644774940 1 3 936748722493064062 16 1224979098644774940 1 3 936748722493064062 17 1224979098644774940 1 3 936748722493064062 18 1224979098644774940 1 3 936748722493064062 19 1224979098644774940 1 3 936748722493064062 20 1224979098644774940 1 3 936748722493064062 21 1224979098644774940 1 3 936748722493064062 22 1224979098644774940 729 2 1 360 730 2 1 1224979098644774939 916 1 72057594037927937 500 3 360287970189640905 23 72057594037927937 926 2 72057594037927937 1 931 2 72057594037927937 1585267068834416096 4 0 31 2 0 1 931 2 72057594037927937 1585267068834416097 3 0 521 3 1224979098644774941 144115188075857287 235 927 2 72057594037927937 1224979098644774941 1 3 936748722493064062 23 70 2121 3 1224979098644774942 144115188075857287 648518346341351448 2122 3 1224979098644774943 1224979098644774942 10 2120 3 1224979098644774944 1224979098644774943 1 520 3 72057594037927957 360287970189640910 1224979098644774944 1 6 936748722493064059 216172782113788117 1224979098644774917 1224979098644774924 24 6 2120 3 1224979098644774944 1224979098644774943 2 520 3 72057594037927957 360287970189640910 1224979098644774944 1 6 936748722493064059 216172782113788117 1224979098644774917 1224979098644774925 25 6 2120 3 1224979098644774944 1224979098644774943 3 520 3 72057594037927957 360287970189640910 1224979098644774944 1 6 936748722493064059 216172782113788117 1224979098644774917 1224979098644774921 26 6 2120 3 1224979098644774944 1224979098644774943 4 520 3 72057594037927957 360287970189640910 1224979098644774944 1 6 936748722493064059 216172782113788117 1224979098644774917 1224979098644774922 27 6 2120 3 1224979098644774944 1224979098644774943 5 520 3 72057594037927957 360287970189640910 1224979098644774944 1 6 936748722493064059 216172782113788117 1224979098644774917 1224979098644774926 28 6 2120 3 1224979098644774944 1224979098644774943 6 520 3 72057594037927957 360287970189640910 1224979098644774944 1 6 936748722493064059 216172782113788117 1224979098644774917 1224979098644774927 29 6 2120 3 1224979098644774944 1224979098644774943 7 520 3 72057594037927957 360287970189640910 1224979098644774944 1 6 936748722493064059 216172782113788117 1224979098644774917 1224979098644774923 30 6 2120 3 1224979098644774944 1224979098644774943 8 520 3 72057594037927957 360287970189640910 1224979098644774944 2133 2 1224979098644774945 72057594037927957 1 6 936748722493064059 216172782113788117 1224979098644774917 1224979098644774928 31 6 4 0 540 3 360287970189639680 357 1 33 3 1224979098644774945 1 50 500 3 360287970189640910 1224979098644774944 50 2133 2 72057594037927957 50 2320 2 21 1585267068834415657 520 3 1224979098644774946 360287970189640905 31 920 2 1224979098644774946 21 520 3 1224979098644774947 360287970189640905 22 927 2 1224979098644774947 72057594037927957 3 0 2133 2 1224979098644774940 70 1 3 936748722493064062 24 1224979098644774940 1 3 936748722493064062 25 1224979098644774940 1 3 936748722493064062 26 1224979098644774940 1 3 936748722493064062 27 1224979098644774940 1 3 936748722493064062 28 1224979098644774940 1 3 936748722493064062 29 1224979098644774940 1 3 936748722493064062 30 1224979098644774940 1 3 936748722493064062 31 1224979098644774940 729 2 1 1224979098644774918 730 2 1 1224979098644774931 916 1 72057594037927937 500 3 360287970189640905 33 72057594037927937 926 2 72057594037927937 1 6 3 1224979098644774948 10 20 520 3 1224979098644774949 360287970189640912 1224979098644774948 30 2 1224979098644774949 1 2325 2 1 1224979098644774949 931 2 72057594037927937 1585267068834415628 30 2 0 2 1106 1 1585267068834416098 3 0 2120 3 1224979098644774950 1224979098644774943 1 520 3 1224979098644774941 360287970189640913 1224979098644774950 927 2 72057594037927937 1224979098644774941 1 3 936748722493064062 33 70 729 2 1 1224979098644774918 730 2 1 1224979098644774932 916 1 72057594037927937 500 3 360287970189640905 34 72057594037927937 926 2 72057594037927937 1 6 3 1224979098644774948 20 30 520 3 1224979098644774949 360287970189640912 1224979098644774948 30 2 1224979098644774949 1 2325 2 1 1224979098644774949 931 2 72057594037927937 1585267068834415628 30 2 0 2 1106 1 1585267068834416098 3 0 2120 3 1224979098644774950 1224979098644774943 2 520 3 1224979098644774941 360287970189640913 1224979098644774950 927 2 72057594037927937 1224979098644774941 1 3 936748722493064062 34 70 729 2 1 1224979098644774918 730 2 1 1224979098644774933 916 1 72057594037927937 500 3 360287970189640905 35 72057594037927937 926 2 72057594037927937 1 6 3 1224979098644774948 30 40 520 3 1224979098644774949 360287970189640912 1224979098644774948 30 2 1224979098644774949 1 2325 2 1 1224979098644774949 931 2 72057594037927937 1585267068834415628 30 2 0 2 1106 1 1585267068834416098 3 0 2120 3 1224979098644774950 1224979098644774943 3 520 3 1224979098644774941 360287970189640913 1224979098644774950 927 2 72057594037927937 1224979098644774941 1 3 936748722493064062 35 70 729 2 1 1224979098644774918 730 2 1 1224979098644774934 916 1 72057594037927937 500 3 360287970189640905 36 72057594037927937 926 2 72057594037927937 1 6 3 1224979098644774948 40 50 520 3 1224979098644774949 360287970189640912 1224979098644774948 30 2 1224979098644774949 1 2325 2 1 1224979098644774949 931 2 72057594037927937 1585267068834415628 30 2 0 2 1106 1 1585267068834416098 3 0 2120 3 1224979098644774950 1224979098644774943 4 520 3 1224979098644774941 360287970189640913 1224979098644774950 927 2 72057594037927937 1224979098644774941 1 3 936748722493064062 36 70 729 2 1 1224979098644774918 730 2 1 1224979098644774935 916 1 72057594037927937 500 3 360287970189640905 37 72057594037927937 926 2 72057594037927937 1 6 3 1224979098644774948 50 60 520 3 1224979098644774949 360287970189640912 1224979098644774948 30 2 1224979098644774949 1 2325 2 1 1224979098644774949 931 2 72057594037927937 1585267068834415628 30 2 0 2 1106 1 1585267068834416098 3 0 2120 3 1224979098644774950 1224979098644774943 5 520 3 1224979098644774941 360287970189640913 1224979098644774950 927 2 72057594037927937 1224979098644774941 1 3 936748722493064062 37 70 729 2 1 1224979098644774918 730 2 1 1224979098644774936 916 1 72057594037927937 500 3 360287970189640905 38 72057594037927937 926 2 72057594037927937 1 6 3 1224979098644774948 60 70 520 3 1224979098644774949 360287970189640912 1224979098644774948 30 2 1224979098644774949 1 2325 2 1 1224979098644774949 931 2 72057594037927937 1585267068834415628 30 2 0 2 1106 1 1585267068834416098 3 0 2120 3 1224979098644774950 1224979098644774943 6 520 3 1224979098644774941 360287970189640913 1224979098644774950 927 2 72057594037927937 1224979098644774941 1 3 936748722493064062 38 70 729 2 1 1224979098644774918 730 2 1 1224979098644774937 916 1 72057594037927937 500 3 360287970189640905 39 72057594037927937 926 2 72057594037927937 1 6 3 1224979098644774948 70 80 520 3 1224979098644774949 360287970189640912 1224979098644774948 30 2 1224979098644774949 1 2325 2 1 1224979098644774949 931 2 72057594037927937 1585267068834415628 30 2 0 2 1106 1 1585267068834416098 3 0 2120 3 1224979098644774950 1224979098644774943 7 520 3 1224979098644774941 360287970189640913 1224979098644774950 927 2 72057594037927937 1224979098644774941 1 3 936748722493064062 39 70 729 2 1 1224979098644774918 730 2 1 1224979098644774938 916 1 72057594037927937 500 3 360287970189640905 40 72057594037927937 926 2 72057594037927937 1 6 3 1224979098644774948 80 90 520 3 1224979098644774949 360287970189640912 1224979098644774948 30 2 1224979098644774949 1 2325 2 1 1224979098644774949 931 2 72057594037927937 1585267068834415628 30 2 0 2 1106 1 1585267068834416098 3 0 2120 3 1224979098644774950 1224979098644774943 8 520 3 1224979098644774941 360287970189640913 1224979098644774950 927 2 72057594037927937 1224979098644774941 1 3 936748722493064062 40 70 729 2 1 1224979098644774918 730 2 1 1224979098644774939 916 1 72057594037927937 500 3 360287970189640905 41 72057594037927937 926 2 72057594037927937 1 6 3 1224979098644774948 90 100 520 3 1224979098644774949 360287970189640912 1224979098644774948 30 2 1224979098644774949 1 2325 2 1 1224979098644774949 931 2 72057594037927937 1585267068834415628 30 2 0 2 1106 1 1585267068834416098 3 0 2120 3 1224979098644774950 1224979098644774943 9 520 3 1224979098644774941 360287970189640913 1224979098644774950 927 2 72057594037927937 1224979098644774941 1 3 936748722493064062 41 70 2133 2 72057594037927957 0 1 6 936748722493064059 216172782113788117 1224979098644774919 1224979098644774924 42 2 1 3 936748722493064062 42 70 1 6 936748722493064059 216172782113788117 1224979098644774919 1224979098644774925 43 2 1 3 936748722493064062 43 70 1 6 936748722493064059 216172782113788117 1224979098644774919 1224979098644774921 44 2 1 3 936748722493064062 44 70 1 6 936748722493064059 216172782113788117 1224979098644774919 1224979098644774922 45 2 1 3 936748722493064062 45 70 1 6 936748722493064059 216172782113788117 1224979098644774919 1224979098644774926 46 2 1 3 936748722493064062 46 70 1 6 936748722493064059 216172782113788117 1224979098644774919 1224979098644774927 47 2 1 3 936748722493064062 47 70 1 6 936748722493064059 216172782113788117 1224979098644774919 1224979098644774923 48 2 1 3 936748722493064062 48 70 1 6 936748722493064059 216172782113788117 1224979098644774919 1224979098644774928 49 2 1 3 936748722493064062 49 70 1 1 936748722493064047 2121 3 1224979098644774951 648518346341351479 648518346341351448 2105 2 1224979098644774951 1 2122 3 1224979098644774952 1224979098644774951 35 2120 3 1224979098644774953 1224979098644774951 200 500 3 360287970189640905 198 200 500 3 360287970189640905 199 1224979098644774953 1 6 936748722493064066 750 75 200 585 51 6 3 1224979098644774954 648518346341351448 648518346341351479 2121 3 1224979098644774955 1224979098644774954 648518346341351448 2120 3 1224979098644774956 200 1224979098644774955 2330 2 21 1224979098644774954 1 5 936748722493064057 216172782113788084 50 1224979098644774952 0 500 3 360287970189640905 1224979098644774956 72057594037927937 2106 2 1224979098644774952 35 3 0 945 1 -1 4 0 30 2 0 1 1 5 936748722493064058 216172782113788118 400 15 52 3 0 1 6 936748722493064061 35 20 216172782113788120 53 54 902 1 999999 
-62.000000  102 2071 1 1224979098644774912 2072 1 1224979098644774913 4 0 540 3 360287970189640905 1 1224979098644774912 902 1 0 5 0 540 3 360287970189640905 3 1224979098644774912 4 0 540 3 360287970189640905 54 1 6 3 1224979098644774914 648518346341351448 648518346341351479 1 2 936748722493064048 1224979098644774914 3 0 5 0 1 2 936748722493064048 144115188075857287 3 0 900 1 1513209474796486701 5 0 540 3 360287970189640905 2 1224979098644774912 4 0 540 3 360287970189640905 54 1 6 3 1224979098644774914 648518346341351448 648518346341351479 1 2 936748722493064049 1224979098644774914 3 0 5 0 1 2 936748722493064049 144115188075857287 3 0 900 1 1513209474796486701 5 0 540 3 360287970189640905 53 1224979098644774912 500 3 360287970189640905 54 1224979098644774913 5 0 540 3 360287970189640905 15 1224979098644774912 1 4 936748722493064043 1224979098644774912 1 1224979098644774913 5 0 540 3 360287970189640905 16 1224979098644774912 1 4 936748722493064043 1224979098644774912 2 1224979098644774913 5 0 540 3 360287970189640905 17 1224979098644774912 1 4 936748722493064043 1224979098644774912 3 1224979098644774913 5 0 540 3 360287970189640905 18 1224979098644774912 1 4 936748722493064043 1224979098644774912 4 1224979098644774913 5 0 540 3 360287970189640905 19 1224979098644774912 1 4 936748722493064043 1224979098644774912 5 1224979098644774913 5 0 540 3 360287970189640905 20 1224979098644774912 1 4 936748722493064043 1224979098644774912 6 1224979098644774913 5 0 540 3 360287970189640905 21 1224979098644774912 1 4 936748722493064043 1224979098644774912 7 1224979098644774913 5 0 540 3 360287970189640905 22 1224979098644774912 1 4 936748722493064043 1224979098644774912 8 1224979098644774913 5 0 540 3 360287970189640905 23 1224979098644774912 501 3 144115188075857287 235 1224979098644774913 30 2 0 1 2133 2 72057594037927937 1224979098644774913 1106 1 1585267068834416099 5 0 540 3 360287970189640905 33 1224979098644774912 1 4 936748722493064044 1 10 1224979098644774913 5 0 540 3 360287970189640905 34 1224979098644774912 1 4 936748722493064044 2 20 1224979098644774913 5 0 540 3 360287970189640905 35 1224979098644774912 1 4 936748722493064044 3 30 1224979098644774913 5 0 540 3 360287970189640905 36 1224979098644774912 1 4 936748722493064044 4 40 1224979098644774913 5 0 540 3 360287970189640905 37 1224979098644774912 1 4 936748722493064044 5 50 1224979098644774913 5 0 540 3 360287970189640905 38 1224979098644774912 1 4 936748722493064044 6 60 1224979098644774913 5 0 540 3 360287970189640905 39 1224979098644774912 1 4 936748722493064044 7 70 1224979098644774913 5 0 540 3 360287970189640905 40 1224979098644774912 1 4 936748722493064044 8 80 1224979098644774913 5 0 540 3 360287970189640905 41 1224979098644774912 1 4 936748722493064044 9 90 1224979098644774913 5 0 520 3 1224979098644774915 360287970189640905 198 520 3 1224979098644774916 360287970189640905 199 2133 2 1224979098644774917 0 6 3 1224979098644774918 1224979098644774915 1224979098644774916 31 2 1224979098644774917 0 540 3 360287970189640905 1224979098644774918 1224979098644774912 2133 2 1224979098644774917 1224979098644774918 3 0 33 3 1224979098644774917 1224979098644774915 1224979098644774916 2121 3 1224979098644774919 1224979098644774917 1224979098644774915 2120 3 1224979098644774914 648518346341351448 1224979098644774919 2133 2 144115188075857287 1224979098644774914 900 1 1513209474796486701 3 0 


prsnt_tpe_credits 0 53 2
-60.000000  90 2124 1 1000 2133 2 144115188075857288 360287970189640905 2133 2 144115188075857289 360287970189640905 911 2 72057594037927937 1441151880758559304 729 2 1 0 730 2 1 0 926 2 72057594037927937 1 2133 2 1224979098644774912 20 2133 2 1224979098644774913 25 2121 3 1224979098644774914 1224979098644774912 5 1 5 936748722493064058 216172782113788128 895 15 1 4 0 2147484188 3 360287970189640905 24 0 1 5 936748722493064058 216172782113788129 730 15 2 3 0 1 6 936748722493064059 216172782113788130 15 680 0 3 921 2 72057594037927937 4294967295 1 3 936748722493064062 0 150 1 6 936748722493064059 216172782113788131 1224979098644774912 650 0 4 1 6 936748722493064065 970 2 15 630 3289650 1 6 936748722493064066 0 75 960 525 6 4 0 540 3 360287970189640905 24 0 2133 2 1224979098644774915 216172782113788133 2133 2 1224979098644774916 216172782113788141 5 0 540 3 360287970189640905 24 1 2133 2 1224979098644774915 216172782113788141 2133 2 1224979098644774916 216172782113788155 5 0 540 3 360287970189640905 24 2 2133 2 1224979098644774915 216172782113788155 2133 2 1224979098644774916 216172782113788163 5 0 540 3 360287970189640905 24 3 2133 2 1224979098644774915 216172782113788163 2133 2 1224979098644774916 216172782113788177 5 0 540 3 360287970189640905 24 4 2133 2 1224979098644774915 216172782113788177 2133 2 1224979098644774916 216172782113788218 5 0 540 3 360287970189640905 24 5 2133 2 1224979098644774915 216172782113788218 2133 2 1224979098644774916 216172782113788261 5 0 540 3 360287970189640905 24 6 2133 2 1224979098644774915 216172782113788261 2133 2 1224979098644774916 216172782113788273 5 0 540 3 360287970189640905 24 7 2133 2 1224979098644774915 216172782113788273 2133 2 1224979098644774916 216172782113788292 5 0 540 3 360287970189640905 24 8 2133 2 1224979098644774915 216172782113788292 2133 2 1224979098644774916 216172782113788338 3 0 2133 2 1224979098644774917 0 2121 3 1224979098644774918 1224979098644774916 1224979098644774915 2107 2 1224979098644774918 1224979098644774913 2105 2 1224979098644774918 1224979098644774913 2133 2 1224979098644774919 1224979098644774918 1 6 936748722493064059 216172782113788142 1224979098644774914 1224979098644774919 0 4 520 3 1224979098644774920 360287970189640905 24 2105 2 1224979098644774920 216172782113788132 1 6 936748722493064059 1224979098644774920 1224979098644774914 1224979098644774919 0 3 921 2 72057594037927937 4294967295 2106 2 1224979098644774919 1224979098644774913 6 3 1224979098644774921 1224979098644774915 1224979098644774916 2120 3 1224979098644774922 7 1224979098644774917 2105 2 1224979098644774917 1 4 0 540 3 360287970189640905 24 0 2133 2 72057594037927941 1224979098644774917 2121 3 1224979098644774923 1224979098644774919 13 2120 3 1224979098644774924 1224979098644774912 0 1 5 936748722493064057 1224979098644774921 1224979098644774924 1224979098644774923 1224979098644774922 729 2 1 1250 730 2 1 1000 925 2 72057594037927937 1 5 0 1 6 936748722493064059 1224979098644774921 1224979098644774912 1224979098644774919 0 4 3 0 2106 2 1224979098644774919 1224979098644774913 3 0 2120 3 1224979098644774922 7 1224979098644774917 500 3 360287970189640905 15 1224979098644774922 945 1 -1 902 1 999999 
-62.000000  22 2071 1 1224979098644774912 4 0 540 3 360287970189640905 1 1224979098644774912 902 1 0 5 0 540 3 360287970189640905 2 1224979098644774912 2147484188 3 360287970189640905 24 0 500 3 360287970189640905 24 0 900 1 1513209474796486702 5 0 540 3 360287970189640905 24 0 2133 2 1224979098644774913 0 6 3 1224979098644774914 7 15 540 3 360287970189640905 1224979098644774914 1224979098644774912 2133 2 1224979098644774913 1224979098644774914 3 0 30 2 1224979098644774913 1 2121 3 1224979098644774915 1224979098644774913 7 2105 2 1224979098644774915 1 500 3 360287970189640905 24 1224979098644774915 900 1 1513209474796486702 3 0 


